device_name,site_name,date,predicted_pm25_ug_m3,aqi_category
ag_588c8125eca4,Kyebando,2026-08-01 00:00:00+00:00,48.62371006448413,Unhealthy for Sensitive Groups
ag_588c8125eca4,Kyebando,2026-08-02 00:00:00+00:00,48.88549401868386,Unhealthy for Sensitive Groups
ag_588c8125eca4,Kyebando,2026-08-03 00:00:00+00:00,48.899220678210675,Unhealthy for Sensitive Groups
ag_588c8125eca4,Kyebando,2026-08-04 00:00:00+00:00,48.818624422423646,Unhealthy for Sensitive Groups
ag_588c8125eca4,Kyebando,2026-08-05 00:00:00+00:00,48.57300606594216,Unhealthy for Sensitive Groups
ag_588c8125eca4,Kyebando,2026-08-06 00:00:00+00:00,48.17638907520142,Unhealthy for Sensitive Groups
ag_588c8125eca4,Kyebando,2026-08-07 00:00:00+00:00,48.35704057953043,Unhealthy for Sensitive Groups
ag_588c8125eca4,Kyebando,2026-08-08 00:00:00+00:00,48.62371006448413,Unhealthy for Sensitive Groups
ag_588c8125eca4,Kyebando,2026-08-09 00:00:00+00:00,48.88549401868386,Unhealthy for Sensitive Groups
ag_588c8125eca4,Kyebando,2026-08-10 00:00:00+00:00,48.899220678210675,Unhealthy for Sensitive Groups
ag_588c8125eca4,Kyebando,2026-08-11 00:00:00+00:00,48.818624422423646,Unhealthy for Sensitive Groups
ag_588c8125eca4,Kyebando,2026-08-12 00:00:00+00:00,48.57300606594216,Unhealthy for Sensitive Groups
ag_588c8125eca4,Kyebando,2026-08-13 00:00:00+00:00,48.17638907520142,Unhealthy for Sensitive Groups
ag_588c8125eca4,Kyebando,2026-08-14 00:00:00+00:00,48.35704057953043,Unhealthy for Sensitive Groups
ag_588c8125ef30,Sir Apollo Kagwa Road,2026-08-01 00:00:00+00:00,63.6115956084656,Unhealthy
ag_588c8125ef30,Sir Apollo Kagwa Road,2026-08-02 00:00:00+00:00,63.820863815310844,Unhealthy
ag_588c8125ef30,Sir Apollo Kagwa Road,2026-08-03 00:00:00+00:00,63.72508845696549,Unhealthy
ag_588c8125ef30,Sir Apollo Kagwa Road,2026-08-04 00:00:00+00:00,63.427042077997235,Unhealthy
ag_588c8125ef30,Sir Apollo Kagwa Road,2026-08-05 00:00:00+00:00,63.24311468081108,Unhealthy
ag_588c8125ef30,Sir Apollo Kagwa Road,2026-08-06 00:00:00+00:00,62.78430018511003,Unhealthy
ag_588c8125ef30,Sir Apollo Kagwa Road,2026-08-07 00:00:00+00:00,63.23181204943783,Unhealthy
ag_588c8125ef30,Sir Apollo Kagwa Road,2026-08-08 00:00:00+00:00,63.6115956084656,Unhealthy
ag_588c8125ef30,Sir Apollo Kagwa Road,2026-08-09 00:00:00+00:00,63.820863815310844,Unhealthy
ag_588c8125ef30,Sir Apollo Kagwa Road,2026-08-10 00:00:00+00:00,63.72508845696549,Unhealthy
ag_588c8125ef30,Sir Apollo Kagwa Road,2026-08-11 00:00:00+00:00,63.427042077997235,Unhealthy
ag_588c8125ef30,Sir Apollo Kagwa Road,2026-08-12 00:00:00+00:00,63.24311468081108,Unhealthy
ag_588c8125ef30,Sir Apollo Kagwa Road,2026-08-13 00:00:00+00:00,62.78430018511003,Unhealthy
ag_588c8125ef30,Sir Apollo Kagwa Road,2026-08-14 00:00:00+00:00,63.23181204943783,Unhealthy
ag_588c81266ad0,Mpelerwe Trading Center,2026-08-01 00:00:00+00:00,49.724494672619045,Unhealthy for Sensitive Groups
ag_588c81266ad0,Mpelerwe Trading Center,2026-08-02 00:00:00+00:00,50.03644825231481,Unhealthy for Sensitive Groups
ag_588c81266ad0,Mpelerwe Trading Center,2026-08-03 00:00:00+00:00,50.1601450256283,Unhealthy for Sensitive Groups
ag_588c81266ad0,Mpelerwe Trading Center,2026-08-04 00:00:00+00:00,50.010667246197094,Unhealthy for Sensitive Groups
ag_588c81266ad0,Mpelerwe Trading Center,2026-08-05 00:00:00+00:00,49.723371262400796,Unhealthy for Sensitive Groups
ag_588c81266ad0,Mpelerwe Trading Center,2026-08-06 00:00:00+00:00,49.50445893766534,Unhealthy for Sensitive Groups
ag_588c81266ad0,Mpelerwe Trading Center,2026-08-07 00:00:00+00:00,49.464226079695756,Unhealthy for Sensitive Groups
ag_588c81266ad0,Mpelerwe Trading Center,2026-08-08 00:00:00+00:00,49.724494672619045,Unhealthy for Sensitive Groups
ag_588c81266ad0,Mpelerwe Trading Center,2026-08-09 00:00:00+00:00,50.03644825231481,Unhealthy for Sensitive Groups
ag_588c81266ad0,Mpelerwe Trading Center,2026-08-10 00:00:00+00:00,50.1601450256283,Unhealthy for Sensitive Groups
ag_588c81266ad0,Mpelerwe Trading Center,2026-08-11 00:00:00+00:00,50.010667246197094,Unhealthy for Sensitive Groups
ag_588c81266ad0,Mpelerwe Trading Center,2026-08-12 00:00:00+00:00,49.723371262400796,Unhealthy for Sensitive Groups
ag_588c81266ad0,Mpelerwe Trading Center,2026-08-13 00:00:00+00:00,49.50445893766534,Unhealthy for Sensitive Groups
ag_588c81266ad0,Mpelerwe Trading Center,2026-08-14 00:00:00+00:00,49.464226079695756,Unhealthy for Sensitive Groups
ag_588c81266dc8,"Nansana east ward, Wakiso",2026-08-01 00:00:00+00:00,111.7186005080568,Unhealthy
ag_588c81266dc8,"Nansana east ward, Wakiso",2026-08-02 00:00:00+00:00,113.27215639760705,Unhealthy
ag_588c81266dc8,"Nansana east ward, Wakiso",2026-08-03 00:00:00+00:00,113.40952776582795,Unhealthy
ag_588c81266dc8,"Nansana east ward, Wakiso",2026-08-04 00:00:00+00:00,113.30052540591934,Unhealthy
ag_588c81266dc8,"Nansana east ward, Wakiso",2026-08-05 00:00:00+00:00,111.76140948412701,Unhealthy
ag_588c81266dc8,"Nansana east ward, Wakiso",2026-08-06 00:00:00+00:00,110.82867378930679,Unhealthy
ag_588c81266dc8,"Nansana east ward, Wakiso",2026-08-07 00:00:00+00:00,110.71679588338748,Unhealthy
ag_588c81266dc8,"Nansana east ward, Wakiso",2026-08-08 00:00:00+00:00,111.7186005080568,Unhealthy
ag_588c81266dc8,"Nansana east ward, Wakiso",2026-08-09 00:00:00+00:00,113.27215639760705,Unhealthy
ag_588c81266dc8,"Nansana east ward, Wakiso",2026-08-10 00:00:00+00:00,113.40952776582795,Unhealthy
ag_588c81266dc8,"Nansana east ward, Wakiso",2026-08-11 00:00:00+00:00,113.30052540591934,Unhealthy
ag_588c81266dc8,"Nansana east ward, Wakiso",2026-08-12 00:00:00+00:00,111.76140948412701,Unhealthy
ag_588c81266dc8,"Nansana east ward, Wakiso",2026-08-13 00:00:00+00:00,110.82867378930679,Unhealthy
ag_588c81266dc8,"Nansana east ward, Wakiso",2026-08-14 00:00:00+00:00,110.71679588338748,Unhealthy
ag_588c81267534,Salama Road,2026-08-01 00:00:00+00:00,65.90500173468314,Unhealthy
ag_588c81267534,Salama Road,2026-08-02 00:00:00+00:00,66.00003626593315,Unhealthy
ag_588c81267534,Salama Road,2026-08-03 00:00:00+00:00,66.02016905445828,Unhealthy
ag_588c81267534,Salama Road,2026-08-04 00:00:00+00:00,65.86259491240241,Unhealthy
ag_588c81267534,Salama Road,2026-08-05 00:00:00+00:00,65.7828752918667,Unhealthy
ag_588c81267534,Salama Road,2026-08-06 00:00:00+00:00,65.80454370621855,Unhealthy
ag_588c81267534,Salama Road,2026-08-07 00:00:00+00:00,65.85607538795695,Unhealthy
ag_588c81267534,Salama Road,2026-08-08 00:00:00+00:00,65.90500173468314,Unhealthy
ag_588c81267534,Salama Road,2026-08-09 00:00:00+00:00,66.00003626593315,Unhealthy
ag_588c81267534,Salama Road,2026-08-10 00:00:00+00:00,66.02016905445828,Unhealthy
ag_588c81267534,Salama Road,2026-08-11 00:00:00+00:00,65.86259491240241,Unhealthy
ag_588c81267534,Salama Road,2026-08-12 00:00:00+00:00,65.7828752918667,Unhealthy
ag_588c81267534,Salama Road,2026-08-13 00:00:00+00:00,65.80454370621855,Unhealthy
ag_588c81267534,Salama Road,2026-08-14 00:00:00+00:00,65.85607538795695,Unhealthy
ag_a085e3d92f54,Makerere University Weather Station,2026-08-01 00:00:00+00:00,32.94056013979077,Moderate
ag_a085e3d92f54,Makerere University Weather Station,2026-08-02 00:00:00+00:00,33.04048828215188,Moderate
ag_a085e3d92f54,Makerere University Weather Station,2026-08-03 00:00:00+00:00,33.16008283076299,Moderate
ag_a085e3d92f54,Makerere University Weather Station,2026-08-04 00:00:00+00:00,33.01338827719156,Moderate
ag_a085e3d92f54,Makerere University Weather Station,2026-08-05 00:00:00+00:00,32.92722026875902,Moderate
ag_a085e3d92f54,Makerere University Weather Station,2026-08-06 00:00:00+00:00,32.86387161548521,Moderate
ag_a085e3d92f54,Makerere University Weather Station,2026-08-07 00:00:00+00:00,32.817177458739174,Moderate
ag_a085e3d92f54,Makerere University Weather Station,2026-08-08 00:00:00+00:00,32.94056013979077,Moderate
ag_a085e3d92f54,Makerere University Weather Station,2026-08-09 00:00:00+00:00,33.04048828215188,Moderate
ag_a085e3d92f54,Makerere University Weather Station,2026-08-10 00:00:00+00:00,33.16008283076299,Moderate
ag_a085e3d92f54,Makerere University Weather Station,2026-08-11 00:00:00+00:00,33.01338827719156,Moderate
ag_a085e3d92f54,Makerere University Weather Station,2026-08-12 00:00:00+00:00,32.92722026875902,Moderate
ag_a085e3d92f54,Makerere University Weather Station,2026-08-13 00:00:00+00:00,32.86387161548521,Moderate
ag_a085e3d92f54,Makerere University Weather Station,2026-08-14 00:00:00+00:00,32.817177458739174,Moderate
airqo-g5168,Mbarara Central,2026-08-01 00:00:00+00:00,27.71411212962963,Moderate
airqo-g5168,Mbarara Central,2026-08-02 00:00:00+00:00,27.852653411871696,Moderate
airqo-g5168,Mbarara Central,2026-08-03 00:00:00+00:00,27.907136940310846,Moderate
airqo-g5168,Mbarara Central,2026-08-04 00:00:00+00:00,27.623220198713327,Moderate
airqo-g5168,Mbarara Central,2026-08-05 00:00:00+00:00,27.498981337106184,Moderate
airqo-g5168,Mbarara Central,2026-08-06 00:00:00+00:00,27.70149873181217,Moderate
airqo-g5168,Mbarara Central,2026-08-07 00:00:00+00:00,27.668713633432542,Moderate
airqo-g5168,Mbarara Central,2026-08-08 00:00:00+00:00,27.71411212962963,Moderate
airqo-g5168,Mbarara Central,2026-08-09 00:00:00+00:00,27.852653411871696,Moderate
airqo-g5168,Mbarara Central,2026-08-10 00:00:00+00:00,27.907136940310846,Moderate
airqo-g5168,Mbarara Central,2026-08-11 00:00:00+00:00,27.623220198713327,Moderate
airqo-g5168,Mbarara Central,2026-08-12 00:00:00+00:00,27.498981337106184,Moderate
airqo-g5168,Mbarara Central,2026-08-13 00:00:00+00:00,27.70149873181217,Moderate
airqo-g5168,Mbarara Central,2026-08-14 00:00:00+00:00,27.668713633432542,Moderate
airqo-g5181,Rakai Health Sciences Program Facility,2026-08-01 00:00:00+00:00,19.186615488516114,Moderate
airqo-g5181,Rakai Health Sciences Program Facility,2026-08-02 00:00:00+00:00,19.200778508522728,Moderate
airqo-g5181,Rakai Health Sciences Program Facility,2026-08-03 00:00:00+00:00,19.181525811237375,Moderate
airqo-g5181,Rakai Health Sciences Program Facility,2026-08-04 00:00:00+00:00,19.07540346590909,Moderate
airqo-g5181,Rakai Health Sciences Program Facility,2026-08-05 00:00:00+00:00,19.071868924738457,Moderate
airqo-g5181,Rakai Health Sciences Program Facility,2026-08-06 00:00:00+00:00,19.200217433261184,Moderate
airqo-g5181,Rakai Health Sciences Program Facility,2026-08-07 00:00:00+00:00,19.218866564078283,Moderate
airqo-g5181,Rakai Health Sciences Program Facility,2026-08-08 00:00:00+00:00,19.186615488516114,Moderate
airqo-g5181,Rakai Health Sciences Program Facility,2026-08-09 00:00:00+00:00,19.200778508522728,Moderate
airqo-g5181,Rakai Health Sciences Program Facility,2026-08-10 00:00:00+00:00,19.181525811237375,Moderate
airqo-g5181,Rakai Health Sciences Program Facility,2026-08-11 00:00:00+00:00,19.07540346590909,Moderate
airqo-g5181,Rakai Health Sciences Program Facility,2026-08-12 00:00:00+00:00,19.071868924738457,Moderate
airqo-g5181,Rakai Health Sciences Program Facility,2026-08-13 00:00:00+00:00,19.200217433261184,Moderate
airqo-g5181,Rakai Health Sciences Program Facility,2026-08-14 00:00:00+00:00,19.218866564078283,Moderate
airqo-g5184,"Mbarara University, Mbarara",2026-08-01 00:00:00+00:00,26.74757728505291,Moderate
airqo-g5184,"Mbarara University, Mbarara",2026-08-02 00:00:00+00:00,26.849643840112435,Moderate
airqo-g5184,"Mbarara University, Mbarara",2026-08-03 00:00:00+00:00,26.968061087962965,Moderate
airqo-g5184,"Mbarara University, Mbarara",2026-08-04 00:00:00+00:00,26.84887753554894,Moderate
airqo-g5184,"Mbarara University, Mbarara",2026-08-05 00:00:00+00:00,26.76235806630291,Moderate
airqo-g5184,"Mbarara University, Mbarara",2026-08-06 00:00:00+00:00,26.66992818617725,Moderate
airqo-g5184,"Mbarara University, Mbarara",2026-08-07 00:00:00+00:00,26.578719098875663,Moderate
airqo-g5184,"Mbarara University, Mbarara",2026-08-08 00:00:00+00:00,26.74757728505291,Moderate
airqo-g5184,"Mbarara University, Mbarara",2026-08-09 00:00:00+00:00,26.849643840112435,Moderate
airqo-g5184,"Mbarara University, Mbarara",2026-08-10 00:00:00+00:00,26.968061087962965,Moderate
airqo-g5184,"Mbarara University, Mbarara",2026-08-11 00:00:00+00:00,26.84887753554894,Moderate
airqo-g5184,"Mbarara University, Mbarara",2026-08-12 00:00:00+00:00,26.76235806630291,Moderate
airqo-g5184,"Mbarara University, Mbarara",2026-08-13 00:00:00+00:00,26.66992818617725,Moderate
airqo-g5184,"Mbarara University, Mbarara",2026-08-14 00:00:00+00:00,26.578719098875663,Moderate
airqo-g5186,Kawanda 2,2026-08-01 00:00:00+00:00,25.40343556089165,Moderate
airqo-g5186,Kawanda 2,2026-08-02 00:00:00+00:00,25.400766047002765,Moderate
airqo-g5186,Kawanda 2,2026-08-03 00:00:00+00:00,25.45428530588624,Moderate
airqo-g5186,Kawanda 2,2026-08-04 00:00:00+00:00,25.425115395998677,Moderate
airqo-g5186,Kawanda 2,2026-08-05 00:00:00+00:00,25.422072568617722,Moderate
airqo-g5186,Kawanda 2,2026-08-06 00:00:00+00:00,25.399715047123014,Moderate
airqo-g5186,Kawanda 2,2026-08-07 00:00:00+00:00,25.334038885957785,Moderate
airqo-g5186,Kawanda 2,2026-08-08 00:00:00+00:00,25.40343556089165,Moderate
airqo-g5186,Kawanda 2,2026-08-09 00:00:00+00:00,25.400766047002765,Moderate
airqo-g5186,Kawanda 2,2026-08-10 00:00:00+00:00,25.45428530588624,Moderate
airqo-g5186,Kawanda 2,2026-08-11 00:00:00+00:00,25.425115395998677,Moderate
airqo-g5186,Kawanda 2,2026-08-12 00:00:00+00:00,25.422072568617722,Moderate
airqo-g5186,Kawanda 2,2026-08-13 00:00:00+00:00,25.399715047123014,Moderate
airqo-g5186,Kawanda 2,2026-08-14 00:00:00+00:00,25.334038885957785,Moderate
airqo-g5187,Gulu Main Market,2026-08-01 00:00:00+00:00,24.193224746798347,Moderate
airqo-g5187,Gulu Main Market,2026-08-02 00:00:00+00:00,24.223391480429296,Moderate
airqo-g5187,Gulu Main Market,2026-08-03 00:00:00+00:00,24.24662631260522,Moderate
airqo-g5187,Gulu Main Market,2026-08-04 00:00:00+00:00,23.963595255230885,Moderate
airqo-g5187,Gulu Main Market,2026-08-05 00:00:00+00:00,23.9427091664412,Moderate
airqo-g5187,Gulu Main Market,2026-08-06 00:00:00+00:00,24.19515608029702,Moderate
airqo-g5187,Gulu Main Market,2026-08-07 00:00:00+00:00,24.19335559583935,Moderate
airqo-g5187,Gulu Main Market,2026-08-08 00:00:00+00:00,24.193224746798347,Moderate
airqo-g5187,Gulu Main Market,2026-08-09 00:00:00+00:00,24.223391480429296,Moderate
airqo-g5187,Gulu Main Market,2026-08-10 00:00:00+00:00,24.24662631260522,Moderate
airqo-g5187,Gulu Main Market,2026-08-11 00:00:00+00:00,23.963595255230885,Moderate
airqo-g5187,Gulu Main Market,2026-08-12 00:00:00+00:00,23.9427091664412,Moderate
airqo-g5187,Gulu Main Market,2026-08-13 00:00:00+00:00,24.19515608029702,Moderate
airqo-g5187,Gulu Main Market,2026-08-14 00:00:00+00:00,24.19335559583935,Moderate
airqo_g5204,kawempe moslem p/s,2026-08-01 00:00:00+00:00,39.69182161999459,Unhealthy for Sensitive Groups
airqo_g5204,kawempe moslem p/s,2026-08-02 00:00:00+00:00,39.799496271118926,Unhealthy for Sensitive Groups
airqo_g5204,kawempe moslem p/s,2026-08-03 00:00:00+00:00,39.8697983691829,Unhealthy for Sensitive Groups
airqo_g5204,kawempe moslem p/s,2026-08-04 00:00:00+00:00,39.645324209505766,Unhealthy for Sensitive Groups
airqo_g5204,kawempe moslem p/s,2026-08-05 00:00:00+00:00,39.54281388377826,Unhealthy for Sensitive Groups
airqo_g5204,kawempe moslem p/s,2026-08-06 00:00:00+00:00,39.454104623767435,Unhealthy for Sensitive Groups
airqo_g5204,kawempe moslem p/s,2026-08-07 00:00:00+00:00,39.4871526087512,Unhealthy for Sensitive Groups
airqo_g5204,kawempe moslem p/s,2026-08-08 00:00:00+00:00,39.69182161999459,Unhealthy for Sensitive Groups
airqo_g5204,kawempe moslem p/s,2026-08-09 00:00:00+00:00,39.799496271118926,Unhealthy for Sensitive Groups
airqo_g5204,kawempe moslem p/s,2026-08-10 00:00:00+00:00,39.8697983691829,Unhealthy for Sensitive Groups
airqo_g5204,kawempe moslem p/s,2026-08-11 00:00:00+00:00,39.645324209505766,Unhealthy for Sensitive Groups
airqo_g5204,kawempe moslem p/s,2026-08-12 00:00:00+00:00,39.54281388377826,Unhealthy for Sensitive Groups
airqo_g5204,kawempe moslem p/s,2026-08-13 00:00:00+00:00,39.454104623767435,Unhealthy for Sensitive Groups
airqo_g5204,kawempe moslem p/s,2026-08-14 00:00:00+00:00,39.4871526087512,Unhealthy for Sensitive Groups
airqo_g5206,"Civic Centre, Kampala Central",2026-08-01 00:00:00+00:00,17.96755810064935,Moderate
airqo_g5206,"Civic Centre, Kampala Central",2026-08-02 00:00:00+00:00,17.94103647614538,Moderate
airqo_g5206,"Civic Centre, Kampala Central",2026-08-03 00:00:00+00:00,17.92077015008718,Moderate
airqo_g5206,"Civic Centre, Kampala Central",2026-08-04 00:00:00+00:00,17.911036249473906,Moderate
airqo_g5206,"Civic Centre, Kampala Central",2026-08-05 00:00:00+00:00,17.945355537668352,Moderate
airqo_g5206,"Civic Centre, Kampala Central",2026-08-06 00:00:00+00:00,18.028484061522967,Moderate
airqo_g5206,"Civic Centre, Kampala Central",2026-08-07 00:00:00+00:00,18.015028874834652,Moderate
airqo_g5206,"Civic Centre, Kampala Central",2026-08-08 00:00:00+00:00,17.96755810064935,Moderate
airqo_g5206,"Civic Centre, Kampala Central",2026-08-09 00:00:00+00:00,17.94103647614538,Moderate
airqo_g5206,"Civic Centre, Kampala Central",2026-08-10 00:00:00+00:00,17.92077015008718,Moderate
airqo_g5206,"Civic Centre, Kampala Central",2026-08-11 00:00:00+00:00,17.911036249473906,Moderate
airqo_g5206,"Civic Centre, Kampala Central",2026-08-12 00:00:00+00:00,17.945355537668352,Moderate
airqo_g5206,"Civic Centre, Kampala Central",2026-08-13 00:00:00+00:00,18.028484061522967,Moderate
airqo_g5206,"Civic Centre, Kampala Central",2026-08-14 00:00:00+00:00,18.015028874834652,Moderate
airqo_g5247,"Nsasa, Kira Municipality",2026-08-01 00:00:00+00:00,19.63561273148148,Moderate
airqo_g5247,"Nsasa, Kira Municipality",2026-08-02 00:00:00+00:00,19.634388754960316,Moderate
airqo_g5247,"Nsasa, Kira Municipality",2026-08-03 00:00:00+00:00,19.68641020863396,Moderate
airqo_g5247,"Nsasa, Kira Municipality",2026-08-04 00:00:00+00:00,19.691827593719935,Moderate
airqo_g5247,"Nsasa, Kira Municipality",2026-08-05 00:00:00+00:00,19.696574561312527,Moderate
airqo_g5247,"Nsasa, Kira Municipality",2026-08-06 00:00:00+00:00,19.72053762761544,Moderate
airqo_g5247,"Nsasa, Kira Municipality",2026-08-07 00:00:00+00:00,19.61105380952381,Moderate
airqo_g5247,"Nsasa, Kira Municipality",2026-08-08 00:00:00+00:00,19.63561273148148,Moderate
airqo_g5247,"Nsasa, Kira Municipality",2026-08-09 00:00:00+00:00,19.634388754960316,Moderate
airqo_g5247,"Nsasa, Kira Municipality",2026-08-10 00:00:00+00:00,19.68641020863396,Moderate
airqo_g5247,"Nsasa, Kira Municipality",2026-08-11 00:00:00+00:00,19.691827593719935,Moderate
airqo_g5247,"Nsasa, Kira Municipality",2026-08-12 00:00:00+00:00,19.696574561312527,Moderate
airqo_g5247,"Nsasa, Kira Municipality",2026-08-13 00:00:00+00:00,19.72053762761544,Moderate
airqo_g5247,"Nsasa, Kira Municipality",2026-08-14 00:00:00+00:00,19.61105380952381,Moderate
airqo_g5271,"Embassy of France, Lumumba avenue",2026-08-01 00:00:00+00:00,20.549713198427728,Moderate
airqo_g5271,"Embassy of France, Lumumba avenue",2026-08-02 00:00:00+00:00,20.580368430059522,Moderate
airqo_g5271,"Embassy of France, Lumumba avenue",2026-08-03 00:00:00+00:00,20.78767881944444,Moderate
airqo_g5271,"Embassy of France, Lumumba avenue",2026-08-04 00:00:00+00:00,20.76027489748677,Moderate
airqo_g5271,"Embassy of France, Lumumba avenue",2026-08-05 00:00:00+00:00,20.7297753975018,Moderate
airqo_g5271,"Embassy of France, Lumumba avenue",2026-08-06 00:00:00+00:00,20.7725711787518,Moderate
airqo_g5271,"Embassy of France, Lumumba avenue",2026-08-07 00:00:00+00:00,20.530451883943602,Moderate
airqo_g5271,"Embassy of France, Lumumba avenue",2026-08-08 00:00:00+00:00,20.549713198427728,Moderate
airqo_g5271,"Embassy of France, Lumumba avenue",2026-08-09 00:00:00+00:00,20.580368430059522,Moderate
airqo_g5271,"Embassy of France, Lumumba avenue",2026-08-10 00:00:00+00:00,20.78767881944444,Moderate
airqo_g5271,"Embassy of France, Lumumba avenue",2026-08-11 00:00:00+00:00,20.76027489748677,Moderate
airqo_g5271,"Embassy of France, Lumumba avenue",2026-08-12 00:00:00+00:00,20.7297753975018,Moderate
airqo_g5271,"Embassy of France, Lumumba avenue",2026-08-13 00:00:00+00:00,20.7725711787518,Moderate
airqo_g5271,"Embassy of France, Lumumba avenue",2026-08-14 00:00:00+00:00,20.530451883943602,Moderate
airqo_g5279,"Bugolobi, Nakawa",2026-08-01 00:00:00+00:00,17.82235880456349,Moderate
airqo_g5279,"Bugolobi, Nakawa",2026-08-02 00:00:00+00:00,17.834671436838622,Moderate
airqo_g5279,"Bugolobi, Nakawa",2026-08-03 00:00:00+00:00,17.909121539351847,Moderate
airqo_g5279,"Bugolobi, Nakawa",2026-08-04 00:00:00+00:00,17.873408330853174,Moderate
airqo_g5279,"Bugolobi, Nakawa",2026-08-05 00:00:00+00:00,17.857439613095238,Moderate
airqo_g5279,"Bugolobi, Nakawa",2026-08-06 00:00:00+00:00,17.851500262070104,Moderate
airqo_g5279,"Bugolobi, Nakawa",2026-08-07 00:00:00+00:00,17.770852442956347,Moderate
airqo_g5279,"Bugolobi, Nakawa",2026-08-08 00:00:00+00:00,17.82235880456349,Moderate
airqo_g5279,"Bugolobi, Nakawa",2026-08-09 00:00:00+00:00,17.834671436838622,Moderate
airqo_g5279,"Bugolobi, Nakawa",2026-08-10 00:00:00+00:00,17.909121539351847,Moderate
airqo_g5279,"Bugolobi, Nakawa",2026-08-11 00:00:00+00:00,17.873408330853174,Moderate
airqo_g5279,"Bugolobi, Nakawa",2026-08-12 00:00:00+00:00,17.857439613095238,Moderate
airqo_g5279,"Bugolobi, Nakawa",2026-08-13 00:00:00+00:00,17.851500262070104,Moderate
airqo_g5279,"Bugolobi, Nakawa",2026-08-14 00:00:00+00:00,17.770852442956347,Moderate
airqo_g5281,Kisenyi Health Centre 4 (KCCA),2026-08-01 00:00:00+00:00,35.048667156084655,Moderate
airqo_g5281,Kisenyi Health Centre 4 (KCCA),2026-08-02 00:00:00+00:00,35.17214296709656,Moderate
airqo_g5281,Kisenyi Health Centre 4 (KCCA),2026-08-03 00:00:00+00:00,35.170627395833336,Moderate
airqo_g5281,Kisenyi Health Centre 4 (KCCA),2026-08-04 00:00:00+00:00,35.04896905340609,Moderate
airqo_g5281,Kisenyi Health Centre 4 (KCCA),2026-08-05 00:00:00+00:00,34.90587352362915,Moderate
airqo_g5281,Kisenyi Health Centre 4 (KCCA),2026-08-06 00:00:00+00:00,34.568829471876505,Moderate
airqo_g5281,Kisenyi Health Centre 4 (KCCA),2026-08-07 00:00:00+00:00,34.75393348747895,Moderate
airqo_g5281,Kisenyi Health Centre 4 (KCCA),2026-08-08 00:00:00+00:00,35.048667156084655,Moderate
airqo_g5281,Kisenyi Health Centre 4 (KCCA),2026-08-09 00:00:00+00:00,35.17214296709656,Moderate
airqo_g5281,Kisenyi Health Centre 4 (KCCA),2026-08-10 00:00:00+00:00,35.170627395833336,Moderate
airqo_g5281,Kisenyi Health Centre 4 (KCCA),2026-08-11 00:00:00+00:00,35.04896905340609,Moderate
airqo_g5281,Kisenyi Health Centre 4 (KCCA),2026-08-12 00:00:00+00:00,34.90587352362915,Moderate
airqo_g5281,Kisenyi Health Centre 4 (KCCA),2026-08-13 00:00:00+00:00,34.568829471876505,Moderate
airqo_g5281,Kisenyi Health Centre 4 (KCCA),2026-08-14 00:00:00+00:00,34.75393348747895,Moderate
airqo_g5282,"Lorry Park, Fort Portal",2026-08-01 00:00:00+00:00,21.929142869393335,Moderate
airqo_g5282,"Lorry Park, Fort Portal",2026-08-02 00:00:00+00:00,21.959568869724023,Moderate
airqo_g5282,"Lorry Park, Fort Portal",2026-08-03 00:00:00+00:00,21.99547440957191,Moderate
airqo_g5282,"Lorry Park, Fort Portal",2026-08-04 00:00:00+00:00,21.943873663645377,Moderate
airqo_g5282,"Lorry Park, Fort Portal",2026-08-05 00:00:00+00:00,21.914127618671838,Moderate
airqo_g5282,"Lorry Park, Fort Portal",2026-08-06 00:00:00+00:00,21.850704388452982,Moderate
airqo_g5282,"Lorry Park, Fort Portal",2026-08-07 00:00:00+00:00,21.820952547348483,Moderate
airqo_g5282,"Lorry Park, Fort Portal",2026-08-08 00:00:00+00:00,21.929142869393335,Moderate
airqo_g5282,"Lorry Park, Fort Portal",2026-08-09 00:00:00+00:00,21.959568869724023,Moderate
airqo_g5282,"Lorry Park, Fort Portal",2026-08-10 00:00:00+00:00,21.99547440957191,Moderate
airqo_g5282,"Lorry Park, Fort Portal",2026-08-11 00:00:00+00:00,21.943873663645377,Moderate
airqo_g5282,"Lorry Park, Fort Portal",2026-08-12 00:00:00+00:00,21.914127618671838,Moderate
airqo_g5282,"Lorry Park, Fort Portal",2026-08-13 00:00:00+00:00,21.850704388452982,Moderate
airqo_g5282,"Lorry Park, Fort Portal",2026-08-14 00:00:00+00:00,21.820952547348483,Moderate
airqo_g5292,Kawaala Health Centre,2026-08-01 00:00:00+00:00,34.529731011829604,Moderate
airqo_g5292,Kawaala Health Centre,2026-08-02 00:00:00+00:00,34.643156922874574,Moderate
airqo_g5292,Kawaala Health Centre,2026-08-03 00:00:00+00:00,34.688997212752525,Moderate
airqo_g5292,Kawaala Health Centre,2026-08-04 00:00:00+00:00,34.55342467555014,Moderate
airqo_g5292,Kawaala Health Centre,2026-08-05 00:00:00+00:00,34.425985655513465,Moderate
airqo_g5292,Kawaala Health Centre,2026-08-06 00:00:00+00:00,34.55159956176347,Moderate
airqo_g5292,Kawaala Health Centre,2026-08-07 00:00:00+00:00,34.581097380877225,Moderate
airqo_g5292,Kawaala Health Centre,2026-08-08 00:00:00+00:00,34.529731011829604,Moderate
airqo_g5292,Kawaala Health Centre,2026-08-09 00:00:00+00:00,34.643156922874574,Moderate
airqo_g5292,Kawaala Health Centre,2026-08-10 00:00:00+00:00,34.688997212752525,Moderate
airqo_g5292,Kawaala Health Centre,2026-08-11 00:00:00+00:00,34.55342467555014,Moderate
airqo_g5292,Kawaala Health Centre,2026-08-12 00:00:00+00:00,34.425985655513465,Moderate
airqo_g5292,Kawaala Health Centre,2026-08-13 00:00:00+00:00,34.55159956176347,Moderate
airqo_g5292,Kawaala Health Centre,2026-08-14 00:00:00+00:00,34.581097380877225,Moderate
airqo_g5293,Buganda Road P.S,2026-08-01 00:00:00+00:00,18.580796344246032,Moderate
airqo_g5293,Buganda Road P.S,2026-08-02 00:00:00+00:00,18.657454760251323,Moderate
airqo_g5293,Buganda Road P.S,2026-08-03 00:00:00+00:00,18.707222338489057,Moderate
airqo_g5293,Buganda Road P.S,2026-08-04 00:00:00+00:00,18.61271965623497,Moderate
airqo_g5293,Buganda Road P.S,2026-08-05 00:00:00+00:00,18.53745958709115,Moderate
airqo_g5293,Buganda Road P.S,2026-08-06 00:00:00+00:00,18.51680009011243,Moderate
airqo_g5293,Buganda Road P.S,2026-08-07 00:00:00+00:00,18.462151048656203,Moderate
airqo_g5293,Buganda Road P.S,2026-08-08 00:00:00+00:00,18.580796344246032,Moderate
airqo_g5293,Buganda Road P.S,2026-08-09 00:00:00+00:00,18.657454760251323,Moderate
airqo_g5293,Buganda Road P.S,2026-08-10 00:00:00+00:00,18.707222338489057,Moderate
airqo_g5293,Buganda Road P.S,2026-08-11 00:00:00+00:00,18.61271965623497,Moderate
airqo_g5293,Buganda Road P.S,2026-08-12 00:00:00+00:00,18.53745958709115,Moderate
airqo_g5293,Buganda Road P.S,2026-08-13 00:00:00+00:00,18.51680009011243,Moderate
airqo_g5293,Buganda Road P.S,2026-08-14 00:00:00+00:00,18.462151048656203,Moderate
airqo_g5305,"Nile avenue, Kampla, Uganda",2026-08-01 00:00:00+00:00,13.408200715939152,Moderate
airqo_g5305,"Nile avenue, Kampla, Uganda",2026-08-02 00:00:00+00:00,13.399410577876983,Moderate
airqo_g5305,"Nile avenue, Kampla, Uganda",2026-08-03 00:00:00+00:00,13.358539700126263,Moderate
airqo_g5305,"Nile avenue, Kampla, Uganda",2026-08-04 00:00:00+00:00,13.14782233878968,Moderate
airqo_g5305,"Nile avenue, Kampla, Uganda",2026-08-05 00:00:00+00:00,13.151545482804233,Moderate
airqo_g5305,"Nile avenue, Kampla, Uganda",2026-08-06 00:00:00+00:00,13.450091853881075,Moderate
airqo_g5305,"Nile avenue, Kampla, Uganda",2026-08-07 00:00:00+00:00,13.524903945932541,Moderate
airqo_g5305,"Nile avenue, Kampla, Uganda",2026-08-08 00:00:00+00:00,13.408200715939152,Moderate
airqo_g5305,"Nile avenue, Kampla, Uganda",2026-08-09 00:00:00+00:00,13.399410577876983,Moderate
airqo_g5305,"Nile avenue, Kampla, Uganda",2026-08-10 00:00:00+00:00,13.358539700126263,Moderate
airqo_g5305,"Nile avenue, Kampla, Uganda",2026-08-11 00:00:00+00:00,13.14782233878968,Moderate
airqo_g5305,"Nile avenue, Kampla, Uganda",2026-08-12 00:00:00+00:00,13.151545482804233,Moderate
airqo_g5305,"Nile avenue, Kampla, Uganda",2026-08-13 00:00:00+00:00,13.450091853881075,Moderate
airqo_g5305,"Nile avenue, Kampla, Uganda",2026-08-14 00:00:00+00:00,13.524903945932541,Moderate
airqo_g5328,Kiswa Health Centre,2026-08-01 00:00:00+00:00,34.26529532490079,Moderate
airqo_g5328,Kiswa Health Centre,2026-08-02 00:00:00+00:00,34.396517216435186,Moderate
airqo_g5328,Kiswa Health Centre,2026-08-03 00:00:00+00:00,34.509508669808206,Moderate
airqo_g5328,Kiswa Health Centre,2026-08-04 00:00:00+00:00,33.92142679398148,Moderate
airqo_g5328,Kiswa Health Centre,2026-08-05 00:00:00+00:00,33.80303656167328,Moderate
airqo_g5328,Kiswa Health Centre,2026-08-06 00:00:00+00:00,34.11085570767195,Moderate
airqo_g5328,Kiswa Health Centre,2026-08-07 00:00:00+00:00,34.133726718750005,Moderate
airqo_g5328,Kiswa Health Centre,2026-08-08 00:00:00+00:00,34.26529532490079,Moderate
airqo_g5328,Kiswa Health Centre,2026-08-09 00:00:00+00:00,34.396517216435186,Moderate
airqo_g5328,Kiswa Health Centre,2026-08-10 00:00:00+00:00,34.509508669808206,Moderate
airqo_g5328,Kiswa Health Centre,2026-08-11 00:00:00+00:00,33.92142679398148,Moderate
airqo_g5328,Kiswa Health Centre,2026-08-12 00:00:00+00:00,33.80303656167328,Moderate
airqo_g5328,Kiswa Health Centre,2026-08-13 00:00:00+00:00,34.11085570767195,Moderate
airqo_g5328,Kiswa Health Centre,2026-08-14 00:00:00+00:00,34.133726718750005,Moderate
airqo_g5330,Komamboga Health Centre,2026-08-01 00:00:00+00:00,38.21144658910534,Unhealthy for Sensitive Groups
airqo_g5330,Komamboga Health Centre,2026-08-02 00:00:00+00:00,38.35574077561328,Unhealthy for Sensitive Groups
airqo_g5330,Komamboga Health Centre,2026-08-03 00:00:00+00:00,38.49159964909512,Unhealthy for Sensitive Groups
airqo_g5330,Komamboga Health Centre,2026-08-04 00:00:00+00:00,38.3439639193272,Unhealthy for Sensitive Groups
airqo_g5330,Komamboga Health Centre,2026-08-05 00:00:00+00:00,38.216179269856305,Unhealthy for Sensitive Groups
airqo_g5330,Komamboga Health Centre,2026-08-06 00:00:00+00:00,37.94431869175385,Unhealthy for Sensitive Groups
airqo_g5330,Komamboga Health Centre,2026-08-07 00:00:00+00:00,37.963649434674124,Unhealthy for Sensitive Groups
airqo_g5330,Komamboga Health Centre,2026-08-08 00:00:00+00:00,38.21144658910534,Unhealthy for Sensitive Groups
airqo_g5330,Komamboga Health Centre,2026-08-09 00:00:00+00:00,38.35574077561328,Unhealthy for Sensitive Groups
airqo_g5330,Komamboga Health Centre,2026-08-10 00:00:00+00:00,38.49159964909512,Unhealthy for Sensitive Groups
airqo_g5330,Komamboga Health Centre,2026-08-11 00:00:00+00:00,38.3439639193272,Unhealthy for Sensitive Groups
airqo_g5330,Komamboga Health Centre,2026-08-12 00:00:00+00:00,38.216179269856305,Unhealthy for Sensitive Groups
airqo_g5330,Komamboga Health Centre,2026-08-13 00:00:00+00:00,37.94431869175385,Unhealthy for Sensitive Groups
airqo_g5330,Komamboga Health Centre,2026-08-14 00:00:00+00:00,37.963649434674124,Unhealthy for Sensitive Groups
airqo_g5331,Agricultural Resource Centre Kyanja,2026-08-01 00:00:00+00:00,23.82595499834656,Moderate
airqo_g5331,Agricultural Resource Centre Kyanja,2026-08-02 00:00:00+00:00,23.930934646164022,Moderate
airqo_g5331,Agricultural Resource Centre Kyanja,2026-08-03 00:00:00+00:00,24.03097878885582,Moderate
airqo_g5331,Agricultural Resource Centre Kyanja,2026-08-04 00:00:00+00:00,23.91992748098545,Moderate
airqo_g5331,Agricultural Resource Centre Kyanja,2026-08-05 00:00:00+00:00,23.82988929646164,Moderate
airqo_g5331,Agricultural Resource Centre Kyanja,2026-08-06 00:00:00+00:00,23.900321779100533,Moderate
airqo_g5331,Agricultural Resource Centre Kyanja,2026-08-07 00:00:00+00:00,23.805260224041007,Moderate
airqo_g5331,Agricultural Resource Centre Kyanja,2026-08-08 00:00:00+00:00,23.82595499834656,Moderate
airqo_g5331,Agricultural Resource Centre Kyanja,2026-08-09 00:00:00+00:00,23.930934646164022,Moderate
airqo_g5331,Agricultural Resource Centre Kyanja,2026-08-10 00:00:00+00:00,24.03097878885582,Moderate
airqo_g5331,Agricultural Resource Centre Kyanja,2026-08-11 00:00:00+00:00,23.91992748098545,Moderate
airqo_g5331,Agricultural Resource Centre Kyanja,2026-08-12 00:00:00+00:00,23.82988929646164,Moderate
airqo_g5331,Agricultural Resource Centre Kyanja,2026-08-13 00:00:00+00:00,23.900321779100533,Moderate
airqo_g5331,Agricultural Resource Centre Kyanja,2026-08-14 00:00:00+00:00,23.805260224041007,Moderate
airqo_g5335,Kamwokya Primary School,2026-08-01 00:00:00+00:00,34.56819196646525,Moderate
airqo_g5335,Kamwokya Primary School,2026-08-02 00:00:00+00:00,34.66157189897487,Moderate
airqo_g5335,Kamwokya Primary School,2026-08-03 00:00:00+00:00,34.622862825727516,Moderate
airqo_g5335,Kamwokya Primary School,2026-08-04 00:00:00+00:00,33.98817300429894,Moderate
airqo_g5335,Kamwokya Primary School,2026-08-05 00:00:00+00:00,33.87081296266234,Moderate
airqo_g5335,Kamwokya Primary School,2026-08-06 00:00:00+00:00,34.090248132139855,Moderate
airqo_g5335,Kamwokya Primary School,2026-08-07 00:00:00+00:00,34.55237519315176,Moderate
airqo_g5335,Kamwokya Primary School,2026-08-08 00:00:00+00:00,34.56819196646525,Moderate
airqo_g5335,Kamwokya Primary School,2026-08-09 00:00:00+00:00,34.66157189897487,Moderate
airqo_g5335,Kamwokya Primary School,2026-08-10 00:00:00+00:00,34.622862825727516,Moderate
airqo_g5335,Kamwokya Primary School,2026-08-11 00:00:00+00:00,33.98817300429894,Moderate
airqo_g5335,Kamwokya Primary School,2026-08-12 00:00:00+00:00,33.87081296266234,Moderate
airqo_g5335,Kamwokya Primary School,2026-08-13 00:00:00+00:00,34.090248132139855,Moderate
airqo_g5335,Kamwokya Primary School,2026-08-14 00:00:00+00:00,34.55237519315176,Moderate
airqo_g5336,Kawempe Division,2026-08-01 00:00:00+00:00,36.33224182208995,Unhealthy for Sensitive Groups
airqo_g5336,Kawempe Division,2026-08-02 00:00:00+00:00,36.554993642526455,Unhealthy for Sensitive Groups
airqo_g5336,Kawempe Division,2026-08-03 00:00:00+00:00,36.717968213458995,Unhealthy for Sensitive Groups
airqo_g5336,Kawempe Division,2026-08-04 00:00:00+00:00,36.342321162367725,Unhealthy for Sensitive Groups
airqo_g5336,Kawempe Division,2026-08-05 00:00:00+00:00,36.11754783647487,Unhealthy for Sensitive Groups
airqo_g5336,Kawempe Division,2026-08-06 00:00:00+00:00,36.23398648809524,Unhealthy for Sensitive Groups
airqo_g5336,Kawempe Division,2026-08-07 00:00:00+00:00,36.227400677910055,Unhealthy for Sensitive Groups
airqo_g5336,Kawempe Division,2026-08-08 00:00:00+00:00,36.33224182208995,Unhealthy for Sensitive Groups
airqo_g5336,Kawempe Division,2026-08-09 00:00:00+00:00,36.554993642526455,Unhealthy for Sensitive Groups
airqo_g5336,Kawempe Division,2026-08-10 00:00:00+00:00,36.717968213458995,Unhealthy for Sensitive Groups
airqo_g5336,Kawempe Division,2026-08-11 00:00:00+00:00,36.342321162367725,Unhealthy for Sensitive Groups
airqo_g5336,Kawempe Division,2026-08-12 00:00:00+00:00,36.11754783647487,Unhealthy for Sensitive Groups
airqo_g5336,Kawempe Division,2026-08-13 00:00:00+00:00,36.23398648809524,Unhealthy for Sensitive Groups
airqo_g5336,Kawempe Division,2026-08-14 00:00:00+00:00,36.227400677910055,Unhealthy for Sensitive Groups
airqo_g5337,Kololo AirStrip,2026-08-01 00:00:00+00:00,30.179995491071427,Moderate
airqo_g5337,Kololo AirStrip,2026-08-02 00:00:00+00:00,30.243947640542327,Moderate
airqo_g5337,Kololo AirStrip,2026-08-03 00:00:00+00:00,30.423690722402597,Moderate
airqo_g5337,Kololo AirStrip,2026-08-04 00:00:00+00:00,30.277996157257093,Moderate
airqo_g5337,Kololo AirStrip,2026-08-05 00:00:00+00:00,30.2030030578854,Moderate
airqo_g5337,Kololo AirStrip,2026-08-06 00:00:00+00:00,30.231749925069142,Moderate
airqo_g5337,Kololo AirStrip,2026-08-07 00:00:00+00:00,30.07635243716931,Moderate
airqo_g5337,Kololo AirStrip,2026-08-08 00:00:00+00:00,30.179995491071427,Moderate
airqo_g5337,Kololo AirStrip,2026-08-09 00:00:00+00:00,30.243947640542327,Moderate
airqo_g5337,Kololo AirStrip,2026-08-10 00:00:00+00:00,30.423690722402597,Moderate
airqo_g5337,Kololo AirStrip,2026-08-11 00:00:00+00:00,30.277996157257093,Moderate
airqo_g5337,Kololo AirStrip,2026-08-12 00:00:00+00:00,30.2030030578854,Moderate
airqo_g5337,Kololo AirStrip,2026-08-13 00:00:00+00:00,30.231749925069142,Moderate
airqo_g5337,Kololo AirStrip,2026-08-14 00:00:00+00:00,30.07635243716931,Moderate
airqo_g5339,Makerere University Weather Station 94,2026-08-01 00:00:00+00:00,30.47257107390873,Moderate
airqo_g5339,Makerere University Weather Station 94,2026-08-02 00:00:00+00:00,30.620460577876987,Moderate
airqo_g5339,Makerere University Weather Station 94,2026-08-03 00:00:00+00:00,30.66215072585979,Moderate
airqo_g5339,Makerere University Weather Station 94,2026-08-04 00:00:00+00:00,30.541654680886243,Moderate
airqo_g5339,Makerere University Weather Station 94,2026-08-05 00:00:00+00:00,30.379967886078038,Moderate
airqo_g5339,Makerere University Weather Station 94,2026-08-06 00:00:00+00:00,30.322259563492064,Moderate
airqo_g5339,Makerere University Weather Station 94,2026-08-07 00:00:00+00:00,30.34130099041006,Moderate
airqo_g5339,Makerere University Weather Station 94,2026-08-08 00:00:00+00:00,30.47257107390873,Moderate
airqo_g5339,Makerere University Weather Station 94,2026-08-09 00:00:00+00:00,30.620460577876987,Moderate
airqo_g5339,Makerere University Weather Station 94,2026-08-10 00:00:00+00:00,30.66215072585979,Moderate
airqo_g5339,Makerere University Weather Station 94,2026-08-11 00:00:00+00:00,30.541654680886243,Moderate
airqo_g5339,Makerere University Weather Station 94,2026-08-12 00:00:00+00:00,30.379967886078038,Moderate
airqo_g5339,Makerere University Weather Station 94,2026-08-13 00:00:00+00:00,30.322259563492064,Moderate
airqo_g5339,Makerere University Weather Station 94,2026-08-14 00:00:00+00:00,30.34130099041006,Moderate
airqo_g5341,Makerere University Weather Station 94,2026-08-01 00:00:00+00:00,32.39306095816799,Moderate
airqo_g5341,Makerere University Weather Station 94,2026-08-02 00:00:00+00:00,32.49677736524471,Moderate
airqo_g5341,Makerere University Weather Station 94,2026-08-03 00:00:00+00:00,32.803648729707795,Moderate
airqo_g5341,Makerere University Weather Station 94,2026-08-04 00:00:00+00:00,32.71475822687151,Moderate
airqo_g5341,Makerere University Weather Station 94,2026-08-05 00:00:00+00:00,32.60467441156066,Moderate
airqo_g5341,Makerere University Weather Station 94,2026-08-06 00:00:00+00:00,32.500581229141225,Moderate
airqo_g5341,Makerere University Weather Station 94,2026-08-07 00:00:00+00:00,32.20157302992725,Moderate
airqo_g5341,Makerere University Weather Station 94,2026-08-08 00:00:00+00:00,32.39306095816799,Moderate
airqo_g5341,Makerere University Weather Station 94,2026-08-09 00:00:00+00:00,32.49677736524471,Moderate
airqo_g5341,Makerere University Weather Station 94,2026-08-10 00:00:00+00:00,32.803648729707795,Moderate
airqo_g5341,Makerere University Weather Station 94,2026-08-11 00:00:00+00:00,32.71475822687151,Moderate
airqo_g5341,Makerere University Weather Station 94,2026-08-12 00:00:00+00:00,32.60467441156066,Moderate
airqo_g5341,Makerere University Weather Station 94,2026-08-13 00:00:00+00:00,32.500581229141225,Moderate
airqo_g5341,Makerere University Weather Station 94,2026-08-14 00:00:00+00:00,32.20157302992725,Moderate
airqo_g5342,Nakawa Division KCCA,2026-08-01 00:00:00+00:00,32.4868972059133,Moderate
airqo_g5342,Nakawa Division KCCA,2026-08-02 00:00:00+00:00,32.690696304788965,Moderate
airqo_g5342,Nakawa Division KCCA,2026-08-03 00:00:00+00:00,32.79562436861171,Moderate
airqo_g5342,Nakawa Division KCCA,2026-08-04 00:00:00+00:00,32.56072176752646,Moderate
airqo_g5342,Nakawa Division KCCA,2026-08-05 00:00:00+00:00,32.346686612929894,Moderate
airqo_g5342,Nakawa Division KCCA,2026-08-06 00:00:00+00:00,32.10706470839346,Moderate
airqo_g5342,Nakawa Division KCCA,2026-08-07 00:00:00+00:00,32.13854109149531,Moderate
airqo_g5342,Nakawa Division KCCA,2026-08-08 00:00:00+00:00,32.4868972059133,Moderate
airqo_g5342,Nakawa Division KCCA,2026-08-09 00:00:00+00:00,32.690696304788965,Moderate
airqo_g5342,Nakawa Division KCCA,2026-08-10 00:00:00+00:00,32.79562436861171,Moderate
airqo_g5342,Nakawa Division KCCA,2026-08-11 00:00:00+00:00,32.56072176752646,Moderate
airqo_g5342,Nakawa Division KCCA,2026-08-12 00:00:00+00:00,32.346686612929894,Moderate
airqo_g5342,Nakawa Division KCCA,2026-08-13 00:00:00+00:00,32.10706470839346,Moderate
airqo_g5342,Nakawa Division KCCA,2026-08-14 00:00:00+00:00,32.13854109149531,Moderate
airqo_g5343,"KCCA Hall,Parliamentary Avenue",2026-08-01 00:00:00+00:00,29.369574813988095,Moderate
airqo_g5343,"KCCA Hall,Parliamentary Avenue",2026-08-02 00:00:00+00:00,29.426835152116407,Moderate
airqo_g5343,"KCCA Hall,Parliamentary Avenue",2026-08-03 00:00:00+00:00,29.820294424678334,Moderate
airqo_g5343,"KCCA Hall,Parliamentary Avenue",2026-08-04 00:00:00+00:00,29.57710347477754,Moderate
airqo_g5343,"KCCA Hall,Parliamentary Avenue",2026-08-05 00:00:00+00:00,29.531201164923043,Moderate
airqo_g5343,"KCCA Hall,Parliamentary Avenue",2026-08-06 00:00:00+00:00,29.68133254434223,Moderate
airqo_g5343,"KCCA Hall,Parliamentary Avenue",2026-08-07 00:00:00+00:00,29.31384014054233,Moderate
airqo_g5343,"KCCA Hall,Parliamentary Avenue",2026-08-08 00:00:00+00:00,29.369574813988095,Moderate
airqo_g5343,"KCCA Hall,Parliamentary Avenue",2026-08-09 00:00:00+00:00,29.426835152116407,Moderate
airqo_g5343,"KCCA Hall,Parliamentary Avenue",2026-08-10 00:00:00+00:00,29.820294424678334,Moderate
airqo_g5343,"KCCA Hall,Parliamentary Avenue",2026-08-11 00:00:00+00:00,29.57710347477754,Moderate
airqo_g5343,"KCCA Hall,Parliamentary Avenue",2026-08-12 00:00:00+00:00,29.531201164923043,Moderate
airqo_g5343,"KCCA Hall,Parliamentary Avenue",2026-08-13 00:00:00+00:00,29.68133254434223,Moderate
airqo_g5343,"KCCA Hall,Parliamentary Avenue",2026-08-14 00:00:00+00:00,29.31384014054233,Moderate
airqo_g5345,"St Paul Demonstration School,Ggaba",2026-08-01 00:00:00+00:00,31.397109297288363,Moderate
airqo_g5345,"St Paul Demonstration School,Ggaba",2026-08-02 00:00:00+00:00,31.536940208333334,Moderate
airqo_g5345,"St Paul Demonstration School,Ggaba",2026-08-03 00:00:00+00:00,31.91057743724447,Moderate
airqo_g5345,"St Paul Demonstration School,Ggaba",2026-08-04 00:00:00+00:00,31.588836449314574,Moderate
airqo_g5345,"St Paul Demonstration School,Ggaba",2026-08-05 00:00:00+00:00,31.46736948998918,Moderate
airqo_g5345,"St Paul Demonstration School,Ggaba",2026-08-06 00:00:00+00:00,31.614065021194083,Moderate
airqo_g5345,"St Paul Demonstration School,Ggaba",2026-08-07 00:00:00+00:00,31.212307163525136,Moderate
airqo_g5345,"St Paul Demonstration School,Ggaba",2026-08-08 00:00:00+00:00,31.397109297288363,Moderate
airqo_g5345,"St Paul Demonstration School,Ggaba",2026-08-09 00:00:00+00:00,31.536940208333334,Moderate
airqo_g5345,"St Paul Demonstration School,Ggaba",2026-08-10 00:00:00+00:00,31.91057743724447,Moderate
airqo_g5345,"St Paul Demonstration School,Ggaba",2026-08-11 00:00:00+00:00,31.588836449314574,Moderate
airqo_g5345,"St Paul Demonstration School,Ggaba",2026-08-12 00:00:00+00:00,31.46736948998918,Moderate
airqo_g5345,"St Paul Demonstration School,Ggaba",2026-08-13 00:00:00+00:00,31.614065021194083,Moderate
airqo_g5345,"St Paul Demonstration School,Ggaba",2026-08-14 00:00:00+00:00,31.212307163525136,Moderate
airqo_g5346,Kololo Mabua Stores,2026-08-01 00:00:00+00:00,30.255151378968254,Moderate
airqo_g5346,Kololo Mabua Stores,2026-08-02 00:00:00+00:00,30.380618947585976,Moderate
airqo_g5346,Kololo Mabua Stores,2026-08-03 00:00:00+00:00,30.406784521629987,Moderate
airqo_g5346,Kololo Mabua Stores,2026-08-04 00:00:00+00:00,30.291546411510947,Moderate
airqo_g5346,Kololo Mabua Stores,2026-08-05 00:00:00+00:00,30.162225681517555,Moderate
airqo_g5346,Kololo Mabua Stores,2026-08-06 00:00:00+00:00,29.974404920108828,Moderate
airqo_g5346,Kololo Mabua Stores,2026-08-07 00:00:00+00:00,30.05287156167328,Moderate
airqo_g5346,Kololo Mabua Stores,2026-08-08 00:00:00+00:00,30.255151378968254,Moderate
airqo_g5346,Kololo Mabua Stores,2026-08-09 00:00:00+00:00,30.380618947585976,Moderate
airqo_g5346,Kololo Mabua Stores,2026-08-10 00:00:00+00:00,30.406784521629987,Moderate
airqo_g5346,Kololo Mabua Stores,2026-08-11 00:00:00+00:00,30.291546411510947,Moderate
airqo_g5346,Kololo Mabua Stores,2026-08-12 00:00:00+00:00,30.162225681517555,Moderate
airqo_g5346,Kololo Mabua Stores,2026-08-13 00:00:00+00:00,29.974404920108828,Moderate
airqo_g5346,Kololo Mabua Stores,2026-08-14 00:00:00+00:00,30.05287156167328,Moderate
airqo_g5356,"Kitebi Health Centre 3,Kabusu road",2026-08-01 00:00:00+00:00,43.1999100344216,Unhealthy for Sensitive Groups
airqo_g5356,"Kitebi Health Centre 3,Kabusu road",2026-08-02 00:00:00+00:00,43.361033313191435,Unhealthy for Sensitive Groups
airqo_g5356,"Kitebi Health Centre 3,Kabusu road",2026-08-03 00:00:00+00:00,43.65446946518759,Unhealthy for Sensitive Groups
airqo_g5356,"Kitebi Health Centre 3,Kabusu road",2026-08-04 00:00:00+00:00,43.40232214375902,Unhealthy for Sensitive Groups
airqo_g5356,"Kitebi Health Centre 3,Kabusu road",2026-08-05 00:00:00+00:00,43.235492047032835,Unhealthy for Sensitive Groups
airqo_g5356,"Kitebi Health Centre 3,Kabusu road",2026-08-06 00:00:00+00:00,43.35614160766895,Unhealthy for Sensitive Groups
airqo_g5356,"Kitebi Health Centre 3,Kabusu road",2026-08-07 00:00:00+00:00,43.11866297175626,Unhealthy for Sensitive Groups
airqo_g5356,"Kitebi Health Centre 3,Kabusu road",2026-08-08 00:00:00+00:00,43.1999100344216,Unhealthy for Sensitive Groups
airqo_g5356,"Kitebi Health Centre 3,Kabusu road",2026-08-09 00:00:00+00:00,43.361033313191435,Unhealthy for Sensitive Groups
airqo_g5356,"Kitebi Health Centre 3,Kabusu road",2026-08-10 00:00:00+00:00,43.65446946518759,Unhealthy for Sensitive Groups
airqo_g5356,"Kitebi Health Centre 3,Kabusu road",2026-08-11 00:00:00+00:00,43.40232214375902,Unhealthy for Sensitive Groups
airqo_g5356,"Kitebi Health Centre 3,Kabusu road",2026-08-12 00:00:00+00:00,43.235492047032835,Unhealthy for Sensitive Groups
airqo_g5356,"Kitebi Health Centre 3,Kabusu road",2026-08-13 00:00:00+00:00,43.35614160766895,Unhealthy for Sensitive Groups
airqo_g5356,"Kitebi Health Centre 3,Kabusu road",2026-08-14 00:00:00+00:00,43.11866297175626,Unhealthy for Sensitive Groups
airqo_g5359,KCCA Division Kisungu,2026-08-01 00:00:00+00:00,28.82606375082672,Moderate
airqo_g5359,KCCA Division Kisungu,2026-08-02 00:00:00+00:00,28.87959003637566,Moderate
airqo_g5359,KCCA Division Kisungu,2026-08-03 00:00:00+00:00,29.00839718005952,Moderate
airqo_g5359,KCCA Division Kisungu,2026-08-04 00:00:00+00:00,28.93407190953144,Moderate
airqo_g5359,KCCA Division Kisungu,2026-08-05 00:00:00+00:00,28.86887506098647,Moderate
airqo_g5359,KCCA Division Kisungu,2026-08-06 00:00:00+00:00,28.721099466575094,Moderate
airqo_g5359,KCCA Division Kisungu,2026-08-07 00:00:00+00:00,28.662442447916664,Moderate
airqo_g5359,KCCA Division Kisungu,2026-08-08 00:00:00+00:00,28.82606375082672,Moderate
airqo_g5359,KCCA Division Kisungu,2026-08-09 00:00:00+00:00,28.87959003637566,Moderate
airqo_g5359,KCCA Division Kisungu,2026-08-10 00:00:00+00:00,29.00839718005952,Moderate
airqo_g5359,KCCA Division Kisungu,2026-08-11 00:00:00+00:00,28.93407190953144,Moderate
airqo_g5359,KCCA Division Kisungu,2026-08-12 00:00:00+00:00,28.86887506098647,Moderate
airqo_g5359,KCCA Division Kisungu,2026-08-13 00:00:00+00:00,28.721099466575094,Moderate
airqo_g5359,KCCA Division Kisungu,2026-08-14 00:00:00+00:00,28.662442447916664,Moderate
airqo_g5361,KCCA Stadium Lugogo,2026-08-01 00:00:00+00:00,35.78095530009921,Unhealthy for Sensitive Groups
airqo_g5361,KCCA Stadium Lugogo,2026-08-02 00:00:00+00:00,35.900662679398145,Unhealthy for Sensitive Groups
airqo_g5361,KCCA Stadium Lugogo,2026-08-03 00:00:00+00:00,36.00359574156746,Unhealthy for Sensitive Groups
airqo_g5361,KCCA Stadium Lugogo,2026-08-04 00:00:00+00:00,35.85145788194445,Unhealthy for Sensitive Groups
airqo_g5361,KCCA Stadium Lugogo,2026-08-05 00:00:00+00:00,35.71963076749639,Unhealthy for Sensitive Groups
airqo_g5361,KCCA Stadium Lugogo,2026-08-06 00:00:00+00:00,35.67349690836941,Unhealthy for Sensitive Groups
airqo_g5361,KCCA Stadium Lugogo,2026-08-07 00:00:00+00:00,35.56753596808863,Unhealthy for Sensitive Groups
airqo_g5361,KCCA Stadium Lugogo,2026-08-08 00:00:00+00:00,35.78095530009921,Unhealthy for Sensitive Groups
airqo_g5361,KCCA Stadium Lugogo,2026-08-09 00:00:00+00:00,35.900662679398145,Unhealthy for Sensitive Groups
airqo_g5361,KCCA Stadium Lugogo,2026-08-10 00:00:00+00:00,36.00359574156746,Unhealthy for Sensitive Groups
airqo_g5361,KCCA Stadium Lugogo,2026-08-11 00:00:00+00:00,35.85145788194445,Unhealthy for Sensitive Groups
airqo_g5361,KCCA Stadium Lugogo,2026-08-12 00:00:00+00:00,35.71963076749639,Unhealthy for Sensitive Groups
airqo_g5361,KCCA Stadium Lugogo,2026-08-13 00:00:00+00:00,35.67349690836941,Unhealthy for Sensitive Groups
airqo_g5361,KCCA Stadium Lugogo,2026-08-14 00:00:00+00:00,35.56753596808863,Unhealthy for Sensitive Groups
airqo_g5365,Namungona Primary school,2026-08-01 00:00:00+00:00,40.33473596936628,Unhealthy for Sensitive Groups
airqo_g5365,Namungona Primary school,2026-08-02 00:00:00+00:00,40.55696463752104,Unhealthy for Sensitive Groups
airqo_g5365,Namungona Primary school,2026-08-03 00:00:00+00:00,40.61619072029822,Unhealthy for Sensitive Groups
airqo_g5365,Namungona Primary school,2026-08-04 00:00:00+00:00,40.158700691322565,Unhealthy for Sensitive Groups
airqo_g5365,Namungona Primary school,2026-08-05 00:00:00+00:00,39.93327486377627,Unhealthy for Sensitive Groups
airqo_g5365,Namungona Primary school,2026-08-06 00:00:00+00:00,40.01869684204106,Unhealthy for Sensitive Groups
airqo_g5365,Namungona Primary school,2026-08-07 00:00:00+00:00,40.1750461644721,Unhealthy for Sensitive Groups
airqo_g5365,Namungona Primary school,2026-08-08 00:00:00+00:00,40.33473596936628,Unhealthy for Sensitive Groups
airqo_g5365,Namungona Primary school,2026-08-09 00:00:00+00:00,40.55696463752104,Unhealthy for Sensitive Groups
airqo_g5365,Namungona Primary school,2026-08-10 00:00:00+00:00,40.61619072029822,Unhealthy for Sensitive Groups
airqo_g5365,Namungona Primary school,2026-08-11 00:00:00+00:00,40.158700691322565,Unhealthy for Sensitive Groups
airqo_g5365,Namungona Primary school,2026-08-12 00:00:00+00:00,39.93327486377627,Unhealthy for Sensitive Groups
airqo_g5365,Namungona Primary school,2026-08-13 00:00:00+00:00,40.01869684204106,Unhealthy for Sensitive Groups
airqo_g5365,Namungona Primary school,2026-08-14 00:00:00+00:00,40.1750461644721,Unhealthy for Sensitive Groups
airqo_g5366,"Kira Road Police, Kira road, Kampala Uganda",2026-08-01 00:00:00+00:00,32.492695145126866,Moderate
airqo_g5366,"Kira Road Police, Kira road, Kampala Uganda",2026-08-02 00:00:00+00:00,32.589364318407284,Moderate
airqo_g5366,"Kira Road Police, Kira road, Kampala Uganda",2026-08-03 00:00:00+00:00,32.9034098943302,Moderate
airqo_g5366,"Kira Road Police, Kira road, Kampala Uganda",2026-08-04 00:00:00+00:00,32.63308193174303,Moderate
airqo_g5366,"Kira Road Police, Kira road, Kampala Uganda",2026-08-05 00:00:00+00:00,32.52756506117725,Moderate
airqo_g5366,"Kira Road Police, Kira road, Kampala Uganda",2026-08-06 00:00:00+00:00,32.607655534511785,Moderate
airqo_g5366,"Kira Road Police, Kira road, Kampala Uganda",2026-08-07 00:00:00+00:00,32.378824849161255,Moderate
airqo_g5366,"Kira Road Police, Kira road, Kampala Uganda",2026-08-08 00:00:00+00:00,32.492695145126866,Moderate
airqo_g5366,"Kira Road Police, Kira road, Kampala Uganda",2026-08-09 00:00:00+00:00,32.589364318407284,Moderate
airqo_g5366,"Kira Road Police, Kira road, Kampala Uganda",2026-08-10 00:00:00+00:00,32.9034098943302,Moderate
airqo_g5366,"Kira Road Police, Kira road, Kampala Uganda",2026-08-11 00:00:00+00:00,32.63308193174303,Moderate
airqo_g5366,"Kira Road Police, Kira road, Kampala Uganda",2026-08-12 00:00:00+00:00,32.52756506117725,Moderate
airqo_g5366,"Kira Road Police, Kira road, Kampala Uganda",2026-08-13 00:00:00+00:00,32.607655534511785,Moderate
airqo_g5366,"Kira Road Police, Kira road, Kampala Uganda",2026-08-14 00:00:00+00:00,32.378824849161255,Moderate
airqo_g5367,"Bakuli, Kampala, Uganda",2026-08-01 00:00:00+00:00,43.92827521554835,Unhealthy for Sensitive Groups
airqo_g5367,"Bakuli, Kampala, Uganda",2026-08-02 00:00:00+00:00,44.08936304608586,Unhealthy for Sensitive Groups
airqo_g5367,"Bakuli, Kampala, Uganda",2026-08-03 00:00:00+00:00,44.16602378930676,Unhealthy for Sensitive Groups
airqo_g5367,"Bakuli, Kampala, Uganda",2026-08-04 00:00:00+00:00,43.83775299520503,Unhealthy for Sensitive Groups
airqo_g5367,"Bakuli, Kampala, Uganda",2026-08-05 00:00:00+00:00,43.66342971327862,Unhealthy for Sensitive Groups
airqo_g5367,"Bakuli, Kampala, Uganda",2026-08-06 00:00:00+00:00,43.72252043387746,Unhealthy for Sensitive Groups
airqo_g5367,"Bakuli, Kampala, Uganda",2026-08-07 00:00:00+00:00,43.70285880110631,Unhealthy for Sensitive Groups
airqo_g5367,"Bakuli, Kampala, Uganda",2026-08-08 00:00:00+00:00,43.92827521554835,Unhealthy for Sensitive Groups
airqo_g5367,"Bakuli, Kampala, Uganda",2026-08-09 00:00:00+00:00,44.08936304608586,Unhealthy for Sensitive Groups
airqo_g5367,"Bakuli, Kampala, Uganda",2026-08-10 00:00:00+00:00,44.16602378930676,Unhealthy for Sensitive Groups
airqo_g5367,"Bakuli, Kampala, Uganda",2026-08-11 00:00:00+00:00,43.83775299520503,Unhealthy for Sensitive Groups
airqo_g5367,"Bakuli, Kampala, Uganda",2026-08-12 00:00:00+00:00,43.66342971327862,Unhealthy for Sensitive Groups
airqo_g5367,"Bakuli, Kampala, Uganda",2026-08-13 00:00:00+00:00,43.72252043387746,Unhealthy for Sensitive Groups
airqo_g5367,"Bakuli, Kampala, Uganda",2026-08-14 00:00:00+00:00,43.70285880110631,Unhealthy for Sensitive Groups
airqo_g5368,Ministry Of Health 2,2026-08-01 00:00:00+00:00,18.91391577343374,Moderate
airqo_g5368,Ministry Of Health 2,2026-08-02 00:00:00+00:00,18.904213248632153,Moderate
airqo_g5368,Ministry Of Health 2,2026-08-03 00:00:00+00:00,19.008665535338505,Moderate
airqo_g5368,Ministry Of Health 2,2026-08-04 00:00:00+00:00,18.993386196714166,Moderate
airqo_g5368,Ministry Of Health 2,2026-08-05 00:00:00+00:00,19.010830725484006,Moderate
airqo_g5368,Ministry Of Health 2,2026-08-06 00:00:00+00:00,19.152599349371695,Moderate
airqo_g5368,Ministry Of Health 2,2026-08-07 00:00:00+00:00,18.965407637235447,Moderate
airqo_g5368,Ministry Of Health 2,2026-08-08 00:00:00+00:00,18.91391577343374,Moderate
airqo_g5368,Ministry Of Health 2,2026-08-09 00:00:00+00:00,18.904213248632153,Moderate
airqo_g5368,Ministry Of Health 2,2026-08-10 00:00:00+00:00,19.008665535338505,Moderate
airqo_g5368,Ministry Of Health 2,2026-08-11 00:00:00+00:00,18.993386196714166,Moderate
airqo_g5368,Ministry Of Health 2,2026-08-12 00:00:00+00:00,19.010830725484006,Moderate
airqo_g5368,Ministry Of Health 2,2026-08-13 00:00:00+00:00,19.152599349371695,Moderate
airqo_g5368,Ministry Of Health 2,2026-08-14 00:00:00+00:00,18.965407637235447,Moderate
airqo_g5375,Nakivubo Blue Primary School,2026-08-01 00:00:00+00:00,27.310197349461884,Moderate
airqo_g5375,Nakivubo Blue Primary School,2026-08-02 00:00:00+00:00,27.290226521990743,Moderate
airqo_g5375,Nakivubo Blue Primary School,2026-08-03 00:00:00+00:00,27.428808912037038,Moderate
airqo_g5375,Nakivubo Blue Primary School,2026-08-04 00:00:00+00:00,27.305379608134924,Moderate
airqo_g5375,Nakivubo Blue Primary School,2026-08-05 00:00:00+00:00,27.317796648403682,Moderate
airqo_g5375,Nakivubo Blue Primary School,2026-08-06 00:00:00+00:00,27.51175965931638,Moderate
airqo_g5375,Nakivubo Blue Primary School,2026-08-07 00:00:00+00:00,27.40309403596982,Moderate
airqo_g5375,Nakivubo Blue Primary School,2026-08-08 00:00:00+00:00,27.310197349461884,Moderate
airqo_g5375,Nakivubo Blue Primary School,2026-08-09 00:00:00+00:00,27.290226521990743,Moderate
airqo_g5375,Nakivubo Blue Primary School,2026-08-10 00:00:00+00:00,27.428808912037038,Moderate
airqo_g5375,Nakivubo Blue Primary School,2026-08-11 00:00:00+00:00,27.305379608134924,Moderate
airqo_g5375,Nakivubo Blue Primary School,2026-08-12 00:00:00+00:00,27.317796648403682,Moderate
airqo_g5375,Nakivubo Blue Primary School,2026-08-13 00:00:00+00:00,27.51175965931638,Moderate
airqo_g5375,Nakivubo Blue Primary School,2026-08-14 00:00:00+00:00,27.40309403596982,Moderate
airqo_g5433,Buziga Islamic,2026-08-01 00:00:00+00:00,19.53624629907708,Moderate
airqo_g5433,Buziga Islamic,2026-08-02 00:00:00+00:00,19.576989653078403,Moderate
airqo_g5433,Buziga Islamic,2026-08-03 00:00:00+00:00,19.568831689965126,Moderate
airqo_g5433,Buziga Islamic,2026-08-04 00:00:00+00:00,19.35833328944204,Moderate
airqo_g5433,Buziga Islamic,2026-08-05 00:00:00+00:00,19.31392036285474,Moderate
airqo_g5433,Buziga Islamic,2026-08-06 00:00:00+00:00,19.539306467577564,Moderate
airqo_g5433,Buziga Islamic,2026-08-07 00:00:00+00:00,19.577268603144542,Moderate
airqo_g5433,Buziga Islamic,2026-08-08 00:00:00+00:00,19.53624629907708,Moderate
airqo_g5433,Buziga Islamic,2026-08-09 00:00:00+00:00,19.576989653078403,Moderate
airqo_g5433,Buziga Islamic,2026-08-10 00:00:00+00:00,19.568831689965126,Moderate
airqo_g5433,Buziga Islamic,2026-08-11 00:00:00+00:00,19.35833328944204,Moderate
airqo_g5433,Buziga Islamic,2026-08-12 00:00:00+00:00,19.31392036285474,Moderate
airqo_g5433,Buziga Islamic,2026-08-13 00:00:00+00:00,19.539306467577564,Moderate
airqo_g5433,Buziga Islamic,2026-08-14 00:00:00+00:00,19.577268603144542,Moderate
airqo_g5437,Rwebikona,2026-08-01 00:00:00+00:00,33.33228449645262,Moderate
airqo_g5437,Rwebikona,2026-08-02 00:00:00+00:00,33.423670610119046,Moderate
airqo_g5437,Rwebikona,2026-08-03 00:00:00+00:00,33.498020686778496,Moderate
airqo_g5437,Rwebikona,2026-08-04 00:00:00+00:00,33.39359465089887,Moderate
airqo_g5437,Rwebikona,2026-08-05 00:00:00+00:00,33.2977306131253,Moderate
airqo_g5437,Rwebikona,2026-08-06 00:00:00+00:00,33.19045157046657,Moderate
airqo_g5437,Rwebikona,2026-08-07 00:00:00+00:00,33.15818878382034,Moderate
airqo_g5437,Rwebikona,2026-08-08 00:00:00+00:00,33.33228449645262,Moderate
airqo_g5437,Rwebikona,2026-08-09 00:00:00+00:00,33.423670610119046,Moderate
airqo_g5437,Rwebikona,2026-08-10 00:00:00+00:00,33.498020686778496,Moderate
airqo_g5437,Rwebikona,2026-08-11 00:00:00+00:00,33.39359465089887,Moderate
airqo_g5437,Rwebikona,2026-08-12 00:00:00+00:00,33.2977306131253,Moderate
airqo_g5437,Rwebikona,2026-08-13 00:00:00+00:00,33.19045157046657,Moderate
airqo_g5437,Rwebikona,2026-08-14 00:00:00+00:00,33.15818878382034,Moderate
airqo_g5438,"St.Ponsiano primary school, makindye",2026-08-01 00:00:00+00:00,22.428616368070582,Moderate
airqo_g5438,"St.Ponsiano primary school, makindye",2026-08-02 00:00:00+00:00,22.48166358037217,Moderate
airqo_g5438,"St.Ponsiano primary school, makindye",2026-08-03 00:00:00+00:00,22.41383718073593,Moderate
airqo_g5438,"St.Ponsiano primary school, makindye",2026-08-04 00:00:00+00:00,22.281342776575272,Moderate
airqo_g5438,"St.Ponsiano primary school, makindye",2026-08-05 00:00:00+00:00,22.227428158519714,Moderate
airqo_g5438,"St.Ponsiano primary school, makindye",2026-08-06 00:00:00+00:00,22.27319965901575,Moderate
airqo_g5438,"St.Ponsiano primary school, makindye",2026-08-07 00:00:00+00:00,22.409287637911856,Moderate
airqo_g5438,"St.Ponsiano primary school, makindye",2026-08-08 00:00:00+00:00,22.428616368070582,Moderate
airqo_g5438,"St.Ponsiano primary school, makindye",2026-08-09 00:00:00+00:00,22.48166358037217,Moderate
airqo_g5438,"St.Ponsiano primary school, makindye",2026-08-10 00:00:00+00:00,22.41383718073593,Moderate
airqo_g5438,"St.Ponsiano primary school, makindye",2026-08-11 00:00:00+00:00,22.281342776575272,Moderate
airqo_g5438,"St.Ponsiano primary school, makindye",2026-08-12 00:00:00+00:00,22.227428158519714,Moderate
airqo_g5438,"St.Ponsiano primary school, makindye",2026-08-13 00:00:00+00:00,22.27319965901575,Moderate
airqo_g5438,"St.Ponsiano primary school, makindye",2026-08-14 00:00:00+00:00,22.409287637911856,Moderate
airqo_g5446,Kitintale_Ntensibe,2026-08-01 00:00:00+00:00,31.825856162367725,Moderate
airqo_g5446,Kitintale_Ntensibe,2026-08-02 00:00:00+00:00,31.952625510912696,Moderate
airqo_g5446,Kitintale_Ntensibe,2026-08-03 00:00:00+00:00,31.87098193783069,Moderate
airqo_g5446,Kitintale_Ntensibe,2026-08-04 00:00:00+00:00,31.624366455853174,Moderate
airqo_g5446,Kitintale_Ntensibe,2026-08-05 00:00:00+00:00,31.510391872820467,Moderate
airqo_g5446,Kitintale_Ntensibe,2026-08-06 00:00:00+00:00,31.495766848695286,Moderate
airqo_g5446,Kitintale_Ntensibe,2026-08-07 00:00:00+00:00,31.661108901966088,Moderate
airqo_g5446,Kitintale_Ntensibe,2026-08-08 00:00:00+00:00,31.825856162367725,Moderate
airqo_g5446,Kitintale_Ntensibe,2026-08-09 00:00:00+00:00,31.952625510912696,Moderate
airqo_g5446,Kitintale_Ntensibe,2026-08-10 00:00:00+00:00,31.87098193783069,Moderate
airqo_g5446,Kitintale_Ntensibe,2026-08-11 00:00:00+00:00,31.624366455853174,Moderate
airqo_g5446,Kitintale_Ntensibe,2026-08-12 00:00:00+00:00,31.510391872820467,Moderate
airqo_g5446,Kitintale_Ntensibe,2026-08-13 00:00:00+00:00,31.495766848695286,Moderate
airqo_g5446,Kitintale_Ntensibe,2026-08-14 00:00:00+00:00,31.661108901966088,Moderate
airqo_g5448,Mbarara Central Market,2026-08-01 00:00:00+00:00,39.746762786044975,Unhealthy for Sensitive Groups
airqo_g5448,Mbarara Central Market,2026-08-02 00:00:00+00:00,39.8406287921627,Unhealthy for Sensitive Groups
airqo_g5448,Mbarara Central Market,2026-08-03 00:00:00+00:00,39.82933113974567,Unhealthy for Sensitive Groups
airqo_g5448,Mbarara Central Market,2026-08-04 00:00:00+00:00,39.67317104136604,Unhealthy for Sensitive Groups
airqo_g5448,Mbarara Central Market,2026-08-05 00:00:00+00:00,39.58251369957011,Unhealthy for Sensitive Groups
airqo_g5448,Mbarara Central Market,2026-08-06 00:00:00+00:00,39.16033532865861,Unhealthy for Sensitive Groups
airqo_g5448,Mbarara Central Market,2026-08-07 00:00:00+00:00,39.32479512814154,Unhealthy for Sensitive Groups
airqo_g5448,Mbarara Central Market,2026-08-08 00:00:00+00:00,39.746762786044975,Unhealthy for Sensitive Groups
airqo_g5448,Mbarara Central Market,2026-08-09 00:00:00+00:00,39.8406287921627,Unhealthy for Sensitive Groups
airqo_g5448,Mbarara Central Market,2026-08-10 00:00:00+00:00,39.82933113974567,Unhealthy for Sensitive Groups
airqo_g5448,Mbarara Central Market,2026-08-11 00:00:00+00:00,39.67317104136604,Unhealthy for Sensitive Groups
airqo_g5448,Mbarara Central Market,2026-08-12 00:00:00+00:00,39.58251369957011,Unhealthy for Sensitive Groups
airqo_g5448,Mbarara Central Market,2026-08-13 00:00:00+00:00,39.16033532865861,Unhealthy for Sensitive Groups
airqo_g5448,Mbarara Central Market,2026-08-14 00:00:00+00:00,39.32479512814154,Unhealthy for Sensitive Groups
airqo_g5455,Nyamityobora,2026-08-01 00:00:00+00:00,20.121154418440355,Moderate
airqo_g5455,Nyamityobora,2026-08-02 00:00:00+00:00,20.140234224987974,Moderate
airqo_g5455,Nyamityobora,2026-08-03 00:00:00+00:00,20.060777198698293,Moderate
airqo_g5455,Nyamityobora,2026-08-04 00:00:00+00:00,19.96497559914622,Moderate
airqo_g5455,Nyamityobora,2026-08-05 00:00:00+00:00,19.950804676527174,Moderate
airqo_g5455,Nyamityobora,2026-08-06 00:00:00+00:00,19.753194328327922,Moderate
airqo_g5455,Nyamityobora,2026-08-07 00:00:00+00:00,20.040852654220778,Moderate
airqo_g5455,Nyamityobora,2026-08-08 00:00:00+00:00,20.121154418440355,Moderate
airqo_g5455,Nyamityobora,2026-08-09 00:00:00+00:00,20.140234224987974,Moderate
airqo_g5455,Nyamityobora,2026-08-10 00:00:00+00:00,20.060777198698293,Moderate
airqo_g5455,Nyamityobora,2026-08-11 00:00:00+00:00,19.96497559914622,Moderate
airqo_g5455,Nyamityobora,2026-08-12 00:00:00+00:00,19.950804676527174,Moderate
airqo_g5455,Nyamityobora,2026-08-13 00:00:00+00:00,19.753194328327922,Moderate
airqo_g5455,Nyamityobora,2026-08-14 00:00:00+00:00,20.040852654220778,Moderate
airqo_g5463,Kenkombe,2026-08-01 00:00:00+00:00,16.208730430946368,Moderate
airqo_g5463,Kenkombe,2026-08-02 00:00:00+00:00,16.215222432434462,Moderate
airqo_g5463,Kenkombe,2026-08-03 00:00:00+00:00,16.287341450291606,Moderate
airqo_g5463,Kenkombe,2026-08-04 00:00:00+00:00,16.098873209550863,Moderate
airqo_g5463,Kenkombe,2026-08-05 00:00:00+00:00,16.083143741131554,Moderate
airqo_g5463,Kenkombe,2026-08-06 00:00:00+00:00,16.326698940295813,Moderate
airqo_g5463,Kenkombe,2026-08-07 00:00:00+00:00,16.306600692114596,Moderate
airqo_g5463,Kenkombe,2026-08-08 00:00:00+00:00,16.208730430946368,Moderate
airqo_g5463,Kenkombe,2026-08-09 00:00:00+00:00,16.215222432434462,Moderate
airqo_g5463,Kenkombe,2026-08-10 00:00:00+00:00,16.287341450291606,Moderate
airqo_g5463,Kenkombe,2026-08-11 00:00:00+00:00,16.098873209550863,Moderate
airqo_g5463,Kenkombe,2026-08-12 00:00:00+00:00,16.083143741131554,Moderate
airqo_g5463,Kenkombe,2026-08-13 00:00:00+00:00,16.326698940295813,Moderate
airqo_g5463,Kenkombe,2026-08-14 00:00:00+00:00,16.306600692114596,Moderate
airqo_g5477,Katukuru,2026-08-01 00:00:00+00:00,25.720739727182536,Moderate
airqo_g5477,Katukuru,2026-08-02 00:00:00+00:00,25.725687084160047,Moderate
airqo_g5477,Katukuru,2026-08-03 00:00:00+00:00,25.862602147817455,Moderate
airqo_g5477,Katukuru,2026-08-04 00:00:00+00:00,25.829089556051585,Moderate
airqo_g5477,Katukuru,2026-08-05 00:00:00+00:00,25.822578072089943,Moderate
airqo_g5477,Katukuru,2026-08-06 00:00:00+00:00,25.833796528604495,Moderate
airqo_g5477,Katukuru,2026-08-07 00:00:00+00:00,25.66039548280423,Moderate
airqo_g5477,Katukuru,2026-08-08 00:00:00+00:00,25.720739727182536,Moderate
airqo_g5477,Katukuru,2026-08-09 00:00:00+00:00,25.725687084160047,Moderate
airqo_g5477,Katukuru,2026-08-10 00:00:00+00:00,25.862602147817455,Moderate
airqo_g5477,Katukuru,2026-08-11 00:00:00+00:00,25.829089556051585,Moderate
airqo_g5477,Katukuru,2026-08-12 00:00:00+00:00,25.822578072089943,Moderate
airqo_g5477,Katukuru,2026-08-13 00:00:00+00:00,25.833796528604495,Moderate
airqo_g5477,Katukuru,2026-08-14 00:00:00+00:00,25.66039548280423,Moderate
airqo_g5481,Ruti Mbarara,2026-08-01 00:00:00+00:00,22.100834833002647,Moderate
airqo_g5481,Ruti Mbarara,2026-08-02 00:00:00+00:00,22.09131744957011,Moderate
airqo_g5481,Ruti Mbarara,2026-08-03 00:00:00+00:00,22.252402382605823,Moderate
airqo_g5481,Ruti Mbarara,2026-08-04 00:00:00+00:00,22.214507897652116,Moderate
airqo_g5481,Ruti Mbarara,2026-08-05 00:00:00+00:00,22.219273797949736,Moderate
airqo_g5481,Ruti Mbarara,2026-08-06 00:00:00+00:00,22.271026917989417,Moderate
airqo_g5481,Ruti Mbarara,2026-08-07 00:00:00+00:00,22.083939494047616,Moderate
airqo_g5481,Ruti Mbarara,2026-08-08 00:00:00+00:00,22.100834833002647,Moderate
airqo_g5481,Ruti Mbarara,2026-08-09 00:00:00+00:00,22.09131744957011,Moderate
airqo_g5481,Ruti Mbarara,2026-08-10 00:00:00+00:00,22.252402382605823,Moderate
airqo_g5481,Ruti Mbarara,2026-08-11 00:00:00+00:00,22.214507897652116,Moderate
airqo_g5481,Ruti Mbarara,2026-08-12 00:00:00+00:00,22.219273797949736,Moderate
airqo_g5481,Ruti Mbarara,2026-08-13 00:00:00+00:00,22.271026917989417,Moderate
airqo_g5481,Ruti Mbarara,2026-08-14 00:00:00+00:00,22.083939494047616,Moderate
airqo_g5499,Nyabuhama,2026-08-01 00:00:00+00:00,17.077869385296417,Moderate
airqo_g5499,Nyabuhama,2026-08-02 00:00:00+00:00,17.06573348665224,Moderate
airqo_g5499,Nyabuhama,2026-08-03 00:00:00+00:00,17.094430952756735,Moderate
airqo_g5499,Nyabuhama,2026-08-04 00:00:00+00:00,17.091818754810006,Moderate
airqo_g5499,Nyabuhama,2026-08-05 00:00:00+00:00,17.100610529776937,Moderate
airqo_g5499,Nyabuhama,2026-08-06 00:00:00+00:00,17.141721103219698,Moderate
airqo_g5499,Nyabuhama,2026-08-07 00:00:00+00:00,17.07251357097763,Moderate
airqo_g5499,Nyabuhama,2026-08-08 00:00:00+00:00,17.077869385296417,Moderate
airqo_g5499,Nyabuhama,2026-08-09 00:00:00+00:00,17.06573348665224,Moderate
airqo_g5499,Nyabuhama,2026-08-10 00:00:00+00:00,17.094430952756735,Moderate
airqo_g5499,Nyabuhama,2026-08-11 00:00:00+00:00,17.091818754810006,Moderate
airqo_g5499,Nyabuhama,2026-08-12 00:00:00+00:00,17.100610529776937,Moderate
airqo_g5499,Nyabuhama,2026-08-13 00:00:00+00:00,17.141721103219698,Moderate
airqo_g5499,Nyabuhama,2026-08-14 00:00:00+00:00,17.07251357097763,Moderate
airqo_g5513,KCCA Central division HQ,2026-08-01 00:00:00+00:00,18.210303055555556,Moderate
airqo_g5513,KCCA Central division HQ,2026-08-02 00:00:00+00:00,18.22728312830688,Moderate
airqo_g5513,KCCA Central division HQ,2026-08-03 00:00:00+00:00,18.318140843253968,Moderate
airqo_g5513,KCCA Central division HQ,2026-08-04 00:00:00+00:00,18.206779221756253,Moderate
airqo_g5513,KCCA Central division HQ,2026-08-05 00:00:00+00:00,18.193542483164986,Moderate
airqo_g5513,KCCA Central division HQ,2026-08-06 00:00:00+00:00,18.381998473424726,Moderate
airqo_g5513,KCCA Central division HQ,2026-08-07 00:00:00+00:00,18.251641484638046,Moderate
airqo_g5513,KCCA Central division HQ,2026-08-08 00:00:00+00:00,18.210303055555556,Moderate
airqo_g5513,KCCA Central division HQ,2026-08-09 00:00:00+00:00,18.22728312830688,Moderate
airqo_g5513,KCCA Central division HQ,2026-08-10 00:00:00+00:00,18.318140843253968,Moderate
airqo_g5513,KCCA Central division HQ,2026-08-11 00:00:00+00:00,18.206779221756253,Moderate
airqo_g5513,KCCA Central division HQ,2026-08-12 00:00:00+00:00,18.193542483164986,Moderate
airqo_g5513,KCCA Central division HQ,2026-08-13 00:00:00+00:00,18.381998473424726,Moderate
airqo_g5513,KCCA Central division HQ,2026-08-14 00:00:00+00:00,18.251641484638046,Moderate
airqo_g5518,Golf Course Kampala. Site 1. Training Area,2026-08-01 00:00:00+00:00,19.23477348146645,Moderate
airqo_g5518,Golf Course Kampala. Site 1. Training Area,2026-08-02 00:00:00+00:00,19.226067949059043,Moderate
airqo_g5518,Golf Course Kampala. Site 1. Training Area,2026-08-03 00:00:00+00:00,19.296298142511425,Moderate
airqo_g5518,Golf Course Kampala. Site 1. Training Area,2026-08-04 00:00:00+00:00,19.285724773328525,Moderate
airqo_g5518,Golf Course Kampala. Site 1. Training Area,2026-08-05 00:00:00+00:00,19.30213744032588,Moderate
airqo_g5518,Golf Course Kampala. Site 1. Training Area,2026-08-06 00:00:00+00:00,19.31207642609127,Moderate
airqo_g5518,Golf Course Kampala. Site 1. Training Area,2026-08-07 00:00:00+00:00,19.226696332145863,Moderate
airqo_g5518,Golf Course Kampala. Site 1. Training Area,2026-08-08 00:00:00+00:00,19.23477348146645,Moderate
airqo_g5518,Golf Course Kampala. Site 1. Training Area,2026-08-09 00:00:00+00:00,19.226067949059043,Moderate
airqo_g5518,Golf Course Kampala. Site 1. Training Area,2026-08-10 00:00:00+00:00,19.296298142511425,Moderate
airqo_g5518,Golf Course Kampala. Site 1. Training Area,2026-08-11 00:00:00+00:00,19.285724773328525,Moderate
airqo_g5518,Golf Course Kampala. Site 1. Training Area,2026-08-12 00:00:00+00:00,19.30213744032588,Moderate
airqo_g5518,Golf Course Kampala. Site 1. Training Area,2026-08-13 00:00:00+00:00,19.31207642609127,Moderate
airqo_g5518,Golf Course Kampala. Site 1. Training Area,2026-08-14 00:00:00+00:00,19.226696332145863,Moderate
airqo_g5519,Nyamitanga,2026-08-01 00:00:00+00:00,20.14897152356902,Moderate
airqo_g5519,Nyamitanga,2026-08-02 00:00:00+00:00,20.114922119708993,Moderate
airqo_g5519,Nyamitanga,2026-08-03 00:00:00+00:00,20.023344680886243,Moderate
airqo_g5519,Nyamitanga,2026-08-04 00:00:00+00:00,19.906103464781747,Moderate
airqo_g5519,Nyamitanga,2026-08-05 00:00:00+00:00,19.93299483044733,Moderate
airqo_g5519,Nyamitanga,2026-08-06 00:00:00+00:00,20.043317718178812,Moderate
airqo_g5519,Nyamitanga,2026-08-07 00:00:00+00:00,20.176795254554474,Moderate
airqo_g5519,Nyamitanga,2026-08-08 00:00:00+00:00,20.14897152356902,Moderate
airqo_g5519,Nyamitanga,2026-08-09 00:00:00+00:00,20.114922119708993,Moderate
airqo_g5519,Nyamitanga,2026-08-10 00:00:00+00:00,20.023344680886243,Moderate
airqo_g5519,Nyamitanga,2026-08-11 00:00:00+00:00,19.906103464781747,Moderate
airqo_g5519,Nyamitanga,2026-08-12 00:00:00+00:00,19.93299483044733,Moderate
airqo_g5519,Nyamitanga,2026-08-13 00:00:00+00:00,20.043317718178812,Moderate
airqo_g5519,Nyamitanga,2026-08-14 00:00:00+00:00,20.176795254554474,Moderate
airqo_g5544,Katete,2026-08-01 00:00:00+00:00,33.311055893683864,Moderate
airqo_g5544,Katete,2026-08-02 00:00:00+00:00,33.37519988425925,Moderate
airqo_g5544,Katete,2026-08-03 00:00:00+00:00,33.38869002209596,Moderate
airqo_g5544,Katete,2026-08-04 00:00:00+00:00,33.25967275027056,Moderate
airqo_g5544,Katete,2026-08-05 00:00:00+00:00,33.18099865056818,Moderate
airqo_g5544,Katete,2026-08-06 00:00:00+00:00,33.17952177970178,Moderate
airqo_g5544,Katete,2026-08-07 00:00:00+00:00,33.255346016414144,Moderate
airqo_g5544,Katete,2026-08-08 00:00:00+00:00,33.311055893683864,Moderate
airqo_g5544,Katete,2026-08-09 00:00:00+00:00,33.37519988425925,Moderate
airqo_g5544,Katete,2026-08-10 00:00:00+00:00,33.38869002209596,Moderate
airqo_g5544,Katete,2026-08-11 00:00:00+00:00,33.25967275027056,Moderate
airqo_g5544,Katete,2026-08-12 00:00:00+00:00,33.18099865056818,Moderate
airqo_g5544,Katete,2026-08-13 00:00:00+00:00,33.17952177970178,Moderate
airqo_g5544,Katete,2026-08-14 00:00:00+00:00,33.255346016414144,Moderate
airqo_g5545,Bishop Stuart University,2026-08-01 00:00:00+00:00,35.35145975363756,Moderate
airqo_g5545,Bishop Stuart University,2026-08-02 00:00:00+00:00,35.52851478753307,Unhealthy for Sensitive Groups
airqo_g5545,Bishop Stuart University,2026-08-03 00:00:00+00:00,35.63652200727513,Unhealthy for Sensitive Groups
airqo_g5545,Bishop Stuart University,2026-08-04 00:00:00+00:00,35.44533501405423,Moderate
airqo_g5545,Bishop Stuart University,2026-08-05 00:00:00+00:00,35.28140170138889,Moderate
airqo_g5545,Bishop Stuart University,2026-08-06 00:00:00+00:00,35.22114219576719,Moderate
airqo_g5545,Bishop Stuart University,2026-08-07 00:00:00+00:00,35.17436892443783,Moderate
airqo_g5545,Bishop Stuart University,2026-08-08 00:00:00+00:00,35.35145975363756,Moderate
airqo_g5545,Bishop Stuart University,2026-08-09 00:00:00+00:00,35.52851478753307,Unhealthy for Sensitive Groups
airqo_g5545,Bishop Stuart University,2026-08-10 00:00:00+00:00,35.63652200727513,Unhealthy for Sensitive Groups
airqo_g5545,Bishop Stuart University,2026-08-11 00:00:00+00:00,35.44533501405423,Moderate
airqo_g5545,Bishop Stuart University,2026-08-12 00:00:00+00:00,35.28140170138889,Moderate
airqo_g5545,Bishop Stuart University,2026-08-13 00:00:00+00:00,35.22114219576719,Moderate
airqo_g5545,Bishop Stuart University,2026-08-14 00:00:00+00:00,35.17436892443783,Moderate
airqo_g5546,Kiteezi. Kampala,2026-08-01 00:00:00+00:00,25.36988088045635,Moderate
airqo_g5546,Kiteezi. Kampala,2026-08-02 00:00:00+00:00,25.449095090939153,Moderate
airqo_g5546,Kiteezi. Kampala,2026-08-03 00:00:00+00:00,25.57122936590608,Moderate
airqo_g5546,Kiteezi. Kampala,2026-08-04 00:00:00+00:00,25.295186357473543,Moderate
airqo_g5546,Kiteezi. Kampala,2026-08-05 00:00:00+00:00,25.207183344907406,Moderate
airqo_g5546,Kiteezi. Kampala,2026-08-06 00:00:00+00:00,25.527986331845238,Moderate
airqo_g5546,Kiteezi. Kampala,2026-08-07 00:00:00+00:00,25.46285742311508,Moderate
airqo_g5546,Kiteezi. Kampala,2026-08-08 00:00:00+00:00,25.36988088045635,Moderate
airqo_g5546,Kiteezi. Kampala,2026-08-09 00:00:00+00:00,25.449095090939153,Moderate
airqo_g5546,Kiteezi. Kampala,2026-08-10 00:00:00+00:00,25.57122936590608,Moderate
airqo_g5546,Kiteezi. Kampala,2026-08-11 00:00:00+00:00,25.295186357473543,Moderate
airqo_g5546,Kiteezi. Kampala,2026-08-12 00:00:00+00:00,25.207183344907406,Moderate
airqo_g5546,Kiteezi. Kampala,2026-08-13 00:00:00+00:00,25.527986331845238,Moderate
airqo_g5546,Kiteezi. Kampala,2026-08-14 00:00:00+00:00,25.46285742311508,Moderate
airqo_g5548,Mbuya_Nadiope,2026-08-01 00:00:00+00:00,18.388853233751203,Moderate
airqo_g5548,Mbuya_Nadiope,2026-08-02 00:00:00+00:00,18.412475261694325,Moderate
airqo_g5548,Mbuya_Nadiope,2026-08-03 00:00:00+00:00,18.484147929518397,Moderate
airqo_g5548,Mbuya_Nadiope,2026-08-04 00:00:00+00:00,18.472625300550146,Moderate
airqo_g5548,Mbuya_Nadiope,2026-08-05 00:00:00+00:00,18.454387499624218,Moderate
airqo_g5548,Mbuya_Nadiope,2026-08-06 00:00:00+00:00,18.617865064484132,Moderate
airqo_g5548,Mbuya_Nadiope,2026-08-07 00:00:00+00:00,18.492889174107145,Moderate
airqo_g5548,Mbuya_Nadiope,2026-08-08 00:00:00+00:00,18.388853233751203,Moderate
airqo_g5548,Mbuya_Nadiope,2026-08-09 00:00:00+00:00,18.412475261694325,Moderate
airqo_g5548,Mbuya_Nadiope,2026-08-10 00:00:00+00:00,18.484147929518397,Moderate
airqo_g5548,Mbuya_Nadiope,2026-08-11 00:00:00+00:00,18.472625300550146,Moderate
airqo_g5548,Mbuya_Nadiope,2026-08-12 00:00:00+00:00,18.454387499624218,Moderate
airqo_g5548,Mbuya_Nadiope,2026-08-13 00:00:00+00:00,18.617865064484132,Moderate
airqo_g5548,Mbuya_Nadiope,2026-08-14 00:00:00+00:00,18.492889174107145,Moderate
airqo_g5549,Munyonyo Site 1,2026-08-01 00:00:00+00:00,18.418894373346557,Moderate
airqo_g5549,Munyonyo Site 1,2026-08-02 00:00:00+00:00,18.423469775958992,Moderate
airqo_g5549,Munyonyo Site 1,2026-08-03 00:00:00+00:00,18.491229682239055,Moderate
airqo_g5549,Munyonyo Site 1,2026-08-04 00:00:00+00:00,18.414282164877942,Moderate
airqo_g5549,Munyonyo Site 1,2026-08-05 00:00:00+00:00,18.406527877510218,Moderate
airqo_g5549,Munyonyo Site 1,2026-08-06 00:00:00+00:00,18.471670524666305,Moderate
airqo_g5549,Munyonyo Site 1,2026-08-07 00:00:00+00:00,18.381600454695768,Moderate
airqo_g5549,Munyonyo Site 1,2026-08-08 00:00:00+00:00,18.418894373346557,Moderate
airqo_g5549,Munyonyo Site 1,2026-08-09 00:00:00+00:00,18.423469775958992,Moderate
airqo_g5549,Munyonyo Site 1,2026-08-10 00:00:00+00:00,18.491229682239055,Moderate
airqo_g5549,Munyonyo Site 1,2026-08-11 00:00:00+00:00,18.414282164877942,Moderate
airqo_g5549,Munyonyo Site 1,2026-08-12 00:00:00+00:00,18.406527877510218,Moderate
airqo_g5549,Munyonyo Site 1,2026-08-13 00:00:00+00:00,18.471670524666305,Moderate
airqo_g5549,Munyonyo Site 1,2026-08-14 00:00:00+00:00,18.381600454695768,Moderate
airqo_g5551,Golf course Kampala. Site 2. playing ground,2026-08-01 00:00:00+00:00,19.17891792989418,Moderate
airqo_g5551,Golf course Kampala. Site 2. playing ground,2026-08-02 00:00:00+00:00,19.195210657242068,Moderate
airqo_g5551,Golf course Kampala. Site 2. playing ground,2026-08-03 00:00:00+00:00,19.167014721921596,Moderate
airqo_g5551,Golf course Kampala. Site 2. playing ground,2026-08-04 00:00:00+00:00,19.070370607338266,Moderate
airqo_g5551,Golf course Kampala. Site 2. playing ground,2026-08-05 00:00:00+00:00,19.045056911375664,Moderate
airqo_g5551,Golf course Kampala. Site 2. playing ground,2026-08-06 00:00:00+00:00,19.201252017195767,Moderate
airqo_g5551,Golf course Kampala. Site 2. playing ground,2026-08-07 00:00:00+00:00,19.20076714864418,Moderate
airqo_g5551,Golf course Kampala. Site 2. playing ground,2026-08-08 00:00:00+00:00,19.17891792989418,Moderate
airqo_g5551,Golf course Kampala. Site 2. playing ground,2026-08-09 00:00:00+00:00,19.195210657242068,Moderate
airqo_g5551,Golf course Kampala. Site 2. playing ground,2026-08-10 00:00:00+00:00,19.167014721921596,Moderate
airqo_g5551,Golf course Kampala. Site 2. playing ground,2026-08-11 00:00:00+00:00,19.070370607338266,Moderate
airqo_g5551,Golf course Kampala. Site 2. playing ground,2026-08-12 00:00:00+00:00,19.045056911375664,Moderate
airqo_g5551,Golf course Kampala. Site 2. playing ground,2026-08-13 00:00:00+00:00,19.201252017195767,Moderate
airqo_g5551,Golf course Kampala. Site 2. playing ground,2026-08-14 00:00:00+00:00,19.20076714864418,Moderate
airqo_g5555,Munyonyo Site 2,2026-08-01 00:00:00+00:00,19.44010691137566,Moderate
airqo_g5555,Munyonyo Site 2,2026-08-02 00:00:00+00:00,19.440935269510582,Moderate
airqo_g5555,Munyonyo Site 2,2026-08-03 00:00:00+00:00,19.558394312996032,Moderate
airqo_g5555,Munyonyo Site 2,2026-08-04 00:00:00+00:00,19.567719422949736,Moderate
airqo_g5555,Munyonyo Site 2,2026-08-05 00:00:00+00:00,19.572903757290163,Moderate
airqo_g5555,Munyonyo Site 2,2026-08-06 00:00:00+00:00,19.65815399869228,Moderate
airqo_g5555,Munyonyo Site 2,2026-08-07 00:00:00+00:00,19.466981017691797,Moderate
airqo_g5555,Munyonyo Site 2,2026-08-08 00:00:00+00:00,19.44010691137566,Moderate
airqo_g5555,Munyonyo Site 2,2026-08-09 00:00:00+00:00,19.440935269510582,Moderate
airqo_g5555,Munyonyo Site 2,2026-08-10 00:00:00+00:00,19.558394312996032,Moderate
airqo_g5555,Munyonyo Site 2,2026-08-11 00:00:00+00:00,19.567719422949736,Moderate
airqo_g5555,Munyonyo Site 2,2026-08-12 00:00:00+00:00,19.572903757290163,Moderate
airqo_g5555,Munyonyo Site 2,2026-08-13 00:00:00+00:00,19.65815399869228,Moderate
airqo_g5555,Munyonyo Site 2,2026-08-14 00:00:00+00:00,19.466981017691797,Moderate
airqo_g5558,Kyambogo University,2026-08-01 00:00:00+00:00,20.24996037179834,Moderate
airqo_g5558,Kyambogo University,2026-08-02 00:00:00+00:00,20.335072350138287,Moderate
airqo_g5558,Kyambogo University,2026-08-03 00:00:00+00:00,20.337440934493745,Moderate
airqo_g5558,Kyambogo University,2026-08-04 00:00:00+00:00,20.240687496993747,Moderate
airqo_g5558,Kyambogo University,2026-08-05 00:00:00+00:00,20.14393926234067,Moderate
airqo_g5558,Kyambogo University,2026-08-06 00:00:00+00:00,20.228549443542565,Moderate
airqo_g5558,Kyambogo University,2026-08-07 00:00:00+00:00,20.2590079372595,Moderate
airqo_g5558,Kyambogo University,2026-08-08 00:00:00+00:00,20.24996037179834,Moderate
airqo_g5558,Kyambogo University,2026-08-09 00:00:00+00:00,20.335072350138287,Moderate
airqo_g5558,Kyambogo University,2026-08-10 00:00:00+00:00,20.337440934493745,Moderate
airqo_g5558,Kyambogo University,2026-08-11 00:00:00+00:00,20.240687496993747,Moderate
airqo_g5558,Kyambogo University,2026-08-12 00:00:00+00:00,20.14393926234067,Moderate
airqo_g5558,Kyambogo University,2026-08-13 00:00:00+00:00,20.228549443542565,Moderate
airqo_g5558,Kyambogo University,2026-08-14 00:00:00+00:00,20.2590079372595,Moderate
airqo_g5559,Kyarwabuganda,2026-08-01 00:00:00+00:00,64.75875769367785,Unhealthy
airqo_g5559,Kyarwabuganda,2026-08-02 00:00:00+00:00,65.25312853941197,Unhealthy
airqo_g5559,Kyarwabuganda,2026-08-03 00:00:00+00:00,65.20784826704546,Unhealthy
airqo_g5559,Kyarwabuganda,2026-08-04 00:00:00+00:00,64.95925474025974,Unhealthy
airqo_g5559,Kyarwabuganda,2026-08-05 00:00:00+00:00,64.45222592577562,Unhealthy
airqo_g5559,Kyarwabuganda,2026-08-06 00:00:00+00:00,63.94525618867244,Unhealthy
airqo_g5559,Kyarwabuganda,2026-08-07 00:00:00+00:00,64.3544352416276,Unhealthy
airqo_g5559,Kyarwabuganda,2026-08-08 00:00:00+00:00,64.75875769367785,Unhealthy
airqo_g5559,Kyarwabuganda,2026-08-09 00:00:00+00:00,65.25312853941197,Unhealthy
airqo_g5559,Kyarwabuganda,2026-08-10 00:00:00+00:00,65.20784826704546,Unhealthy
airqo_g5559,Kyarwabuganda,2026-08-11 00:00:00+00:00,64.95925474025974,Unhealthy
airqo_g5559,Kyarwabuganda,2026-08-12 00:00:00+00:00,64.45222592577562,Unhealthy
airqo_g5559,Kyarwabuganda,2026-08-13 00:00:00+00:00,63.94525618867244,Unhealthy
airqo_g5559,Kyarwabuganda,2026-08-14 00:00:00+00:00,64.3544352416276,Unhealthy
airqo_g5563,Bulange_Mengo,2026-08-01 00:00:00+00:00,44.29281953869048,Unhealthy for Sensitive Groups
airqo_g5563,Bulange_Mengo,2026-08-02 00:00:00+00:00,44.42496231646826,Unhealthy for Sensitive Groups
airqo_g5563,Bulange_Mengo,2026-08-03 00:00:00+00:00,44.361287489929055,Unhealthy for Sensitive Groups
airqo_g5563,Bulange_Mengo,2026-08-04 00:00:00+00:00,44.29200192046958,Unhealthy for Sensitive Groups
airqo_g5563,Bulange_Mengo,2026-08-05 00:00:00+00:00,44.150633597056874,Unhealthy for Sensitive Groups
airqo_g5563,Bulange_Mengo,2026-08-06 00:00:00+00:00,44.081652837151275,Unhealthy for Sensitive Groups
airqo_g5563,Bulange_Mengo,2026-08-07 00:00:00+00:00,44.15549072089947,Unhealthy for Sensitive Groups
airqo_g5563,Bulange_Mengo,2026-08-08 00:00:00+00:00,44.29281953869048,Unhealthy for Sensitive Groups
airqo_g5563,Bulange_Mengo,2026-08-09 00:00:00+00:00,44.42496231646826,Unhealthy for Sensitive Groups
airqo_g5563,Bulange_Mengo,2026-08-10 00:00:00+00:00,44.361287489929055,Unhealthy for Sensitive Groups
airqo_g5563,Bulange_Mengo,2026-08-11 00:00:00+00:00,44.29200192046958,Unhealthy for Sensitive Groups
airqo_g5563,Bulange_Mengo,2026-08-12 00:00:00+00:00,44.150633597056874,Unhealthy for Sensitive Groups
airqo_g5563,Bulange_Mengo,2026-08-13 00:00:00+00:00,44.081652837151275,Unhealthy for Sensitive Groups
airqo_g5563,Bulange_Mengo,2026-08-14 00:00:00+00:00,44.15549072089947,Unhealthy for Sensitive Groups
airqo_g5564,"Busabala, Wakiso",2026-08-01 00:00:00+00:00,43.750669969035606,Unhealthy for Sensitive Groups
airqo_g5564,"Busabala, Wakiso",2026-08-02 00:00:00+00:00,43.94468801632396,Unhealthy for Sensitive Groups
airqo_g5564,"Busabala, Wakiso",2026-08-03 00:00:00+00:00,43.999814316753856,Unhealthy for Sensitive Groups
airqo_g5564,"Busabala, Wakiso",2026-08-04 00:00:00+00:00,43.53434877232143,Unhealthy for Sensitive Groups
airqo_g5564,"Busabala, Wakiso",2026-08-05 00:00:00+00:00,43.329472267691806,Unhealthy for Sensitive Groups
airqo_g5564,"Busabala, Wakiso",2026-08-06 00:00:00+00:00,43.65765557915464,Unhealthy for Sensitive Groups
airqo_g5564,"Busabala, Wakiso",2026-08-07 00:00:00+00:00,43.60250326268639,Unhealthy for Sensitive Groups
airqo_g5564,"Busabala, Wakiso",2026-08-08 00:00:00+00:00,43.750669969035606,Unhealthy for Sensitive Groups
airqo_g5564,"Busabala, Wakiso",2026-08-09 00:00:00+00:00,43.94468801632396,Unhealthy for Sensitive Groups
airqo_g5564,"Busabala, Wakiso",2026-08-10 00:00:00+00:00,43.999814316753856,Unhealthy for Sensitive Groups
airqo_g5564,"Busabala, Wakiso",2026-08-11 00:00:00+00:00,43.53434877232143,Unhealthy for Sensitive Groups
airqo_g5564,"Busabala, Wakiso",2026-08-12 00:00:00+00:00,43.329472267691806,Unhealthy for Sensitive Groups
airqo_g5564,"Busabala, Wakiso",2026-08-13 00:00:00+00:00,43.65765557915464,Unhealthy for Sensitive Groups
airqo_g5564,"Busabala, Wakiso",2026-08-14 00:00:00+00:00,43.60250326268639,Unhealthy for Sensitive Groups
airqo_g5566,Makerere University Business School(MUBS) Nakawa,2026-08-01 00:00:00+00:00,22.586211268413305,Moderate
airqo_g5566,Makerere University Business School(MUBS) Nakawa,2026-08-02 00:00:00+00:00,22.641851847943727,Moderate
airqo_g5566,Makerere University Business School(MUBS) Nakawa,2026-08-03 00:00:00+00:00,22.506490870761183,Moderate
airqo_g5566,Makerere University Business School(MUBS) Nakawa,2026-08-04 00:00:00+00:00,22.185481303962245,Moderate
airqo_g5566,Makerere University Business School(MUBS) Nakawa,2026-08-05 00:00:00+00:00,22.11446379486833,Moderate
airqo_g5566,Makerere University Business School(MUBS) Nakawa,2026-08-06 00:00:00+00:00,22.387021862824678,Moderate
airqo_g5566,Makerere University Business School(MUBS) Nakawa,2026-08-07 00:00:00+00:00,22.60696518045034,Moderate
airqo_g5566,Makerere University Business School(MUBS) Nakawa,2026-08-08 00:00:00+00:00,22.586211268413305,Moderate
airqo_g5566,Makerere University Business School(MUBS) Nakawa,2026-08-09 00:00:00+00:00,22.641851847943727,Moderate
airqo_g5566,Makerere University Business School(MUBS) Nakawa,2026-08-10 00:00:00+00:00,22.506490870761183,Moderate
airqo_g5566,Makerere University Business School(MUBS) Nakawa,2026-08-11 00:00:00+00:00,22.185481303962245,Moderate
airqo_g5566,Makerere University Business School(MUBS) Nakawa,2026-08-12 00:00:00+00:00,22.11446379486833,Moderate
airqo_g5566,Makerere University Business School(MUBS) Nakawa,2026-08-13 00:00:00+00:00,22.387021862824678,Moderate
airqo_g5566,Makerere University Business School(MUBS) Nakawa,2026-08-14 00:00:00+00:00,22.60696518045034,Moderate
airqo_g5567,Kamwokya_OldKiira,2026-08-01 00:00:00+00:00,30.89122775079666,Moderate
airqo_g5567,Kamwokya_OldKiira,2026-08-02 00:00:00+00:00,30.89735513189935,Moderate
airqo_g5567,Kamwokya_OldKiira,2026-08-03 00:00:00+00:00,30.891626612929894,Moderate
airqo_g5567,Kamwokya_OldKiira,2026-08-04 00:00:00+00:00,31.00027227099868,Moderate
airqo_g5567,Kamwokya_OldKiira,2026-08-05 00:00:00+00:00,30.992235423956828,Moderate
airqo_g5567,Kamwokya_OldKiira,2026-08-06 00:00:00+00:00,30.913593452907048,Moderate
airqo_g5567,Kamwokya_OldKiira,2026-08-07 00:00:00+00:00,30.74127420897968,Moderate
airqo_g5567,Kamwokya_OldKiira,2026-08-08 00:00:00+00:00,30.89122775079666,Moderate
airqo_g5567,Kamwokya_OldKiira,2026-08-09 00:00:00+00:00,30.89735513189935,Moderate
airqo_g5567,Kamwokya_OldKiira,2026-08-10 00:00:00+00:00,30.891626612929894,Moderate
airqo_g5567,Kamwokya_OldKiira,2026-08-11 00:00:00+00:00,31.00027227099868,Moderate
airqo_g5567,Kamwokya_OldKiira,2026-08-12 00:00:00+00:00,30.992235423956828,Moderate
airqo_g5567,Kamwokya_OldKiira,2026-08-13 00:00:00+00:00,30.913593452907048,Moderate
airqo_g5567,Kamwokya_OldKiira,2026-08-14 00:00:00+00:00,30.74127420897968,Moderate
airqo_g5568,Kakiika,2026-08-01 00:00:00+00:00,60.690915318211886,Unhealthy
airqo_g5568,Kakiika,2026-08-02 00:00:00+00:00,61.113277385010825,Unhealthy
airqo_g5568,Kakiika,2026-08-03 00:00:00+00:00,61.09800735036376,Unhealthy
airqo_g5568,Kakiika,2026-08-04 00:00:00+00:00,60.49290570684524,Unhealthy
airqo_g5568,Kakiika,2026-08-05 00:00:00+00:00,60.096267993551585,Unhealthy
airqo_g5568,Kakiika,2026-08-06 00:00:00+00:00,60.014848914517195,Unhealthy
airqo_g5568,Kakiika,2026-08-07 00:00:00+00:00,60.470039661796534,Unhealthy
airqo_g5568,Kakiika,2026-08-08 00:00:00+00:00,60.690915318211886,Unhealthy
airqo_g5568,Kakiika,2026-08-09 00:00:00+00:00,61.113277385010825,Unhealthy
airqo_g5568,Kakiika,2026-08-10 00:00:00+00:00,61.09800735036376,Unhealthy
airqo_g5568,Kakiika,2026-08-11 00:00:00+00:00,60.49290570684524,Unhealthy
airqo_g5568,Kakiika,2026-08-12 00:00:00+00:00,60.096267993551585,Unhealthy
airqo_g5568,Kakiika,2026-08-13 00:00:00+00:00,60.014848914517195,Unhealthy
airqo_g5568,Kakiika,2026-08-14 00:00:00+00:00,60.470039661796534,Unhealthy
airqo_g5569,"Buyala 2, Mpigi",2026-08-01 00:00:00+00:00,30.85653537037037,Moderate
airqo_g5569,"Buyala 2, Mpigi",2026-08-02 00:00:00+00:00,30.901426721230155,Moderate
airqo_g5569,"Buyala 2, Mpigi",2026-08-03 00:00:00+00:00,30.879697984758298,Moderate
airqo_g5569,"Buyala 2, Mpigi",2026-08-04 00:00:00+00:00,30.367598060365562,Moderate
airqo_g5569,"Buyala 2, Mpigi",2026-08-05 00:00:00+00:00,30.329185774485932,Moderate
airqo_g5569,"Buyala 2, Mpigi",2026-08-06 00:00:00+00:00,30.55374786112614,Moderate
airqo_g5569,"Buyala 2, Mpigi",2026-08-07 00:00:00+00:00,30.80763439566799,Moderate
airqo_g5569,"Buyala 2, Mpigi",2026-08-08 00:00:00+00:00,30.85653537037037,Moderate
airqo_g5569,"Buyala 2, Mpigi",2026-08-09 00:00:00+00:00,30.901426721230155,Moderate
airqo_g5569,"Buyala 2, Mpigi",2026-08-10 00:00:00+00:00,30.879697984758298,Moderate
airqo_g5569,"Buyala 2, Mpigi",2026-08-11 00:00:00+00:00,30.367598060365562,Moderate
airqo_g5569,"Buyala 2, Mpigi",2026-08-12 00:00:00+00:00,30.329185774485932,Moderate
airqo_g5569,"Buyala 2, Mpigi",2026-08-13 00:00:00+00:00,30.55374786112614,Moderate
airqo_g5569,"Buyala 2, Mpigi",2026-08-14 00:00:00+00:00,30.80763439566799,Moderate
airqo_g5570,Biharwe,2026-08-01 00:00:00+00:00,55.81059213789683,Unhealthy
airqo_g5570,Biharwe,2026-08-02 00:00:00+00:00,56.01627841435186,Unhealthy
airqo_g5570,Biharwe,2026-08-03 00:00:00+00:00,55.83178096523269,Unhealthy
airqo_g5570,Biharwe,2026-08-04 00:00:00+00:00,55.57205888024591,Unhealthy
airqo_g5570,Biharwe,2026-08-05 00:00:00+00:00,55.339661470358344,Unhealthy for Sensitive Groups
airqo_g5570,Biharwe,2026-08-06 00:00:00+00:00,54.44252305021945,Unhealthy for Sensitive Groups
airqo_g5570,Biharwe,2026-08-07 00:00:00+00:00,55.363481502149476,Unhealthy for Sensitive Groups
airqo_g5570,Biharwe,2026-08-08 00:00:00+00:00,55.81059213789683,Unhealthy
airqo_g5570,Biharwe,2026-08-09 00:00:00+00:00,56.01627841435186,Unhealthy
airqo_g5570,Biharwe,2026-08-10 00:00:00+00:00,55.83178096523269,Unhealthy
airqo_g5570,Biharwe,2026-08-11 00:00:00+00:00,55.57205888024591,Unhealthy
airqo_g5570,Biharwe,2026-08-12 00:00:00+00:00,55.339661470358344,Unhealthy for Sensitive Groups
airqo_g5570,Biharwe,2026-08-13 00:00:00+00:00,54.44252305021945,Unhealthy for Sensitive Groups
airqo_g5570,Biharwe,2026-08-14 00:00:00+00:00,55.363481502149476,Unhealthy for Sensitive Groups
airqo_g5573,Buyala 1 Mpigi,2026-08-01 00:00:00+00:00,19.546618192340066,Moderate
airqo_g5573,Buyala 1 Mpigi,2026-08-02 00:00:00+00:00,19.620670278604496,Moderate
airqo_g5573,Buyala 1 Mpigi,2026-08-03 00:00:00+00:00,19.68387443700397,Moderate
airqo_g5573,Buyala 1 Mpigi,2026-08-04 00:00:00+00:00,19.59070836392196,Moderate
airqo_g5573,Buyala 1 Mpigi,2026-08-05 00:00:00+00:00,19.512515684899594,Moderate
airqo_g5573,Buyala 1 Mpigi,2026-08-06 00:00:00+00:00,19.4399744944234,Moderate
airqo_g5573,Buyala 1 Mpigi,2026-08-07 00:00:00+00:00,19.39622506403319,Moderate
airqo_g5573,Buyala 1 Mpigi,2026-08-08 00:00:00+00:00,19.546618192340066,Moderate
airqo_g5573,Buyala 1 Mpigi,2026-08-09 00:00:00+00:00,19.620670278604496,Moderate
airqo_g5573,Buyala 1 Mpigi,2026-08-10 00:00:00+00:00,19.68387443700397,Moderate
airqo_g5573,Buyala 1 Mpigi,2026-08-11 00:00:00+00:00,19.59070836392196,Moderate
airqo_g5573,Buyala 1 Mpigi,2026-08-12 00:00:00+00:00,19.512515684899594,Moderate
airqo_g5573,Buyala 1 Mpigi,2026-08-13 00:00:00+00:00,19.4399744944234,Moderate
airqo_g5573,Buyala 1 Mpigi,2026-08-14 00:00:00+00:00,19.39622506403319,Moderate
aq_04,St.Paul Kyebando C/U Primary School,2026-08-01 00:00:00+00:00,29.497634895607863,Moderate
aq_04,St.Paul Kyebando C/U Primary School,2026-08-02 00:00:00+00:00,29.611132621377465,Moderate
aq_04,St.Paul Kyebando C/U Primary School,2026-08-03 00:00:00+00:00,29.763478635762386,Moderate
aq_04,St.Paul Kyebando C/U Primary School,2026-08-04 00:00:00+00:00,29.637754173581047,Moderate
aq_04,St.Paul Kyebando C/U Primary School,2026-08-05 00:00:00+00:00,29.51379336249399,Moderate
aq_04,St.Paul Kyebando C/U Primary School,2026-08-06 00:00:00+00:00,29.32539399200337,Moderate
aq_04,St.Paul Kyebando C/U Primary School,2026-08-07 00:00:00+00:00,29.267811727618447,Moderate
aq_04,St.Paul Kyebando C/U Primary School,2026-08-08 00:00:00+00:00,29.497634895607863,Moderate
aq_04,St.Paul Kyebando C/U Primary School,2026-08-09 00:00:00+00:00,29.611132621377465,Moderate
aq_04,St.Paul Kyebando C/U Primary School,2026-08-10 00:00:00+00:00,29.763478635762386,Moderate
aq_04,St.Paul Kyebando C/U Primary School,2026-08-11 00:00:00+00:00,29.637754173581047,Moderate
aq_04,St.Paul Kyebando C/U Primary School,2026-08-12 00:00:00+00:00,29.51379336249399,Moderate
aq_04,St.Paul Kyebando C/U Primary School,2026-08-13 00:00:00+00:00,29.32539399200337,Moderate
aq_04,St.Paul Kyebando C/U Primary School,2026-08-14 00:00:00+00:00,29.267811727618447,Moderate
aq_10,"Rwengoma, Kabarole",2026-08-01 00:00:00+00:00,28.035147459190114,Moderate
aq_10,"Rwengoma, Kabarole",2026-08-02 00:00:00+00:00,28.18713747241763,Moderate
aq_10,"Rwengoma, Kabarole",2026-08-03 00:00:00+00:00,28.485975618386245,Moderate
aq_10,"Rwengoma, Kabarole",2026-08-04 00:00:00+00:00,28.284053681081648,Moderate
aq_10,"Rwengoma, Kabarole",2026-08-05 00:00:00+00:00,28.133867951088263,Moderate
aq_10,"Rwengoma, Kabarole",2026-08-06 00:00:00+00:00,28.30694625759079,Moderate
aq_10,"Rwengoma, Kabarole",2026-08-07 00:00:00+00:00,27.937933512430856,Moderate
aq_10,"Rwengoma, Kabarole",2026-08-08 00:00:00+00:00,28.035147459190114,Moderate
aq_10,"Rwengoma, Kabarole",2026-08-09 00:00:00+00:00,28.18713747241763,Moderate
aq_10,"Rwengoma, Kabarole",2026-08-10 00:00:00+00:00,28.485975618386245,Moderate
aq_10,"Rwengoma, Kabarole",2026-08-11 00:00:00+00:00,28.284053681081648,Moderate
aq_10,"Rwengoma, Kabarole",2026-08-12 00:00:00+00:00,28.133867951088263,Moderate
aq_10,"Rwengoma, Kabarole",2026-08-13 00:00:00+00:00,28.30694625759079,Moderate
aq_10,"Rwengoma, Kabarole",2026-08-14 00:00:00+00:00,27.937933512430856,Moderate
aq_18,"Pramukh steel Limited, Njeru ,Jinja",2026-08-01 00:00:00+00:00,31.51488652634981,Moderate
aq_18,"Pramukh steel Limited, Njeru ,Jinja",2026-08-02 00:00:00+00:00,31.560289908459595,Moderate
aq_18,"Pramukh steel Limited, Njeru ,Jinja",2026-08-03 00:00:00+00:00,31.5802115007215,Moderate
aq_18,"Pramukh steel Limited, Njeru ,Jinja",2026-08-04 00:00:00+00:00,31.572462561177247,Moderate
aq_18,"Pramukh steel Limited, Njeru ,Jinja",2026-08-05 00:00:00+00:00,31.52046578621032,Moderate
aq_18,"Pramukh steel Limited, Njeru ,Jinja",2026-08-06 00:00:00+00:00,31.257277421687107,Moderate
aq_18,"Pramukh steel Limited, Njeru ,Jinja",2026-08-07 00:00:00+00:00,31.297666341164625,Moderate
aq_18,"Pramukh steel Limited, Njeru ,Jinja",2026-08-08 00:00:00+00:00,31.51488652634981,Moderate
aq_18,"Pramukh steel Limited, Njeru ,Jinja",2026-08-09 00:00:00+00:00,31.560289908459595,Moderate
aq_18,"Pramukh steel Limited, Njeru ,Jinja",2026-08-10 00:00:00+00:00,31.5802115007215,Moderate
aq_18,"Pramukh steel Limited, Njeru ,Jinja",2026-08-11 00:00:00+00:00,31.572462561177247,Moderate
aq_18,"Pramukh steel Limited, Njeru ,Jinja",2026-08-12 00:00:00+00:00,31.52046578621032,Moderate
aq_18,"Pramukh steel Limited, Njeru ,Jinja",2026-08-13 00:00:00+00:00,31.257277421687107,Moderate
aq_18,"Pramukh steel Limited, Njeru ,Jinja",2026-08-14 00:00:00+00:00,31.297666341164625,Moderate
aq_23,"Jinja Main Street, Jinja",2026-08-01 00:00:00+00:00,25.690601079770925,Moderate
aq_23,"Jinja Main Street, Jinja",2026-08-02 00:00:00+00:00,25.774133847628068,Moderate
aq_23,"Jinja Main Street, Jinja",2026-08-03 00:00:00+00:00,26.067746907317225,Moderate
aq_23,"Jinja Main Street, Jinja",2026-08-04 00:00:00+00:00,25.87954948931277,Moderate
aq_23,"Jinja Main Street, Jinja",2026-08-05 00:00:00+00:00,25.80084359480219,Moderate
aq_23,"Jinja Main Street, Jinja",2026-08-06 00:00:00+00:00,25.86985195872415,Moderate
aq_23,"Jinja Main Street, Jinja",2026-08-07 00:00:00+00:00,25.603111182284152,Moderate
aq_23,"Jinja Main Street, Jinja",2026-08-08 00:00:00+00:00,25.690601079770925,Moderate
aq_23,"Jinja Main Street, Jinja",2026-08-09 00:00:00+00:00,25.774133847628068,Moderate
aq_23,"Jinja Main Street, Jinja",2026-08-10 00:00:00+00:00,26.067746907317225,Moderate
aq_23,"Jinja Main Street, Jinja",2026-08-11 00:00:00+00:00,25.87954948931277,Moderate
aq_23,"Jinja Main Street, Jinja",2026-08-12 00:00:00+00:00,25.80084359480219,Moderate
aq_23,"Jinja Main Street, Jinja",2026-08-13 00:00:00+00:00,25.86985195872415,Moderate
aq_23,"Jinja Main Street, Jinja",2026-08-14 00:00:00+00:00,25.603111182284152,Moderate
aq_27,"Njeru PSL 2(Pramukh steel limited, Jinja)",2026-08-01 00:00:00+00:00,31.07401778161075,Moderate
aq_27,"Njeru PSL 2(Pramukh steel limited, Jinja)",2026-08-02 00:00:00+00:00,31.113800291531387,Moderate
aq_27,"Njeru PSL 2(Pramukh steel limited, Jinja)",2026-08-03 00:00:00+00:00,31.272589467667746,Moderate
aq_27,"Njeru PSL 2(Pramukh steel limited, Jinja)",2026-08-04 00:00:00+00:00,31.0901855804323,Moderate
aq_27,"Njeru PSL 2(Pramukh steel limited, Jinja)",2026-08-05 00:00:00+00:00,31.046398321834417,Moderate
aq_27,"Njeru PSL 2(Pramukh steel limited, Jinja)",2026-08-06 00:00:00+00:00,31.077575780949374,Moderate
aq_27,"Njeru PSL 2(Pramukh steel limited, Jinja)",2026-08-07 00:00:00+00:00,30.97237186680796,Moderate
aq_27,"Njeru PSL 2(Pramukh steel limited, Jinja)",2026-08-08 00:00:00+00:00,31.07401778161075,Moderate
aq_27,"Njeru PSL 2(Pramukh steel limited, Jinja)",2026-08-09 00:00:00+00:00,31.113800291531387,Moderate
aq_27,"Njeru PSL 2(Pramukh steel limited, Jinja)",2026-08-10 00:00:00+00:00,31.272589467667746,Moderate
aq_27,"Njeru PSL 2(Pramukh steel limited, Jinja)",2026-08-11 00:00:00+00:00,31.0901855804323,Moderate
aq_27,"Njeru PSL 2(Pramukh steel limited, Jinja)",2026-08-12 00:00:00+00:00,31.046398321834417,Moderate
aq_27,"Njeru PSL 2(Pramukh steel limited, Jinja)",2026-08-13 00:00:00+00:00,31.077575780949374,Moderate
aq_27,"Njeru PSL 2(Pramukh steel limited, Jinja)",2026-08-14 00:00:00+00:00,30.97237186680796,Moderate
aq_39,"Rubaga, Kampala",2026-08-01 00:00:00+00:00,44.569847566964285,Unhealthy for Sensitive Groups
aq_39,"Rubaga, Kampala",2026-08-02 00:00:00+00:00,44.82170293981482,Unhealthy for Sensitive Groups
aq_39,"Rubaga, Kampala",2026-08-03 00:00:00+00:00,44.84087895389911,Unhealthy for Sensitive Groups
aq_39,"Rubaga, Kampala",2026-08-04 00:00:00+00:00,44.72131904318483,Unhealthy for Sensitive Groups
aq_39,"Rubaga, Kampala",2026-08-05 00:00:00+00:00,44.44393736577081,Unhealthy for Sensitive Groups
aq_39,"Rubaga, Kampala",2026-08-06 00:00:00+00:00,44.28371053541366,Unhealthy for Sensitive Groups
aq_39,"Rubaga, Kampala",2026-08-07 00:00:00+00:00,44.361735071924606,Unhealthy for Sensitive Groups
aq_39,"Rubaga, Kampala",2026-08-08 00:00:00+00:00,44.569847566964285,Unhealthy for Sensitive Groups
aq_39,"Rubaga, Kampala",2026-08-09 00:00:00+00:00,44.82170293981482,Unhealthy for Sensitive Groups
aq_39,"Rubaga, Kampala",2026-08-10 00:00:00+00:00,44.84087895389911,Unhealthy for Sensitive Groups
aq_39,"Rubaga, Kampala",2026-08-11 00:00:00+00:00,44.72131904318483,Unhealthy for Sensitive Groups
aq_39,"Rubaga, Kampala",2026-08-12 00:00:00+00:00,44.44393736577081,Unhealthy for Sensitive Groups
aq_39,"Rubaga, Kampala",2026-08-13 00:00:00+00:00,44.28371053541366,Unhealthy for Sensitive Groups
aq_39,"Rubaga, Kampala",2026-08-14 00:00:00+00:00,44.361735071924606,Unhealthy for Sensitive Groups
aq_40,"Central Ward, Mityana",2026-08-01 00:00:00+00:00,48.93666465563371,Unhealthy for Sensitive Groups
aq_40,"Central Ward, Mityana",2026-08-02 00:00:00+00:00,49.115048904145624,Unhealthy for Sensitive Groups
aq_40,"Central Ward, Mityana",2026-08-03 00:00:00+00:00,49.147520642736886,Unhealthy for Sensitive Groups
aq_40,"Central Ward, Mityana",2026-08-04 00:00:00+00:00,48.52574977347883,Unhealthy for Sensitive Groups
aq_40,"Central Ward, Mityana",2026-08-05 00:00:00+00:00,48.348154833002646,Unhealthy for Sensitive Groups
aq_40,"Central Ward, Mityana",2026-08-06 00:00:00+00:00,48.65455227430555,Unhealthy for Sensitive Groups
aq_40,"Central Ward, Mityana",2026-08-07 00:00:00+00:00,48.799725680765995,Unhealthy for Sensitive Groups
aq_40,"Central Ward, Mityana",2026-08-08 00:00:00+00:00,48.93666465563371,Unhealthy for Sensitive Groups
aq_40,"Central Ward, Mityana",2026-08-09 00:00:00+00:00,49.115048904145624,Unhealthy for Sensitive Groups
aq_40,"Central Ward, Mityana",2026-08-10 00:00:00+00:00,49.147520642736886,Unhealthy for Sensitive Groups
aq_40,"Central Ward, Mityana",2026-08-11 00:00:00+00:00,48.52574977347883,Unhealthy for Sensitive Groups
aq_40,"Central Ward, Mityana",2026-08-12 00:00:00+00:00,48.348154833002646,Unhealthy for Sensitive Groups
aq_40,"Central Ward, Mityana",2026-08-13 00:00:00+00:00,48.65455227430555,Unhealthy for Sensitive Groups
aq_40,"Central Ward, Mityana",2026-08-14 00:00:00+00:00,48.799725680765995,Unhealthy for Sensitive Groups
aq_43,"Makindye, Lukuli Makindye",2026-08-01 00:00:00+00:00,66.6961959862013,Unhealthy
aq_43,"Makindye, Lukuli Makindye",2026-08-02 00:00:00+00:00,67.5599187083634,Unhealthy
aq_43,"Makindye, Lukuli Makindye",2026-08-03 00:00:00+00:00,67.57776429503367,Unhealthy
aq_43,"Makindye, Lukuli Makindye",2026-08-04 00:00:00+00:00,67.20952222410114,Unhealthy
aq_43,"Makindye, Lukuli Makindye",2026-08-05 00:00:00+00:00,66.35020023719336,Unhealthy
aq_43,"Makindye, Lukuli Makindye",2026-08-06 00:00:00+00:00,65.56819586647727,Unhealthy
aq_43,"Makindye, Lukuli Makindye",2026-08-07 00:00:00+00:00,66.28422182216511,Unhealthy
aq_43,"Makindye, Lukuli Makindye",2026-08-08 00:00:00+00:00,66.6961959862013,Unhealthy
aq_43,"Makindye, Lukuli Makindye",2026-08-09 00:00:00+00:00,67.5599187083634,Unhealthy
aq_43,"Makindye, Lukuli Makindye",2026-08-10 00:00:00+00:00,67.57776429503367,Unhealthy
aq_43,"Makindye, Lukuli Makindye",2026-08-11 00:00:00+00:00,67.20952222410114,Unhealthy
aq_43,"Makindye, Lukuli Makindye",2026-08-12 00:00:00+00:00,66.35020023719336,Unhealthy
aq_43,"Makindye, Lukuli Makindye",2026-08-13 00:00:00+00:00,65.56819586647727,Unhealthy
aq_43,"Makindye, Lukuli Makindye",2026-08-14 00:00:00+00:00,66.28422182216511,Unhealthy
aq_44,"Naguru II, Nakawa",2026-08-01 00:00:00+00:00,30.9806658573082,Moderate
aq_44,"Naguru II, Nakawa",2026-08-02 00:00:00+00:00,31.079328112599203,Moderate
aq_44,"Naguru II, Nakawa",2026-08-03 00:00:00+00:00,31.329342290839946,Moderate
aq_44,"Naguru II, Nakawa",2026-08-04 00:00:00+00:00,31.38127413525132,Moderate
aq_44,"Naguru II, Nakawa",2026-08-05 00:00:00+00:00,31.28548946578884,Moderate
aq_44,"Naguru II, Nakawa",2026-08-06 00:00:00+00:00,31.08759561658249,Moderate
aq_44,"Naguru II, Nakawa",2026-08-07 00:00:00+00:00,30.82062853587963,Moderate
aq_44,"Naguru II, Nakawa",2026-08-08 00:00:00+00:00,30.9806658573082,Moderate
aq_44,"Naguru II, Nakawa",2026-08-09 00:00:00+00:00,31.079328112599203,Moderate
aq_44,"Naguru II, Nakawa",2026-08-10 00:00:00+00:00,31.329342290839946,Moderate
aq_44,"Naguru II, Nakawa",2026-08-11 00:00:00+00:00,31.38127413525132,Moderate
aq_44,"Naguru II, Nakawa",2026-08-12 00:00:00+00:00,31.28548946578884,Moderate
aq_44,"Naguru II, Nakawa",2026-08-13 00:00:00+00:00,31.08759561658249,Moderate
aq_44,"Naguru II, Nakawa",2026-08-14 00:00:00+00:00,30.82062853587963,Moderate
aq_46,ACCACIA ACADEMY MUYENGA,2026-08-01 00:00:00+00:00,86.0077334375,Unhealthy
aq_46,ACCACIA ACADEMY MUYENGA,2026-08-02 00:00:00+00:00,86.36564383515211,Unhealthy
aq_46,ACCACIA ACADEMY MUYENGA,2026-08-03 00:00:00+00:00,86.38705964120369,Unhealthy
aq_46,ACCACIA ACADEMY MUYENGA,2026-08-04 00:00:00+00:00,85.38278087549604,Unhealthy
aq_46,ACCACIA ACADEMY MUYENGA,2026-08-05 00:00:00+00:00,85.02410550595238,Unhealthy
aq_46,ACCACIA ACADEMY MUYENGA,2026-08-06 00:00:00+00:00,85.24803675595237,Unhealthy
aq_46,ACCACIA ACADEMY MUYENGA,2026-08-07 00:00:00+00:00,85.89644210978837,Unhealthy
aq_46,ACCACIA ACADEMY MUYENGA,2026-08-08 00:00:00+00:00,86.0077334375,Unhealthy
aq_46,ACCACIA ACADEMY MUYENGA,2026-08-09 00:00:00+00:00,86.36564383515211,Unhealthy
aq_46,ACCACIA ACADEMY MUYENGA,2026-08-10 00:00:00+00:00,86.38705964120369,Unhealthy
aq_46,ACCACIA ACADEMY MUYENGA,2026-08-11 00:00:00+00:00,85.38278087549604,Unhealthy
aq_46,ACCACIA ACADEMY MUYENGA,2026-08-12 00:00:00+00:00,85.02410550595238,Unhealthy
aq_46,ACCACIA ACADEMY MUYENGA,2026-08-13 00:00:00+00:00,85.24803675595237,Unhealthy
aq_46,ACCACIA ACADEMY MUYENGA,2026-08-14 00:00:00+00:00,85.89644210978837,Unhealthy
aq_47,"Bukoto I, Kawempe",2026-08-01 00:00:00+00:00,63.16105175760581,Unhealthy
aq_47,"Bukoto I, Kawempe",2026-08-02 00:00:00+00:00,63.61689776041666,Unhealthy
aq_47,"Bukoto I, Kawempe",2026-08-03 00:00:00+00:00,63.44899630012927,Unhealthy
aq_47,"Bukoto I, Kawempe",2026-08-04 00:00:00+00:00,62.800553922483765,Unhealthy
aq_47,"Bukoto I, Kawempe",2026-08-05 00:00:00+00:00,62.286976812169314,Unhealthy
aq_47,"Bukoto I, Kawempe",2026-08-06 00:00:00+00:00,62.48383724950397,Unhealthy
aq_47,"Bukoto I, Kawempe",2026-08-07 00:00:00+00:00,63.025501190476184,Unhealthy
aq_47,"Bukoto I, Kawempe",2026-08-08 00:00:00+00:00,63.16105175760581,Unhealthy
aq_47,"Bukoto I, Kawempe",2026-08-09 00:00:00+00:00,63.61689776041666,Unhealthy
aq_47,"Bukoto I, Kawempe",2026-08-10 00:00:00+00:00,63.44899630012927,Unhealthy
aq_47,"Bukoto I, Kawempe",2026-08-11 00:00:00+00:00,62.800553922483765,Unhealthy
aq_47,"Bukoto I, Kawempe",2026-08-12 00:00:00+00:00,62.286976812169314,Unhealthy
aq_47,"Bukoto I, Kawempe",2026-08-13 00:00:00+00:00,62.48383724950397,Unhealthy
aq_47,"Bukoto I, Kawempe",2026-08-14 00:00:00+00:00,63.025501190476184,Unhealthy
aq_48,"Seguku, Makindye-Ssabagabo",2026-08-01 00:00:00+00:00,33.729405477017195,Moderate
aq_48,"Seguku, Makindye-Ssabagabo",2026-08-02 00:00:00+00:00,33.99289092261905,Moderate
aq_48,"Seguku, Makindye-Ssabagabo",2026-08-03 00:00:00+00:00,34.159660286044975,Moderate
aq_48,"Seguku, Makindye-Ssabagabo",2026-08-04 00:00:00+00:00,34.571076421130954,Moderate
aq_48,"Seguku, Makindye-Ssabagabo",2026-08-05 00:00:00+00:00,34.329588697089946,Moderate
aq_48,"Seguku, Makindye-Ssabagabo",2026-08-06 00:00:00+00:00,33.47237415900072,Moderate
aq_48,"Seguku, Makindye-Ssabagabo",2026-08-07 00:00:00+00:00,33.33503901928511,Moderate
aq_48,"Seguku, Makindye-Ssabagabo",2026-08-08 00:00:00+00:00,33.729405477017195,Moderate
aq_48,"Seguku, Makindye-Ssabagabo",2026-08-09 00:00:00+00:00,33.99289092261905,Moderate
aq_48,"Seguku, Makindye-Ssabagabo",2026-08-10 00:00:00+00:00,34.159660286044975,Moderate
aq_48,"Seguku, Makindye-Ssabagabo",2026-08-11 00:00:00+00:00,34.571076421130954,Moderate
aq_48,"Seguku, Makindye-Ssabagabo",2026-08-12 00:00:00+00:00,34.329588697089946,Moderate
aq_48,"Seguku, Makindye-Ssabagabo",2026-08-13 00:00:00+00:00,33.47237415900072,Moderate
aq_48,"Seguku, Makindye-Ssabagabo",2026-08-14 00:00:00+00:00,33.33503901928511,Moderate
aq_54,"Kalerwe, Kawempe",2026-08-01 00:00:00+00:00,74.74063442700817,Unhealthy
aq_54,"Kalerwe, Kawempe",2026-08-02 00:00:00+00:00,75.30093294304653,Unhealthy
aq_54,"Kalerwe, Kawempe",2026-08-03 00:00:00+00:00,74.98604314018158,Unhealthy
aq_54,"Kalerwe, Kawempe",2026-08-04 00:00:00+00:00,74.47327602821369,Unhealthy
aq_54,"Kalerwe, Kawempe",2026-08-05 00:00:00+00:00,73.90087070639431,Unhealthy
aq_54,"Kalerwe, Kawempe",2026-08-06 00:00:00+00:00,74.0587681773088,Unhealthy
aq_54,"Kalerwe, Kawempe",2026-08-07 00:00:00+00:00,74.60799524876744,Unhealthy
aq_54,"Kalerwe, Kawempe",2026-08-08 00:00:00+00:00,74.74063442700817,Unhealthy
aq_54,"Kalerwe, Kawempe",2026-08-09 00:00:00+00:00,75.30093294304653,Unhealthy
aq_54,"Kalerwe, Kawempe",2026-08-10 00:00:00+00:00,74.98604314018158,Unhealthy
aq_54,"Kalerwe, Kawempe",2026-08-11 00:00:00+00:00,74.47327602821369,Unhealthy
aq_54,"Kalerwe, Kawempe",2026-08-12 00:00:00+00:00,73.90087070639431,Unhealthy
aq_54,"Kalerwe, Kawempe",2026-08-13 00:00:00+00:00,74.0587681773088,Unhealthy
aq_54,"Kalerwe, Kawempe",2026-08-14 00:00:00+00:00,74.60799524876744,Unhealthy
aq_58,"Nansana east ward, Wakiso",2026-08-01 00:00:00+00:00,24.90781674685847,Moderate
aq_58,"Nansana east ward, Wakiso",2026-08-02 00:00:00+00:00,24.886429150132276,Moderate
aq_58,"Nansana east ward, Wakiso",2026-08-03 00:00:00+00:00,24.968449287668353,Moderate
aq_58,"Nansana east ward, Wakiso",2026-08-04 00:00:00+00:00,24.83195226137867,Moderate
aq_58,"Nansana east ward, Wakiso",2026-08-05 00:00:00+00:00,24.845236316438193,Moderate
aq_58,"Nansana east ward, Wakiso",2026-08-06 00:00:00+00:00,25.15425199231903,Moderate
aq_58,"Nansana east ward, Wakiso",2026-08-07 00:00:00+00:00,25.03247023606602,Moderate
aq_58,"Nansana east ward, Wakiso",2026-08-08 00:00:00+00:00,24.90781674685847,Moderate
aq_58,"Nansana east ward, Wakiso",2026-08-09 00:00:00+00:00,24.886429150132276,Moderate
aq_58,"Nansana east ward, Wakiso",2026-08-10 00:00:00+00:00,24.968449287668353,Moderate
aq_58,"Nansana east ward, Wakiso",2026-08-11 00:00:00+00:00,24.83195226137867,Moderate
aq_58,"Nansana east ward, Wakiso",2026-08-12 00:00:00+00:00,24.845236316438193,Moderate
aq_58,"Nansana east ward, Wakiso",2026-08-13 00:00:00+00:00,25.15425199231903,Moderate
aq_58,"Nansana east ward, Wakiso",2026-08-14 00:00:00+00:00,25.03247023606602,Moderate
aq_59,"Kyaliwajala, Kira Municipality",2026-08-01 00:00:00+00:00,71.12168690972223,Unhealthy
aq_59,"Kyaliwajala, Kira Municipality",2026-08-02 00:00:00+00:00,71.80022968501986,Unhealthy
aq_59,"Kyaliwajala, Kira Municipality",2026-08-03 00:00:00+00:00,71.85241757688493,Unhealthy
aq_59,"Kyaliwajala, Kira Municipality",2026-08-04 00:00:00+00:00,71.43199184275794,Unhealthy
aq_59,"Kyaliwajala, Kira Municipality",2026-08-05 00:00:00+00:00,70.7618679604828,Unhealthy
aq_59,"Kyaliwajala, Kira Municipality",2026-08-06 00:00:00+00:00,70.10513694609789,Unhealthy
aq_59,"Kyaliwajala, Kira Municipality",2026-08-07 00:00:00+00:00,70.77973500165344,Unhealthy
aq_59,"Kyaliwajala, Kira Municipality",2026-08-08 00:00:00+00:00,71.12168690972223,Unhealthy
aq_59,"Kyaliwajala, Kira Municipality",2026-08-09 00:00:00+00:00,71.80022968501986,Unhealthy
aq_59,"Kyaliwajala, Kira Municipality",2026-08-10 00:00:00+00:00,71.85241757688493,Unhealthy
aq_59,"Kyaliwajala, Kira Municipality",2026-08-11 00:00:00+00:00,71.43199184275794,Unhealthy
aq_59,"Kyaliwajala, Kira Municipality",2026-08-12 00:00:00+00:00,70.7618679604828,Unhealthy
aq_59,"Kyaliwajala, Kira Municipality",2026-08-13 00:00:00+00:00,70.10513694609789,Unhealthy
aq_59,"Kyaliwajala, Kira Municipality",2026-08-14 00:00:00+00:00,70.77973500165344,Unhealthy
aq_60,"Butabika, Nakawa",2026-08-01 00:00:00+00:00,36.54719081679894,Unhealthy for Sensitive Groups
aq_60,"Butabika, Nakawa",2026-08-02 00:00:00+00:00,36.788761226851854,Unhealthy for Sensitive Groups
aq_60,"Butabika, Nakawa",2026-08-03 00:00:00+00:00,36.93573328703703,Unhealthy for Sensitive Groups
aq_60,"Butabika, Nakawa",2026-08-04 00:00:00+00:00,36.69155402281746,Unhealthy for Sensitive Groups
aq_60,"Butabika, Nakawa",2026-08-05 00:00:00+00:00,36.46479295386904,Unhealthy for Sensitive Groups
aq_60,"Butabika, Nakawa",2026-08-06 00:00:00+00:00,36.50884154017857,Unhealthy for Sensitive Groups
aq_60,"Butabika, Nakawa",2026-08-07 00:00:00+00:00,36.40371996858466,Unhealthy for Sensitive Groups
aq_60,"Butabika, Nakawa",2026-08-08 00:00:00+00:00,36.54719081679894,Unhealthy for Sensitive Groups
aq_60,"Butabika, Nakawa",2026-08-09 00:00:00+00:00,36.788761226851854,Unhealthy for Sensitive Groups
aq_60,"Butabika, Nakawa",2026-08-10 00:00:00+00:00,36.93573328703703,Unhealthy for Sensitive Groups
aq_60,"Butabika, Nakawa",2026-08-11 00:00:00+00:00,36.69155402281746,Unhealthy for Sensitive Groups
aq_60,"Butabika, Nakawa",2026-08-12 00:00:00+00:00,36.46479295386904,Unhealthy for Sensitive Groups
aq_60,"Butabika, Nakawa",2026-08-13 00:00:00+00:00,36.50884154017857,Unhealthy for Sensitive Groups
aq_60,"Butabika, Nakawa",2026-08-14 00:00:00+00:00,36.40371996858466,Unhealthy for Sensitive Groups
aq_62,"Makerere University_01, Kawempe",2026-08-01 00:00:00+00:00,65.48357568783068,Unhealthy
aq_62,"Makerere University_01, Kawempe",2026-08-02 00:00:00+00:00,66.03833092179234,Unhealthy
aq_62,"Makerere University_01, Kawempe",2026-08-03 00:00:00+00:00,65.95943918320106,Unhealthy
aq_62,"Makerere University_01, Kawempe",2026-08-04 00:00:00+00:00,65.64820335978837,Unhealthy
aq_62,"Makerere University_01, Kawempe",2026-08-05 00:00:00+00:00,65.09686716352513,Unhealthy
aq_62,"Makerere University_01, Kawempe",2026-08-06 00:00:00+00:00,64.99011633680556,Unhealthy
aq_62,"Makerere University_01, Kawempe",2026-08-07 00:00:00+00:00,65.34328201306216,Unhealthy
aq_62,"Makerere University_01, Kawempe",2026-08-08 00:00:00+00:00,65.48357568783068,Unhealthy
aq_62,"Makerere University_01, Kawempe",2026-08-09 00:00:00+00:00,66.03833092179234,Unhealthy
aq_62,"Makerere University_01, Kawempe",2026-08-10 00:00:00+00:00,65.95943918320106,Unhealthy
aq_62,"Makerere University_01, Kawempe",2026-08-11 00:00:00+00:00,65.64820335978837,Unhealthy
aq_62,"Makerere University_01, Kawempe",2026-08-12 00:00:00+00:00,65.09686716352513,Unhealthy
aq_62,"Makerere University_01, Kawempe",2026-08-13 00:00:00+00:00,64.99011633680556,Unhealthy
aq_62,"Makerere University_01, Kawempe",2026-08-14 00:00:00+00:00,65.34328201306216,Unhealthy
aq_66,"Nakasero II, Kampala 66",2026-08-01 00:00:00+00:00,37.193824693136726,Unhealthy for Sensitive Groups
aq_66,"Nakasero II, Kampala 66",2026-08-02 00:00:00+00:00,37.31985149207852,Unhealthy for Sensitive Groups
aq_66,"Nakasero II, Kampala 66",2026-08-03 00:00:00+00:00,37.407343839511185,Unhealthy for Sensitive Groups
aq_66,"Nakasero II, Kampala 66",2026-08-04 00:00:00+00:00,37.22583346500721,Unhealthy for Sensitive Groups
aq_66,"Nakasero II, Kampala 66",2026-08-05 00:00:00+00:00,37.099192027341864,Unhealthy for Sensitive Groups
aq_66,"Nakasero II, Kampala 66",2026-08-06 00:00:00+00:00,37.1279515631764,Unhealthy for Sensitive Groups
aq_66,"Nakasero II, Kampala 66",2026-08-07 00:00:00+00:00,37.12783255441318,Unhealthy for Sensitive Groups
aq_66,"Nakasero II, Kampala 66",2026-08-08 00:00:00+00:00,37.193824693136726,Unhealthy for Sensitive Groups
aq_66,"Nakasero II, Kampala 66",2026-08-09 00:00:00+00:00,37.31985149207852,Unhealthy for Sensitive Groups
aq_66,"Nakasero II, Kampala 66",2026-08-10 00:00:00+00:00,37.407343839511185,Unhealthy for Sensitive Groups
aq_66,"Nakasero II, Kampala 66",2026-08-11 00:00:00+00:00,37.22583346500721,Unhealthy for Sensitive Groups
aq_66,"Nakasero II, Kampala 66",2026-08-12 00:00:00+00:00,37.099192027341864,Unhealthy for Sensitive Groups
aq_66,"Nakasero II, Kampala 66",2026-08-13 00:00:00+00:00,37.1279515631764,Unhealthy for Sensitive Groups
aq_66,"Nakasero II, Kampala 66",2026-08-14 00:00:00+00:00,37.12783255441318,Unhealthy for Sensitive Groups
aq_69,"Ntinda Junction, Kampala Uganda",2026-08-01 00:00:00+00:00,55.287530160007826,Unhealthy for Sensitive Groups
aq_69,"Ntinda Junction, Kampala Uganda",2026-08-02 00:00:00+00:00,55.90959136784512,Unhealthy
aq_69,"Ntinda Junction, Kampala Uganda",2026-08-03 00:00:00+00:00,55.832872578162586,Unhealthy
aq_69,"Ntinda Junction, Kampala Uganda",2026-08-04 00:00:00+00:00,55.22644590736232,Unhealthy for Sensitive Groups
aq_69,"Ntinda Junction, Kampala Uganda",2026-08-05 00:00:00+00:00,54.57942752690597,Unhealthy for Sensitive Groups
aq_69,"Ntinda Junction, Kampala Uganda",2026-08-06 00:00:00+00:00,54.74636845035173,Unhealthy for Sensitive Groups
aq_69,"Ntinda Junction, Kampala Uganda",2026-08-07 00:00:00+00:00,55.17953981443904,Unhealthy for Sensitive Groups
aq_69,"Ntinda Junction, Kampala Uganda",2026-08-08 00:00:00+00:00,55.287530160007826,Unhealthy for Sensitive Groups
aq_69,"Ntinda Junction, Kampala Uganda",2026-08-09 00:00:00+00:00,55.90959136784512,Unhealthy
aq_69,"Ntinda Junction, Kampala Uganda",2026-08-10 00:00:00+00:00,55.832872578162586,Unhealthy
aq_69,"Ntinda Junction, Kampala Uganda",2026-08-11 00:00:00+00:00,55.22644590736232,Unhealthy for Sensitive Groups
aq_69,"Ntinda Junction, Kampala Uganda",2026-08-12 00:00:00+00:00,54.57942752690597,Unhealthy for Sensitive Groups
aq_69,"Ntinda Junction, Kampala Uganda",2026-08-13 00:00:00+00:00,54.74636845035173,Unhealthy for Sensitive Groups
aq_69,"Ntinda Junction, Kampala Uganda",2026-08-14 00:00:00+00:00,55.17953981443904,Unhealthy for Sensitive Groups
aq_70,"Kasenge, Wakiso",2026-08-01 00:00:00+00:00,95.51503487847224,Unhealthy
aq_70,"Kasenge, Wakiso",2026-08-02 00:00:00+00:00,95.92768850363757,Unhealthy
aq_70,"Kasenge, Wakiso",2026-08-03 00:00:00+00:00,95.48838242890211,Unhealthy
aq_70,"Kasenge, Wakiso",2026-08-04 00:00:00+00:00,94.83860077876984,Unhealthy
aq_70,"Kasenge, Wakiso",2026-08-05 00:00:00+00:00,94.36536225777117,Unhealthy
aq_70,"Kasenge, Wakiso",2026-08-06 00:00:00+00:00,94.52574406663359,Unhealthy
aq_70,"Kasenge, Wakiso",2026-08-07 00:00:00+00:00,95.51650403769843,Unhealthy
aq_70,"Kasenge, Wakiso",2026-08-08 00:00:00+00:00,95.51503487847224,Unhealthy
aq_70,"Kasenge, Wakiso",2026-08-09 00:00:00+00:00,95.92768850363757,Unhealthy
aq_70,"Kasenge, Wakiso",2026-08-10 00:00:00+00:00,95.48838242890211,Unhealthy
aq_70,"Kasenge, Wakiso",2026-08-11 00:00:00+00:00,94.83860077876984,Unhealthy
aq_70,"Kasenge, Wakiso",2026-08-12 00:00:00+00:00,94.36536225777117,Unhealthy
aq_70,"Kasenge, Wakiso",2026-08-13 00:00:00+00:00,94.52574406663359,Unhealthy
aq_70,"Kasenge, Wakiso",2026-08-14 00:00:00+00:00,95.51650403769843,Unhealthy
aq_71,"Mbalwa, Kira Municipality",2026-08-01 00:00:00+00:00,58.14386875992063,Unhealthy
aq_71,"Mbalwa, Kira Municipality",2026-08-02 00:00:00+00:00,58.39456786375661,Unhealthy
aq_71,"Mbalwa, Kira Municipality",2026-08-03 00:00:00+00:00,58.275113671161016,Unhealthy
aq_71,"Mbalwa, Kira Municipality",2026-08-04 00:00:00+00:00,57.86573284857503,Unhealthy
aq_71,"Mbalwa, Kira Municipality",2026-08-05 00:00:00+00:00,57.588152624834656,Unhealthy
aq_71,"Mbalwa, Kira Municipality",2026-08-06 00:00:00+00:00,56.77603025876323,Unhealthy
aq_71,"Mbalwa, Kira Municipality",2026-08-07 00:00:00+00:00,57.608528610284395,Unhealthy
aq_71,"Mbalwa, Kira Municipality",2026-08-08 00:00:00+00:00,58.14386875992063,Unhealthy
aq_71,"Mbalwa, Kira Municipality",2026-08-09 00:00:00+00:00,58.39456786375661,Unhealthy
aq_71,"Mbalwa, Kira Municipality",2026-08-10 00:00:00+00:00,58.275113671161016,Unhealthy
aq_71,"Mbalwa, Kira Municipality",2026-08-11 00:00:00+00:00,57.86573284857503,Unhealthy
aq_71,"Mbalwa, Kira Municipality",2026-08-12 00:00:00+00:00,57.588152624834656,Unhealthy
aq_71,"Mbalwa, Kira Municipality",2026-08-13 00:00:00+00:00,56.77603025876323,Unhealthy
aq_71,"Mbalwa, Kira Municipality",2026-08-14 00:00:00+00:00,57.608528610284395,Unhealthy
aq_72,"Luwafu, Makindye",2026-08-01 00:00:00+00:00,33.22519690964707,Moderate
aq_72,"Luwafu, Makindye",2026-08-02 00:00:00+00:00,33.38869890790344,Moderate
aq_72,"Luwafu, Makindye",2026-08-03 00:00:00+00:00,33.42887689897487,Moderate
aq_72,"Luwafu, Makindye",2026-08-04 00:00:00+00:00,33.06218283812831,Moderate
aq_72,"Luwafu, Makindye",2026-08-05 00:00:00+00:00,32.91395584483225,Moderate
aq_72,"Luwafu, Makindye",2026-08-06 00:00:00+00:00,32.99173049016955,Moderate
aq_72,"Luwafu, Makindye",2026-08-07 00:00:00+00:00,33.17851341344998,Moderate
aq_72,"Luwafu, Makindye",2026-08-08 00:00:00+00:00,33.22519690964707,Moderate
aq_72,"Luwafu, Makindye",2026-08-09 00:00:00+00:00,33.38869890790344,Moderate
aq_72,"Luwafu, Makindye",2026-08-10 00:00:00+00:00,33.42887689897487,Moderate
aq_72,"Luwafu, Makindye",2026-08-11 00:00:00+00:00,33.06218283812831,Moderate
aq_72,"Luwafu, Makindye",2026-08-12 00:00:00+00:00,32.91395584483225,Moderate
aq_72,"Luwafu, Makindye",2026-08-13 00:00:00+00:00,32.99173049016955,Moderate
aq_72,"Luwafu, Makindye",2026-08-14 00:00:00+00:00,33.17851341344998,Moderate
aq_78,"Lubanga Road, Mubende",2026-08-01 00:00:00+00:00,30.958196530257936,Moderate
aq_78,"Lubanga Road, Mubende",2026-08-02 00:00:00+00:00,30.985159312996032,Moderate
aq_78,"Lubanga Road, Mubende",2026-08-03 00:00:00+00:00,31.064168433366405,Moderate
aq_78,"Lubanga Road, Mubende",2026-08-04 00:00:00+00:00,30.934168472222222,Moderate
aq_78,"Lubanga Road, Mubende",2026-08-05 00:00:00+00:00,30.917323016699736,Moderate
aq_78,"Lubanga Road, Mubende",2026-08-06 00:00:00+00:00,30.910292383432537,Moderate
aq_78,"Lubanga Road, Mubende",2026-08-07 00:00:00+00:00,30.850510927579364,Moderate
aq_78,"Lubanga Road, Mubende",2026-08-08 00:00:00+00:00,30.958196530257936,Moderate
aq_78,"Lubanga Road, Mubende",2026-08-09 00:00:00+00:00,30.985159312996032,Moderate
aq_78,"Lubanga Road, Mubende",2026-08-10 00:00:00+00:00,31.064168433366405,Moderate
aq_78,"Lubanga Road, Mubende",2026-08-11 00:00:00+00:00,30.934168472222222,Moderate
aq_78,"Lubanga Road, Mubende",2026-08-12 00:00:00+00:00,30.917323016699736,Moderate
aq_78,"Lubanga Road, Mubende",2026-08-13 00:00:00+00:00,30.910292383432537,Moderate
aq_78,"Lubanga Road, Mubende",2026-08-14 00:00:00+00:00,30.850510927579364,Moderate
aq_79,"Ntinda, Nakawa",2026-08-01 00:00:00+00:00,72.54012836392197,Unhealthy
aq_79,"Ntinda, Nakawa",2026-08-02 00:00:00+00:00,72.8923427703373,Unhealthy
aq_79,"Ntinda, Nakawa",2026-08-03 00:00:00+00:00,72.88394048002344,Unhealthy
aq_79,"Ntinda, Nakawa",2026-08-04 00:00:00+00:00,72.58981998895202,Unhealthy
aq_79,"Ntinda, Nakawa",2026-08-05 00:00:00+00:00,72.23994041997355,Unhealthy
aq_79,"Ntinda, Nakawa",2026-08-06 00:00:00+00:00,71.84334903852512,Unhealthy
aq_79,"Ntinda, Nakawa",2026-08-07 00:00:00+00:00,72.20192445601852,Unhealthy
aq_79,"Ntinda, Nakawa",2026-08-08 00:00:00+00:00,72.54012836392197,Unhealthy
aq_79,"Ntinda, Nakawa",2026-08-09 00:00:00+00:00,72.8923427703373,Unhealthy
aq_79,"Ntinda, Nakawa",2026-08-10 00:00:00+00:00,72.88394048002344,Unhealthy
aq_79,"Ntinda, Nakawa",2026-08-11 00:00:00+00:00,72.58981998895202,Unhealthy
aq_79,"Ntinda, Nakawa",2026-08-12 00:00:00+00:00,72.23994041997355,Unhealthy
aq_79,"Ntinda, Nakawa",2026-08-13 00:00:00+00:00,71.84334903852512,Unhealthy
aq_79,"Ntinda, Nakawa",2026-08-14 00:00:00+00:00,72.20192445601852,Unhealthy
aq_82,"Kamwokya, Kira Road, Kampala, Uganda",2026-08-01 00:00:00+00:00,34.25640802992725,Moderate
aq_82,"Kamwokya, Kira Road, Kampala, Uganda",2026-08-02 00:00:00+00:00,34.28437665343915,Moderate
aq_82,"Kamwokya, Kira Road, Kampala, Uganda",2026-08-03 00:00:00+00:00,34.37990953508297,Moderate
aq_82,"Kamwokya, Kira Road, Kampala, Uganda",2026-08-04 00:00:00+00:00,34.260956227377946,Moderate
aq_82,"Kamwokya, Kira Road, Kampala, Uganda",2026-08-05 00:00:00+00:00,34.218950783429534,Moderate
aq_82,"Kamwokya, Kira Road, Kampala, Uganda",2026-08-06 00:00:00+00:00,34.07400684741763,Moderate
aq_82,"Kamwokya, Kira Road, Kampala, Uganda",2026-08-07 00:00:00+00:00,34.09799447751323,Moderate
aq_82,"Kamwokya, Kira Road, Kampala, Uganda",2026-08-08 00:00:00+00:00,34.25640802992725,Moderate
aq_82,"Kamwokya, Kira Road, Kampala, Uganda",2026-08-09 00:00:00+00:00,34.28437665343915,Moderate
aq_82,"Kamwokya, Kira Road, Kampala, Uganda",2026-08-10 00:00:00+00:00,34.37990953508297,Moderate
aq_82,"Kamwokya, Kira Road, Kampala, Uganda",2026-08-11 00:00:00+00:00,34.260956227377946,Moderate
aq_82,"Kamwokya, Kira Road, Kampala, Uganda",2026-08-12 00:00:00+00:00,34.218950783429534,Moderate
aq_82,"Kamwokya, Kira Road, Kampala, Uganda",2026-08-13 00:00:00+00:00,34.07400684741763,Moderate
aq_82,"Kamwokya, Kira Road, Kampala, Uganda",2026-08-14 00:00:00+00:00,34.09799447751323,Moderate
aq_88,"Makerere, Kawempe",2026-08-01 00:00:00+00:00,56.38700392308502,Unhealthy
aq_88,"Makerere, Kawempe",2026-08-02 00:00:00+00:00,56.81089984818423,Unhealthy
aq_88,"Makerere, Kawempe",2026-08-03 00:00:00+00:00,56.94402199600169,Unhealthy
aq_88,"Makerere, Kawempe",2026-08-04 00:00:00+00:00,56.85711667936809,Unhealthy
aq_88,"Makerere, Kawempe",2026-08-05 00:00:00+00:00,56.45818371557841,Unhealthy
aq_88,"Makerere, Kawempe",2026-08-06 00:00:00+00:00,55.44771149500962,Unhealthy for Sensitive Groups
aq_88,"Makerere, Kawempe",2026-08-07 00:00:00+00:00,55.84069472169613,Unhealthy
aq_88,"Makerere, Kawempe",2026-08-08 00:00:00+00:00,56.38700392308502,Unhealthy
aq_88,"Makerere, Kawempe",2026-08-09 00:00:00+00:00,56.81089984818423,Unhealthy
aq_88,"Makerere, Kawempe",2026-08-10 00:00:00+00:00,56.94402199600169,Unhealthy
aq_88,"Makerere, Kawempe",2026-08-11 00:00:00+00:00,56.85711667936809,Unhealthy
aq_88,"Makerere, Kawempe",2026-08-12 00:00:00+00:00,56.45818371557841,Unhealthy
aq_88,"Makerere, Kawempe",2026-08-13 00:00:00+00:00,55.44771149500962,Unhealthy for Sensitive Groups
aq_88,"Makerere, Kawempe",2026-08-14 00:00:00+00:00,55.84069472169613,Unhealthy
aq_93,"Nyendo, Masaka",2026-08-01 00:00:00+00:00,37.322130943287036,Unhealthy for Sensitive Groups
aq_93,"Nyendo, Masaka",2026-08-02 00:00:00+00:00,37.38834238508598,Unhealthy for Sensitive Groups
aq_93,"Nyendo, Masaka",2026-08-03 00:00:00+00:00,37.62149450517075,Unhealthy for Sensitive Groups
aq_93,"Nyendo, Masaka",2026-08-04 00:00:00+00:00,37.50438891985329,Unhealthy for Sensitive Groups
aq_93,"Nyendo, Masaka",2026-08-05 00:00:00+00:00,37.447575660098,Unhealthy for Sensitive Groups
aq_93,"Nyendo, Masaka",2026-08-06 00:00:00+00:00,37.36201553819444,Unhealthy for Sensitive Groups
aq_93,"Nyendo, Masaka",2026-08-07 00:00:00+00:00,37.199820100033065,Unhealthy for Sensitive Groups
aq_93,"Nyendo, Masaka",2026-08-08 00:00:00+00:00,37.322130943287036,Unhealthy for Sensitive Groups
aq_93,"Nyendo, Masaka",2026-08-09 00:00:00+00:00,37.38834238508598,Unhealthy for Sensitive Groups
aq_93,"Nyendo, Masaka",2026-08-10 00:00:00+00:00,37.62149450517075,Unhealthy for Sensitive Groups
aq_93,"Nyendo, Masaka",2026-08-11 00:00:00+00:00,37.50438891985329,Unhealthy for Sensitive Groups
aq_93,"Nyendo, Masaka",2026-08-12 00:00:00+00:00,37.447575660098,Unhealthy for Sensitive Groups
aq_93,"Nyendo, Masaka",2026-08-13 00:00:00+00:00,37.36201553819444,Unhealthy for Sensitive Groups
aq_93,"Nyendo, Masaka",2026-08-14 00:00:00+00:00,37.199820100033065,Unhealthy for Sensitive Groups
aq_g4_95,"YMCA, Jinja",2026-08-01 00:00:00+00:00,31.72371766030844,Moderate
aq_g4_95,"YMCA, Jinja",2026-08-02 00:00:00+00:00,31.786601402867962,Moderate
aq_g4_95,"YMCA, Jinja",2026-08-03 00:00:00+00:00,32.01287612095659,Moderate
aq_g4_95,"YMCA, Jinja",2026-08-04 00:00:00+00:00,31.75982389708093,Moderate
aq_g4_95,"YMCA, Jinja",2026-08-05 00:00:00+00:00,31.69800337872775,Moderate
aq_g4_95,"YMCA, Jinja",2026-08-06 00:00:00+00:00,31.777722037112195,Moderate
aq_g4_95,"YMCA, Jinja",2026-08-07 00:00:00+00:00,31.595440684598966,Moderate
aq_g4_95,"YMCA, Jinja",2026-08-08 00:00:00+00:00,31.72371766030844,Moderate
aq_g4_95,"YMCA, Jinja",2026-08-09 00:00:00+00:00,31.786601402867962,Moderate
aq_g4_95,"YMCA, Jinja",2026-08-10 00:00:00+00:00,32.01287612095659,Moderate
aq_g4_95,"YMCA, Jinja",2026-08-11 00:00:00+00:00,31.75982389708093,Moderate
aq_g4_95,"YMCA, Jinja",2026-08-12 00:00:00+00:00,31.69800337872775,Moderate
aq_g4_95,"YMCA, Jinja",2026-08-13 00:00:00+00:00,31.777722037112195,Moderate
aq_g4_95,"YMCA, Jinja",2026-08-14 00:00:00+00:00,31.595440684598966,Moderate
aq_g4_99,"Rubaga Ward, Jinja City",2026-08-01 00:00:00+00:00,62.257364486832614,Unhealthy
aq_g4_99,"Rubaga Ward, Jinja City",2026-08-02 00:00:00+00:00,62.84118825254029,Unhealthy
aq_g4_99,"Rubaga Ward, Jinja City",2026-08-03 00:00:00+00:00,62.63789856421357,Unhealthy
aq_g4_99,"Rubaga Ward, Jinja City",2026-08-04 00:00:00+00:00,61.78839443181818,Unhealthy
aq_g4_99,"Rubaga Ward, Jinja City",2026-08-05 00:00:00+00:00,61.205036415945166,Unhealthy
aq_g4_99,"Rubaga Ward, Jinja City",2026-08-06 00:00:00+00:00,61.22650032016595,Unhealthy
aq_g4_99,"Rubaga Ward, Jinja City",2026-08-07 00:00:00+00:00,62.03957167433261,Unhealthy
aq_g4_99,"Rubaga Ward, Jinja City",2026-08-08 00:00:00+00:00,62.257364486832614,Unhealthy
aq_g4_99,"Rubaga Ward, Jinja City",2026-08-09 00:00:00+00:00,62.84118825254029,Unhealthy
aq_g4_99,"Rubaga Ward, Jinja City",2026-08-10 00:00:00+00:00,62.63789856421357,Unhealthy
aq_g4_99,"Rubaga Ward, Jinja City",2026-08-11 00:00:00+00:00,61.78839443181818,Unhealthy
aq_g4_99,"Rubaga Ward, Jinja City",2026-08-12 00:00:00+00:00,61.205036415945166,Unhealthy
aq_g4_99,"Rubaga Ward, Jinja City",2026-08-13 00:00:00+00:00,61.22650032016595,Unhealthy
aq_g4_99,"Rubaga Ward, Jinja City",2026-08-14 00:00:00+00:00,62.03957167433261,Unhealthy
aq_g501,Makerere University Weather Station 94,2026-08-01 00:00:00+00:00,25.655638664847885,Moderate
aq_g501,Makerere University Weather Station 94,2026-08-02 00:00:00+00:00,25.7105095692791,Moderate
aq_g501,Makerere University Weather Station 94,2026-08-03 00:00:00+00:00,25.82892580770503,Moderate
aq_g501,Makerere University Weather Station 94,2026-08-04 00:00:00+00:00,25.49382465443122,Moderate
aq_g501,Makerere University Weather Station 94,2026-08-05 00:00:00+00:00,25.433026111111108,Moderate
aq_g501,Makerere University Weather Station 94,2026-08-06 00:00:00+00:00,25.66035105489418,Moderate
aq_g501,Makerere University Weather Station 94,2026-08-07 00:00:00+00:00,25.57061186838624,Moderate
aq_g501,Makerere University Weather Station 94,2026-08-08 00:00:00+00:00,25.655638664847885,Moderate
aq_g501,Makerere University Weather Station 94,2026-08-09 00:00:00+00:00,25.7105095692791,Moderate
aq_g501,Makerere University Weather Station 94,2026-08-10 00:00:00+00:00,25.82892580770503,Moderate
aq_g501,Makerere University Weather Station 94,2026-08-11 00:00:00+00:00,25.49382465443122,Moderate
aq_g501,Makerere University Weather Station 94,2026-08-12 00:00:00+00:00,25.433026111111108,Moderate
aq_g501,Makerere University Weather Station 94,2026-08-13 00:00:00+00:00,25.66035105489418,Moderate
aq_g501,Makerere University Weather Station 94,2026-08-14 00:00:00+00:00,25.57061186838624,Moderate
aq_g502,"Katende Ward, Jinja",2026-08-01 00:00:00+00:00,44.82365639482624,Unhealthy for Sensitive Groups
aq_g502,"Katende Ward, Jinja",2026-08-02 00:00:00+00:00,45.097212247023805,Unhealthy for Sensitive Groups
aq_g502,"Katende Ward, Jinja",2026-08-03 00:00:00+00:00,45.15407190228174,Unhealthy for Sensitive Groups
aq_g502,"Katende Ward, Jinja",2026-08-04 00:00:00+00:00,45.023994060019845,Unhealthy for Sensitive Groups
aq_g502,"Katende Ward, Jinja",2026-08-05 00:00:00+00:00,44.767208812981,Unhealthy for Sensitive Groups
aq_g502,"Katende Ward, Jinja",2026-08-06 00:00:00+00:00,44.52800808877465,Unhealthy for Sensitive Groups
aq_g502,"Katende Ward, Jinja",2026-08-07 00:00:00+00:00,44.6328392858646,Unhealthy for Sensitive Groups
aq_g502,"Katende Ward, Jinja",2026-08-08 00:00:00+00:00,44.82365639482624,Unhealthy for Sensitive Groups
aq_g502,"Katende Ward, Jinja",2026-08-09 00:00:00+00:00,45.097212247023805,Unhealthy for Sensitive Groups
aq_g502,"Katende Ward, Jinja",2026-08-10 00:00:00+00:00,45.15407190228174,Unhealthy for Sensitive Groups
aq_g502,"Katende Ward, Jinja",2026-08-11 00:00:00+00:00,45.023994060019845,Unhealthy for Sensitive Groups
aq_g502,"Katende Ward, Jinja",2026-08-12 00:00:00+00:00,44.767208812981,Unhealthy for Sensitive Groups
aq_g502,"Katende Ward, Jinja",2026-08-13 00:00:00+00:00,44.52800808877465,Unhealthy for Sensitive Groups
aq_g502,"Katende Ward, Jinja",2026-08-14 00:00:00+00:00,44.6328392858646,Unhealthy for Sensitive Groups
aq_g503,"Nakawa, KCCA Head Office",2026-08-01 00:00:00+00:00,25.245395503021285,Moderate
aq_g503,"Nakawa, KCCA Head Office",2026-08-02 00:00:00+00:00,25.29456855609668,Moderate
aq_g503,"Nakawa, KCCA Head Office",2026-08-03 00:00:00+00:00,25.402575988305674,Moderate
aq_g503,"Nakawa, KCCA Head Office",2026-08-04 00:00:00+00:00,25.38160500616282,Moderate
aq_g503,"Nakawa, KCCA Head Office",2026-08-05 00:00:00+00:00,25.332077137070105,Moderate
aq_g503,"Nakawa, KCCA Head Office",2026-08-06 00:00:00+00:00,25.300766266534392,Moderate
aq_g503,"Nakawa, KCCA Head Office",2026-08-07 00:00:00+00:00,25.135047882320226,Moderate
aq_g503,"Nakawa, KCCA Head Office",2026-08-08 00:00:00+00:00,25.245395503021285,Moderate
aq_g503,"Nakawa, KCCA Head Office",2026-08-09 00:00:00+00:00,25.29456855609668,Moderate
aq_g503,"Nakawa, KCCA Head Office",2026-08-10 00:00:00+00:00,25.402575988305674,Moderate
aq_g503,"Nakawa, KCCA Head Office",2026-08-11 00:00:00+00:00,25.38160500616282,Moderate
aq_g503,"Nakawa, KCCA Head Office",2026-08-12 00:00:00+00:00,25.332077137070105,Moderate
aq_g503,"Nakawa, KCCA Head Office",2026-08-13 00:00:00+00:00,25.300766266534392,Moderate
aq_g503,"Nakawa, KCCA Head Office",2026-08-14 00:00:00+00:00,25.135047882320226,Moderate
aq_g505,Bukasa Kira Municipality Wakiso,2026-08-01 00:00:00+00:00,46.74490517691799,Unhealthy for Sensitive Groups
aq_g505,Bukasa Kira Municipality Wakiso,2026-08-02 00:00:00+00:00,47.2895740286045,Unhealthy for Sensitive Groups
aq_g505,Bukasa Kira Municipality Wakiso,2026-08-03 00:00:00+00:00,47.37381331236472,Unhealthy for Sensitive Groups
aq_g505,Bukasa Kira Municipality Wakiso,2026-08-04 00:00:00+00:00,46.997614992258896,Unhealthy for Sensitive Groups
aq_g505,Bukasa Kira Municipality Wakiso,2026-08-05 00:00:00+00:00,46.47160715112434,Unhealthy for Sensitive Groups
aq_g505,Bukasa Kira Municipality Wakiso,2026-08-06 00:00:00+00:00,46.24251205274471,Unhealthy for Sensitive Groups
aq_g505,Bukasa Kira Municipality Wakiso,2026-08-07 00:00:00+00:00,46.29010360615079,Unhealthy for Sensitive Groups
aq_g505,Bukasa Kira Municipality Wakiso,2026-08-08 00:00:00+00:00,46.74490517691799,Unhealthy for Sensitive Groups
aq_g505,Bukasa Kira Municipality Wakiso,2026-08-09 00:00:00+00:00,47.2895740286045,Unhealthy for Sensitive Groups
aq_g505,Bukasa Kira Municipality Wakiso,2026-08-10 00:00:00+00:00,47.37381331236472,Unhealthy for Sensitive Groups
aq_g505,Bukasa Kira Municipality Wakiso,2026-08-11 00:00:00+00:00,46.997614992258896,Unhealthy for Sensitive Groups
aq_g505,Bukasa Kira Municipality Wakiso,2026-08-12 00:00:00+00:00,46.47160715112434,Unhealthy for Sensitive Groups
aq_g505,Bukasa Kira Municipality Wakiso,2026-08-13 00:00:00+00:00,46.24251205274471,Unhealthy for Sensitive Groups
aq_g505,Bukasa Kira Municipality Wakiso,2026-08-14 00:00:00+00:00,46.29010360615079,Unhealthy for Sensitive Groups
aq_g507,"Lower Nsooba, Kawempe",2026-08-01 00:00:00+00:00,42.1013318369709,Unhealthy for Sensitive Groups
aq_g507,"Lower Nsooba, Kawempe",2026-08-02 00:00:00+00:00,42.26868198826058,Unhealthy for Sensitive Groups
aq_g507,"Lower Nsooba, Kawempe",2026-08-03 00:00:00+00:00,42.36753711452321,Unhealthy for Sensitive Groups
aq_g507,"Lower Nsooba, Kawempe",2026-08-04 00:00:00+00:00,42.14986436650734,Unhealthy for Sensitive Groups
aq_g507,"Lower Nsooba, Kawempe",2026-08-05 00:00:00+00:00,41.98816610509861,Unhealthy for Sensitive Groups
aq_g507,"Lower Nsooba, Kawempe",2026-08-06 00:00:00+00:00,41.84445146472162,Unhealthy for Sensitive Groups
aq_g507,"Lower Nsooba, Kawempe",2026-08-07 00:00:00+00:00,41.84669517939815,Unhealthy for Sensitive Groups
aq_g507,"Lower Nsooba, Kawempe",2026-08-08 00:00:00+00:00,42.1013318369709,Unhealthy for Sensitive Groups
aq_g507,"Lower Nsooba, Kawempe",2026-08-09 00:00:00+00:00,42.26868198826058,Unhealthy for Sensitive Groups
aq_g507,"Lower Nsooba, Kawempe",2026-08-10 00:00:00+00:00,42.36753711452321,Unhealthy for Sensitive Groups
aq_g507,"Lower Nsooba, Kawempe",2026-08-11 00:00:00+00:00,42.14986436650734,Unhealthy for Sensitive Groups
aq_g507,"Lower Nsooba, Kawempe",2026-08-12 00:00:00+00:00,41.98816610509861,Unhealthy for Sensitive Groups
aq_g507,"Lower Nsooba, Kawempe",2026-08-13 00:00:00+00:00,41.84445146472162,Unhealthy for Sensitive Groups
aq_g507,"Lower Nsooba, Kawempe",2026-08-14 00:00:00+00:00,41.84669517939815,Unhealthy for Sensitive Groups
aq_g508,"Bahai, Kawempe",2026-08-01 00:00:00+00:00,26.513949381613756,Moderate
aq_g508,"Bahai, Kawempe",2026-08-02 00:00:00+00:00,26.610339988425924,Moderate
aq_g508,"Bahai, Kawempe",2026-08-03 00:00:00+00:00,26.761051598875664,Moderate
aq_g508,"Bahai, Kawempe",2026-08-04 00:00:00+00:00,26.4246015963955,Moderate
aq_g508,"Bahai, Kawempe",2026-08-05 00:00:00+00:00,26.327298544146824,Moderate
aq_g508,"Bahai, Kawempe",2026-08-06 00:00:00+00:00,26.541662473544974,Moderate
aq_g508,"Bahai, Kawempe",2026-08-07 00:00:00+00:00,26.41848420138889,Moderate
aq_g508,"Bahai, Kawempe",2026-08-08 00:00:00+00:00,26.513949381613756,Moderate
aq_g508,"Bahai, Kawempe",2026-08-09 00:00:00+00:00,26.610339988425924,Moderate
aq_g508,"Bahai, Kawempe",2026-08-10 00:00:00+00:00,26.761051598875664,Moderate
aq_g508,"Bahai, Kawempe",2026-08-11 00:00:00+00:00,26.4246015963955,Moderate
aq_g508,"Bahai, Kawempe",2026-08-12 00:00:00+00:00,26.327298544146824,Moderate
aq_g508,"Bahai, Kawempe",2026-08-13 00:00:00+00:00,26.541662473544974,Moderate
aq_g508,"Bahai, Kawempe",2026-08-14 00:00:00+00:00,26.41848420138889,Moderate
aq_g510,"Mpererwe, Kawempe",2026-08-01 00:00:00+00:00,44.305514117890205,Unhealthy for Sensitive Groups
aq_g510,"Mpererwe, Kawempe",2026-08-02 00:00:00+00:00,44.45409841435185,Unhealthy for Sensitive Groups
aq_g510,"Mpererwe, Kawempe",2026-08-03 00:00:00+00:00,44.519159374999994,Unhealthy for Sensitive Groups
aq_g510,"Mpererwe, Kawempe",2026-08-04 00:00:00+00:00,44.11692419146825,Unhealthy for Sensitive Groups
aq_g510,"Mpererwe, Kawempe",2026-08-05 00:00:00+00:00,43.97761504298941,Unhealthy for Sensitive Groups
aq_g510,"Mpererwe, Kawempe",2026-08-06 00:00:00+00:00,43.72538009341931,Unhealthy for Sensitive Groups
aq_g510,"Mpererwe, Kawempe",2026-08-07 00:00:00+00:00,44.06650797040344,Unhealthy for Sensitive Groups
aq_g510,"Mpererwe, Kawempe",2026-08-08 00:00:00+00:00,44.305514117890205,Unhealthy for Sensitive Groups
aq_g510,"Mpererwe, Kawempe",2026-08-09 00:00:00+00:00,44.45409841435185,Unhealthy for Sensitive Groups
aq_g510,"Mpererwe, Kawempe",2026-08-10 00:00:00+00:00,44.519159374999994,Unhealthy for Sensitive Groups
aq_g510,"Mpererwe, Kawempe",2026-08-11 00:00:00+00:00,44.11692419146825,Unhealthy for Sensitive Groups
aq_g510,"Mpererwe, Kawempe",2026-08-12 00:00:00+00:00,43.97761504298941,Unhealthy for Sensitive Groups
aq_g510,"Mpererwe, Kawempe",2026-08-13 00:00:00+00:00,43.72538009341931,Unhealthy for Sensitive Groups
aq_g510,"Mpererwe, Kawempe",2026-08-14 00:00:00+00:00,44.06650797040344,Unhealthy for Sensitive Groups
aq_g512,Kawempe,2026-08-01 00:00:00+00:00,41.77262681464946,Unhealthy for Sensitive Groups
aq_g512,Kawempe,2026-08-02 00:00:00+00:00,42.10387013310184,Unhealthy for Sensitive Groups
aq_g512,Kawempe,2026-08-03 00:00:00+00:00,42.28036655423279,Unhealthy for Sensitive Groups
aq_g512,Kawempe,2026-08-04 00:00:00+00:00,41.970326073082006,Unhealthy for Sensitive Groups
aq_g512,Kawempe,2026-08-05 00:00:00+00:00,41.646196087962956,Unhealthy for Sensitive Groups
aq_g512,Kawempe,2026-08-06 00:00:00+00:00,41.67661777281746,Unhealthy for Sensitive Groups
aq_g512,Kawempe,2026-08-07 00:00:00+00:00,41.72146097883597,Unhealthy for Sensitive Groups
aq_g512,Kawempe,2026-08-08 00:00:00+00:00,41.77262681464946,Unhealthy for Sensitive Groups
aq_g512,Kawempe,2026-08-09 00:00:00+00:00,42.10387013310184,Unhealthy for Sensitive Groups
aq_g512,Kawempe,2026-08-10 00:00:00+00:00,42.28036655423279,Unhealthy for Sensitive Groups
aq_g512,Kawempe,2026-08-11 00:00:00+00:00,41.970326073082006,Unhealthy for Sensitive Groups
aq_g512,Kawempe,2026-08-12 00:00:00+00:00,41.646196087962956,Unhealthy for Sensitive Groups
aq_g512,Kawempe,2026-08-13 00:00:00+00:00,41.67661777281746,Unhealthy for Sensitive Groups
aq_g512,Kawempe,2026-08-14 00:00:00+00:00,41.72146097883597,Unhealthy for Sensitive Groups
aq_g513,"Nsawo, Kira Municipality",2026-08-01 00:00:00+00:00,16.372589203493266,Moderate
aq_g513,"Nsawo, Kira Municipality",2026-08-02 00:00:00+00:00,16.387665899095115,Moderate
aq_g513,"Nsawo, Kira Municipality",2026-08-03 00:00:00+00:00,16.450336995325276,Moderate
aq_g513,"Nsawo, Kira Municipality",2026-08-04 00:00:00+00:00,16.338328880170753,Moderate
aq_g513,"Nsawo, Kira Municipality",2026-08-05 00:00:00+00:00,16.332287333378428,Moderate
aq_g513,"Nsawo, Kira Municipality",2026-08-06 00:00:00+00:00,16.34045058757215,Moderate
aq_g513,"Nsawo, Kira Municipality",2026-08-07 00:00:00+00:00,16.27294620746152,Moderate
aq_g513,"Nsawo, Kira Municipality",2026-08-08 00:00:00+00:00,16.372589203493266,Moderate
aq_g513,"Nsawo, Kira Municipality",2026-08-09 00:00:00+00:00,16.387665899095115,Moderate
aq_g513,"Nsawo, Kira Municipality",2026-08-10 00:00:00+00:00,16.450336995325276,Moderate
aq_g513,"Nsawo, Kira Municipality",2026-08-11 00:00:00+00:00,16.338328880170753,Moderate
aq_g513,"Nsawo, Kira Municipality",2026-08-12 00:00:00+00:00,16.332287333378428,Moderate
aq_g513,"Nsawo, Kira Municipality",2026-08-13 00:00:00+00:00,16.34045058757215,Moderate
aq_g513,"Nsawo, Kira Municipality",2026-08-14 00:00:00+00:00,16.27294620746152,Moderate
aq_g514,"Kitukutwe, Kira Municipality",2026-08-01 00:00:00+00:00,31.7908483614418,Moderate
aq_g514,"Kitukutwe, Kira Municipality",2026-08-02 00:00:00+00:00,31.95820533812831,Moderate
aq_g514,"Kitukutwe, Kira Municipality",2026-08-03 00:00:00+00:00,32.158570693091626,Moderate
aq_g514,"Kitukutwe, Kira Municipality",2026-08-04 00:00:00+00:00,31.87152651650433,Moderate
aq_g514,"Kitukutwe, Kira Municipality",2026-08-05 00:00:00+00:00,31.70202375856782,Moderate
aq_g514,"Kitukutwe, Kira Municipality",2026-08-06 00:00:00+00:00,31.511448733766233,Moderate
aq_g514,"Kitukutwe, Kira Municipality",2026-08-07 00:00:00+00:00,31.51330660548942,Moderate
aq_g514,"Kitukutwe, Kira Municipality",2026-08-08 00:00:00+00:00,31.7908483614418,Moderate
aq_g514,"Kitukutwe, Kira Municipality",2026-08-09 00:00:00+00:00,31.95820533812831,Moderate
aq_g514,"Kitukutwe, Kira Municipality",2026-08-10 00:00:00+00:00,32.158570693091626,Moderate
aq_g514,"Kitukutwe, Kira Municipality",2026-08-11 00:00:00+00:00,31.87152651650433,Moderate
aq_g514,"Kitukutwe, Kira Municipality",2026-08-12 00:00:00+00:00,31.70202375856782,Moderate
aq_g514,"Kitukutwe, Kira Municipality",2026-08-13 00:00:00+00:00,31.511448733766233,Moderate
aq_g514,"Kitukutwe, Kira Municipality",2026-08-14 00:00:00+00:00,31.51330660548942,Moderate
aq_g515,"City Council, Jinja",2026-08-01 00:00:00+00:00,40.174871302158486,Unhealthy for Sensitive Groups
aq_g515,"City Council, Jinja",2026-08-02 00:00:00+00:00,40.41401728926166,Unhealthy for Sensitive Groups
aq_g515,"City Council, Jinja",2026-08-03 00:00:00+00:00,40.490278884830445,Unhealthy for Sensitive Groups
aq_g515,"City Council, Jinja",2026-08-04 00:00:00+00:00,40.164001837872775,Unhealthy for Sensitive Groups
aq_g515,"City Council, Jinja",2026-08-05 00:00:00+00:00,39.89986619220479,Unhealthy for Sensitive Groups
aq_g515,"City Council, Jinja",2026-08-06 00:00:00+00:00,40.225084116311926,Unhealthy for Sensitive Groups
aq_g515,"City Council, Jinja",2026-08-07 00:00:00+00:00,40.17670614756192,Unhealthy for Sensitive Groups
aq_g515,"City Council, Jinja",2026-08-08 00:00:00+00:00,40.174871302158486,Unhealthy for Sensitive Groups
aq_g515,"City Council, Jinja",2026-08-09 00:00:00+00:00,40.41401728926166,Unhealthy for Sensitive Groups
aq_g515,"City Council, Jinja",2026-08-10 00:00:00+00:00,40.490278884830445,Unhealthy for Sensitive Groups
aq_g515,"City Council, Jinja",2026-08-11 00:00:00+00:00,40.164001837872775,Unhealthy for Sensitive Groups
aq_g515,"City Council, Jinja",2026-08-12 00:00:00+00:00,39.89986619220479,Unhealthy for Sensitive Groups
aq_g515,"City Council, Jinja",2026-08-13 00:00:00+00:00,40.225084116311926,Unhealthy for Sensitive Groups
aq_g515,"City Council, Jinja",2026-08-14 00:00:00+00:00,40.17670614756192,Unhealthy for Sensitive Groups
aq_g516,"Bbuto, Kira Municipality",2026-08-01 00:00:00+00:00,33.290781588128304,Moderate
aq_g516,"Bbuto, Kira Municipality",2026-08-02 00:00:00+00:00,33.4429639566799,Moderate
aq_g516,"Bbuto, Kira Municipality",2026-08-03 00:00:00+00:00,33.570745234788355,Moderate
aq_g516,"Bbuto, Kira Municipality",2026-08-04 00:00:00+00:00,33.43372806630291,Moderate
aq_g516,"Bbuto, Kira Municipality",2026-08-05 00:00:00+00:00,33.29863416749338,Moderate
aq_g516,"Bbuto, Kira Municipality",2026-08-06 00:00:00+00:00,33.1029819212963,Moderate
aq_g516,"Bbuto, Kira Municipality",2026-08-07 00:00:00+00:00,33.08687464864418,Moderate
aq_g516,"Bbuto, Kira Municipality",2026-08-08 00:00:00+00:00,33.290781588128304,Moderate
aq_g516,"Bbuto, Kira Municipality",2026-08-09 00:00:00+00:00,33.4429639566799,Moderate
aq_g516,"Bbuto, Kira Municipality",2026-08-10 00:00:00+00:00,33.570745234788355,Moderate
aq_g516,"Bbuto, Kira Municipality",2026-08-11 00:00:00+00:00,33.43372806630291,Moderate
aq_g516,"Bbuto, Kira Municipality",2026-08-12 00:00:00+00:00,33.29863416749338,Moderate
aq_g516,"Bbuto, Kira Municipality",2026-08-13 00:00:00+00:00,33.1029819212963,Moderate
aq_g516,"Bbuto, Kira Municipality",2026-08-14 00:00:00+00:00,33.08687464864418,Moderate
aq_g517,"Walukuba East, Jinja City",2026-08-01 00:00:00+00:00,25.74337946834416,Moderate
aq_g517,"Walukuba East, Jinja City",2026-08-02 00:00:00+00:00,25.80195268262987,Moderate
aq_g517,"Walukuba East, Jinja City",2026-08-03 00:00:00+00:00,26.037708467487377,Moderate
aq_g517,"Walukuba East, Jinja City",2026-08-04 00:00:00+00:00,25.884279379359068,Moderate
aq_g517,"Walukuba East, Jinja City",2026-08-05 00:00:00+00:00,25.835609712527056,Moderate
aq_g517,"Walukuba East, Jinja City",2026-08-06 00:00:00+00:00,25.938855053962243,Moderate
aq_g517,"Walukuba East, Jinja City",2026-08-07 00:00:00+00:00,25.62371790005712,Moderate
aq_g517,"Walukuba East, Jinja City",2026-08-08 00:00:00+00:00,25.74337946834416,Moderate
aq_g517,"Walukuba East, Jinja City",2026-08-09 00:00:00+00:00,25.80195268262987,Moderate
aq_g517,"Walukuba East, Jinja City",2026-08-10 00:00:00+00:00,26.037708467487377,Moderate
aq_g517,"Walukuba East, Jinja City",2026-08-11 00:00:00+00:00,25.884279379359068,Moderate
aq_g517,"Walukuba East, Jinja City",2026-08-12 00:00:00+00:00,25.835609712527056,Moderate
aq_g517,"Walukuba East, Jinja City",2026-08-13 00:00:00+00:00,25.938855053962243,Moderate
aq_g517,"Walukuba East, Jinja City",2026-08-14 00:00:00+00:00,25.62371790005712,Moderate
aq_g518,"Kivubuka Budondo, Jinja",2026-08-01 00:00:00+00:00,47.01089269164863,Unhealthy for Sensitive Groups
aq_g518,"Kivubuka Budondo, Jinja",2026-08-02 00:00:00+00:00,47.21897440806879,Unhealthy for Sensitive Groups
aq_g518,"Kivubuka Budondo, Jinja",2026-08-03 00:00:00+00:00,47.14510683531747,Unhealthy for Sensitive Groups
aq_g518,"Kivubuka Budondo, Jinja",2026-08-04 00:00:00+00:00,46.415154366732814,Unhealthy for Sensitive Groups
aq_g518,"Kivubuka Budondo, Jinja",2026-08-05 00:00:00+00:00,46.23224511716871,Unhealthy for Sensitive Groups
aq_g518,"Kivubuka Budondo, Jinja",2026-08-06 00:00:00+00:00,46.70128373496874,Unhealthy for Sensitive Groups
aq_g518,"Kivubuka Budondo, Jinja",2026-08-07 00:00:00+00:00,46.92145160781927,Unhealthy for Sensitive Groups
aq_g518,"Kivubuka Budondo, Jinja",2026-08-08 00:00:00+00:00,47.01089269164863,Unhealthy for Sensitive Groups
aq_g518,"Kivubuka Budondo, Jinja",2026-08-09 00:00:00+00:00,47.21897440806879,Unhealthy for Sensitive Groups
aq_g518,"Kivubuka Budondo, Jinja",2026-08-10 00:00:00+00:00,47.14510683531747,Unhealthy for Sensitive Groups
aq_g518,"Kivubuka Budondo, Jinja",2026-08-11 00:00:00+00:00,46.415154366732814,Unhealthy for Sensitive Groups
aq_g518,"Kivubuka Budondo, Jinja",2026-08-12 00:00:00+00:00,46.23224511716871,Unhealthy for Sensitive Groups
aq_g518,"Kivubuka Budondo, Jinja",2026-08-13 00:00:00+00:00,46.70128373496874,Unhealthy for Sensitive Groups
aq_g518,"Kivubuka Budondo, Jinja",2026-08-14 00:00:00+00:00,46.92145160781927,Unhealthy for Sensitive Groups
aq_g519,"Kyabirwa Namizzi, Jinja",2026-08-01 00:00:00+00:00,24.076429473680253,Moderate
aq_g519,"Kyabirwa Namizzi, Jinja",2026-08-02 00:00:00+00:00,24.072973406385284,Moderate
aq_g519,"Kyabirwa Namizzi, Jinja",2026-08-03 00:00:00+00:00,24.156077049738457,Moderate
aq_g519,"Kyabirwa Namizzi, Jinja",2026-08-04 00:00:00+00:00,24.19417073608105,Moderate
aq_g519,"Kyabirwa Namizzi, Jinja",2026-08-05 00:00:00+00:00,24.19290837910353,Moderate
aq_g519,"Kyabirwa Namizzi, Jinja",2026-08-06 00:00:00+00:00,24.226518502435066,Moderate
aq_g519,"Kyabirwa Namizzi, Jinja",2026-08-07 00:00:00+00:00,24.070142141654642,Moderate
aq_g519,"Kyabirwa Namizzi, Jinja",2026-08-08 00:00:00+00:00,24.076429473680253,Moderate
aq_g519,"Kyabirwa Namizzi, Jinja",2026-08-09 00:00:00+00:00,24.072973406385284,Moderate
aq_g519,"Kyabirwa Namizzi, Jinja",2026-08-10 00:00:00+00:00,24.156077049738457,Moderate
aq_g519,"Kyabirwa Namizzi, Jinja",2026-08-11 00:00:00+00:00,24.19417073608105,Moderate
aq_g519,"Kyabirwa Namizzi, Jinja",2026-08-12 00:00:00+00:00,24.19290837910353,Moderate
aq_g519,"Kyabirwa Namizzi, Jinja",2026-08-13 00:00:00+00:00,24.226518502435066,Moderate
aq_g519,"Kyabirwa Namizzi, Jinja",2026-08-14 00:00:00+00:00,24.070142141654642,Moderate
aq_g520,wabigalo,2026-08-01 00:00:00+00:00,34.77291392962362,Moderate
aq_g520,wabigalo,2026-08-02 00:00:00+00:00,34.88195216127044,Moderate
aq_g520,wabigalo,2026-08-03 00:00:00+00:00,34.9609116528379,Moderate
aq_g520,wabigalo,2026-08-04 00:00:00+00:00,34.53347630478896,Moderate
aq_g520,wabigalo,2026-08-05 00:00:00+00:00,34.43318536976912,Moderate
aq_g520,wabigalo,2026-08-06 00:00:00+00:00,34.65384428841991,Moderate
aq_g520,wabigalo,2026-08-07 00:00:00+00:00,34.617058543545575,Moderate
aq_g520,wabigalo,2026-08-08 00:00:00+00:00,34.77291392962362,Moderate
aq_g520,wabigalo,2026-08-09 00:00:00+00:00,34.88195216127044,Moderate
aq_g520,wabigalo,2026-08-10 00:00:00+00:00,34.9609116528379,Moderate
aq_g520,wabigalo,2026-08-11 00:00:00+00:00,34.53347630478896,Moderate
aq_g520,wabigalo,2026-08-12 00:00:00+00:00,34.43318536976912,Moderate
aq_g520,wabigalo,2026-08-13 00:00:00+00:00,34.65384428841991,Moderate
aq_g520,wabigalo,2026-08-14 00:00:00+00:00,34.617058543545575,Moderate
aq_g522,"Kirinya, Kira Municipality",2026-08-01 00:00:00+00:00,39.372703437800624,Unhealthy for Sensitive Groups
aq_g522,"Kirinya, Kira Municipality",2026-08-02 00:00:00+00:00,39.45799763768638,Unhealthy for Sensitive Groups
aq_g522,"Kirinya, Kira Municipality",2026-08-03 00:00:00+00:00,39.340698509875544,Unhealthy for Sensitive Groups
aq_g522,"Kirinya, Kira Municipality",2026-08-04 00:00:00+00:00,39.05627589909512,Unhealthy for Sensitive Groups
aq_g522,"Kirinya, Kira Municipality",2026-08-05 00:00:00+00:00,38.98470318482443,Unhealthy for Sensitive Groups
aq_g522,"Kirinya, Kira Municipality",2026-08-06 00:00:00+00:00,39.03006867920274,Unhealthy for Sensitive Groups
aq_g522,"Kirinya, Kira Municipality",2026-08-07 00:00:00+00:00,39.203702810320465,Unhealthy for Sensitive Groups
aq_g522,"Kirinya, Kira Municipality",2026-08-08 00:00:00+00:00,39.372703437800624,Unhealthy for Sensitive Groups
aq_g522,"Kirinya, Kira Municipality",2026-08-09 00:00:00+00:00,39.45799763768638,Unhealthy for Sensitive Groups
aq_g522,"Kirinya, Kira Municipality",2026-08-10 00:00:00+00:00,39.340698509875544,Unhealthy for Sensitive Groups
aq_g522,"Kirinya, Kira Municipality",2026-08-11 00:00:00+00:00,39.05627589909512,Unhealthy for Sensitive Groups
aq_g522,"Kirinya, Kira Municipality",2026-08-12 00:00:00+00:00,38.98470318482443,Unhealthy for Sensitive Groups
aq_g522,"Kirinya, Kira Municipality",2026-08-13 00:00:00+00:00,39.03006867920274,Unhealthy for Sensitive Groups
aq_g522,"Kirinya, Kira Municipality",2026-08-14 00:00:00+00:00,39.203702810320465,Unhealthy for Sensitive Groups
aq_g523,"Buwate, Kira Municipality",2026-08-01 00:00:00+00:00,27.45570236359127,Moderate
aq_g523,"Buwate, Kira Municipality",2026-08-02 00:00:00+00:00,27.522500657242063,Moderate
aq_g523,"Buwate, Kira Municipality",2026-08-03 00:00:00+00:00,27.76507314318783,Moderate
aq_g523,"Buwate, Kira Municipality",2026-08-04 00:00:00+00:00,27.63511687003968,Moderate
aq_g523,"Buwate, Kira Municipality",2026-08-05 00:00:00+00:00,27.56897408234127,Moderate
aq_g523,"Buwate, Kira Municipality",2026-08-06 00:00:00+00:00,27.495348075396823,Moderate
aq_g523,"Buwate, Kira Municipality",2026-08-07 00:00:00+00:00,27.31001978753307,Moderate
aq_g523,"Buwate, Kira Municipality",2026-08-08 00:00:00+00:00,27.45570236359127,Moderate
aq_g523,"Buwate, Kira Municipality",2026-08-09 00:00:00+00:00,27.522500657242063,Moderate
aq_g523,"Buwate, Kira Municipality",2026-08-10 00:00:00+00:00,27.76507314318783,Moderate
aq_g523,"Buwate, Kira Municipality",2026-08-11 00:00:00+00:00,27.63511687003968,Moderate
aq_g523,"Buwate, Kira Municipality",2026-08-12 00:00:00+00:00,27.56897408234127,Moderate
aq_g523,"Buwate, Kira Municipality",2026-08-13 00:00:00+00:00,27.495348075396823,Moderate
aq_g523,"Buwate, Kira Municipality",2026-08-14 00:00:00+00:00,27.31001978753307,Moderate
aq_g524,"Municipal Council, Kira Municipality",2026-08-01 00:00:00+00:00,32.43552159323894,Moderate
aq_g524,"Municipal Council, Kira Municipality",2026-08-02 00:00:00+00:00,32.696406024455875,Moderate
aq_g524,"Municipal Council, Kira Municipality",2026-08-03 00:00:00+00:00,32.999698808847405,Moderate
aq_g524,"Municipal Council, Kira Municipality",2026-08-04 00:00:00+00:00,33.16547873263889,Moderate
aq_g524,"Municipal Council, Kira Municipality",2026-08-05 00:00:00+00:00,32.913366372354496,Moderate
aq_g524,"Municipal Council, Kira Municipality",2026-08-06 00:00:00+00:00,32.488854654431215,Moderate
aq_g524,"Municipal Council, Kira Municipality",2026-08-07 00:00:00+00:00,32.19793853024291,Moderate
aq_g524,"Municipal Council, Kira Municipality",2026-08-08 00:00:00+00:00,32.43552159323894,Moderate
aq_g524,"Municipal Council, Kira Municipality",2026-08-09 00:00:00+00:00,32.696406024455875,Moderate
aq_g524,"Municipal Council, Kira Municipality",2026-08-10 00:00:00+00:00,32.999698808847405,Moderate
aq_g524,"Municipal Council, Kira Municipality",2026-08-11 00:00:00+00:00,33.16547873263889,Moderate
aq_g524,"Municipal Council, Kira Municipality",2026-08-12 00:00:00+00:00,32.913366372354496,Moderate
aq_g524,"Municipal Council, Kira Municipality",2026-08-13 00:00:00+00:00,32.488854654431215,Moderate
aq_g524,"Municipal Council, Kira Municipality",2026-08-14 00:00:00+00:00,32.19793853024291,Moderate
aq_g526,"Kasusu, Fort Portal",2026-08-01 00:00:00+00:00,37.18233761311027,Unhealthy for Sensitive Groups
aq_g526,"Kasusu, Fort Portal",2026-08-02 00:00:00+00:00,37.288637730504455,Unhealthy for Sensitive Groups
aq_g526,"Kasusu, Fort Portal",2026-08-03 00:00:00+00:00,37.47809468810125,Unhealthy for Sensitive Groups
aq_g526,"Kasusu, Fort Portal",2026-08-04 00:00:00+00:00,37.40073813469517,Unhealthy for Sensitive Groups
aq_g526,"Kasusu, Fort Portal",2026-08-05 00:00:00+00:00,37.28612957732083,Unhealthy for Sensitive Groups
aq_g526,"Kasusu, Fort Portal",2026-08-06 00:00:00+00:00,37.385028127329846,Unhealthy for Sensitive Groups
aq_g526,"Kasusu, Fort Portal",2026-08-07 00:00:00+00:00,37.152330822435665,Unhealthy for Sensitive Groups
aq_g526,"Kasusu, Fort Portal",2026-08-08 00:00:00+00:00,37.18233761311027,Unhealthy for Sensitive Groups
aq_g526,"Kasusu, Fort Portal",2026-08-09 00:00:00+00:00,37.288637730504455,Unhealthy for Sensitive Groups
aq_g526,"Kasusu, Fort Portal",2026-08-10 00:00:00+00:00,37.47809468810125,Unhealthy for Sensitive Groups
aq_g526,"Kasusu, Fort Portal",2026-08-11 00:00:00+00:00,37.40073813469517,Unhealthy for Sensitive Groups
aq_g526,"Kasusu, Fort Portal",2026-08-12 00:00:00+00:00,37.28612957732083,Unhealthy for Sensitive Groups
aq_g526,"Kasusu, Fort Portal",2026-08-13 00:00:00+00:00,37.385028127329846,Unhealthy for Sensitive Groups
aq_g526,"Kasusu, Fort Portal",2026-08-14 00:00:00+00:00,37.152330822435665,Unhealthy for Sensitive Groups
aq_g530,"Mpanga, Fort Portal",2026-08-01 00:00:00+00:00,21.832109313446967,Moderate
aq_g530,"Mpanga, Fort Portal",2026-08-02 00:00:00+00:00,21.886048929022365,Moderate
aq_g530,"Mpanga, Fort Portal",2026-08-03 00:00:00+00:00,21.975171666290887,Moderate
aq_g530,"Mpanga, Fort Portal",2026-08-04 00:00:00+00:00,21.866726670424484,Moderate
aq_g530,"Mpanga, Fort Portal",2026-08-05 00:00:00+00:00,21.814304780543527,Moderate
aq_g530,"Mpanga, Fort Portal",2026-08-06 00:00:00+00:00,21.960918997038842,Moderate
aq_g530,"Mpanga, Fort Portal",2026-08-07 00:00:00+00:00,21.884580850694444,Moderate
aq_g530,"Mpanga, Fort Portal",2026-08-08 00:00:00+00:00,21.832109313446967,Moderate
aq_g530,"Mpanga, Fort Portal",2026-08-09 00:00:00+00:00,21.886048929022365,Moderate
aq_g530,"Mpanga, Fort Portal",2026-08-10 00:00:00+00:00,21.975171666290887,Moderate
aq_g530,"Mpanga, Fort Portal",2026-08-11 00:00:00+00:00,21.866726670424484,Moderate
aq_g530,"Mpanga, Fort Portal",2026-08-12 00:00:00+00:00,21.814304780543527,Moderate
aq_g530,"Mpanga, Fort Portal",2026-08-13 00:00:00+00:00,21.960918997038842,Moderate
aq_g530,"Mpanga, Fort Portal",2026-08-14 00:00:00+00:00,21.884580850694444,Moderate
aq_g532,"Mpumudde, Jinja",2026-08-01 00:00:00+00:00,15.110930918936388,Moderate
aq_g532,"Mpumudde, Jinja",2026-08-02 00:00:00+00:00,15.112671683651996,Moderate
aq_g532,"Mpumudde, Jinja",2026-08-03 00:00:00+00:00,15.07923251803752,Moderate
aq_g532,"Mpumudde, Jinja",2026-08-04 00:00:00+00:00,15.11836812567641,Moderate
aq_g532,"Mpumudde, Jinja",2026-08-05 00:00:00+00:00,15.118485268533552,Moderate
aq_g532,"Mpumudde, Jinja",2026-08-06 00:00:00+00:00,14.964487098439756,Moderate
aq_g532,"Mpumudde, Jinja",2026-08-07 00:00:00+00:00,15.010580642361113,Moderate
aq_g532,"Mpumudde, Jinja",2026-08-08 00:00:00+00:00,15.110930918936388,Moderate
aq_g532,"Mpumudde, Jinja",2026-08-09 00:00:00+00:00,15.112671683651996,Moderate
aq_g532,"Mpumudde, Jinja",2026-08-10 00:00:00+00:00,15.07923251803752,Moderate
aq_g532,"Mpumudde, Jinja",2026-08-11 00:00:00+00:00,15.11836812567641,Moderate
aq_g532,"Mpumudde, Jinja",2026-08-12 00:00:00+00:00,15.118485268533552,Moderate
aq_g532,"Mpumudde, Jinja",2026-08-13 00:00:00+00:00,14.964487098439756,Moderate
aq_g532,"Mpumudde, Jinja",2026-08-14 00:00:00+00:00,15.010580642361113,Moderate
aq_g534,"Kinyamasika, Fort Portal",2026-08-01 00:00:00+00:00,17.104256432479556,Moderate
aq_g534,"Kinyamasika, Fort Portal",2026-08-02 00:00:00+00:00,17.136766639234605,Moderate
aq_g534,"Kinyamasika, Fort Portal",2026-08-03 00:00:00+00:00,17.098894115259736,Moderate
aq_g534,"Kinyamasika, Fort Portal",2026-08-04 00:00:00+00:00,16.85034797356,Moderate
aq_g534,"Kinyamasika, Fort Portal",2026-08-05 00:00:00+00:00,16.810299010191198,Moderate
aq_g534,"Kinyamasika, Fort Portal",2026-08-06 00:00:00+00:00,16.944043257876384,Moderate
aq_g534,"Kinyamasika, Fort Portal",2026-08-07 00:00:00+00:00,17.00168484352453,Moderate
aq_g534,"Kinyamasika, Fort Portal",2026-08-08 00:00:00+00:00,17.104256432479556,Moderate
aq_g534,"Kinyamasika, Fort Portal",2026-08-09 00:00:00+00:00,17.136766639234605,Moderate
aq_g534,"Kinyamasika, Fort Portal",2026-08-10 00:00:00+00:00,17.098894115259736,Moderate
aq_g534,"Kinyamasika, Fort Portal",2026-08-11 00:00:00+00:00,16.85034797356,Moderate
aq_g534,"Kinyamasika, Fort Portal",2026-08-12 00:00:00+00:00,16.810299010191198,Moderate
aq_g534,"Kinyamasika, Fort Portal",2026-08-13 00:00:00+00:00,16.944043257876384,Moderate
aq_g534,"Kinyamasika, Fort Portal",2026-08-14 00:00:00+00:00,17.00168484352453,Moderate
aq_g535,"Mountains of the Moon University, Fort Portal",2026-08-01 00:00:00+00:00,37.97612239500661,Unhealthy for Sensitive Groups
aq_g535,"Mountains of the Moon University, Fort Portal",2026-08-02 00:00:00+00:00,38.18711190062831,Unhealthy for Sensitive Groups
aq_g535,"Mountains of the Moon University, Fort Portal",2026-08-03 00:00:00+00:00,38.29872601934524,Unhealthy for Sensitive Groups
aq_g535,"Mountains of the Moon University, Fort Portal",2026-08-04 00:00:00+00:00,37.93148183403981,Unhealthy for Sensitive Groups
aq_g535,"Mountains of the Moon University, Fort Portal",2026-08-05 00:00:00+00:00,37.73237139339827,Unhealthy for Sensitive Groups
aq_g535,"Mountains of the Moon University, Fort Portal",2026-08-06 00:00:00+00:00,37.936886132981606,Unhealthy for Sensitive Groups
aq_g535,"Mountains of the Moon University, Fort Portal",2026-08-07 00:00:00+00:00,37.9192958275463,Unhealthy for Sensitive Groups
aq_g535,"Mountains of the Moon University, Fort Portal",2026-08-08 00:00:00+00:00,37.97612239500661,Unhealthy for Sensitive Groups
aq_g535,"Mountains of the Moon University, Fort Portal",2026-08-09 00:00:00+00:00,38.18711190062831,Unhealthy for Sensitive Groups
aq_g535,"Mountains of the Moon University, Fort Portal",2026-08-10 00:00:00+00:00,38.29872601934524,Unhealthy for Sensitive Groups
aq_g535,"Mountains of the Moon University, Fort Portal",2026-08-11 00:00:00+00:00,37.93148183403981,Unhealthy for Sensitive Groups
aq_g535,"Mountains of the Moon University, Fort Portal",2026-08-12 00:00:00+00:00,37.73237139339827,Unhealthy for Sensitive Groups
aq_g535,"Mountains of the Moon University, Fort Portal",2026-08-13 00:00:00+00:00,37.936886132981606,Unhealthy for Sensitive Groups
aq_g535,"Mountains of the Moon University, Fort Portal",2026-08-14 00:00:00+00:00,37.9192958275463,Unhealthy for Sensitive Groups
aq_g5_100,"Kabusu, Natete Road, Kampala, Uganda",2026-08-01 00:00:00+00:00,29.233221535594037,Moderate
aq_g5_100,"Kabusu, Natete Road, Kampala, Uganda",2026-08-02 00:00:00+00:00,29.325508719712,Moderate
aq_g5_100,"Kabusu, Natete Road, Kampala, Uganda",2026-08-03 00:00:00+00:00,29.39834557735089,Moderate
aq_g5_100,"Kabusu, Natete Road, Kampala, Uganda",2026-08-04 00:00:00+00:00,29.253394961519962,Moderate
aq_g5_100,"Kabusu, Natete Road, Kampala, Uganda",2026-08-05 00:00:00+00:00,29.175691946548824,Moderate
aq_g5_100,"Kabusu, Natete Road, Kampala, Uganda",2026-08-06 00:00:00+00:00,29.27924081837723,Moderate
aq_g5_100,"Kabusu, Natete Road, Kampala, Uganda",2026-08-07 00:00:00+00:00,29.17471220478596,Moderate
aq_g5_100,"Kabusu, Natete Road, Kampala, Uganda",2026-08-08 00:00:00+00:00,29.233221535594037,Moderate
aq_g5_100,"Kabusu, Natete Road, Kampala, Uganda",2026-08-09 00:00:00+00:00,29.325508719712,Moderate
aq_g5_100,"Kabusu, Natete Road, Kampala, Uganda",2026-08-10 00:00:00+00:00,29.39834557735089,Moderate
aq_g5_100,"Kabusu, Natete Road, Kampala, Uganda",2026-08-11 00:00:00+00:00,29.253394961519962,Moderate
aq_g5_100,"Kabusu, Natete Road, Kampala, Uganda",2026-08-12 00:00:00+00:00,29.175691946548824,Moderate
aq_g5_100,"Kabusu, Natete Road, Kampala, Uganda",2026-08-13 00:00:00+00:00,29.27924081837723,Moderate
aq_g5_100,"Kabusu, Natete Road, Kampala, Uganda",2026-08-14 00:00:00+00:00,29.17471220478596,Moderate
aq_g5_101,"Water and Environment House, Luzira",2026-08-01 00:00:00+00:00,20.69714085324976,Moderate
aq_g5_101,"Water and Environment House, Luzira",2026-08-02 00:00:00+00:00,20.699037508342354,Moderate
aq_g5_101,"Water and Environment House, Luzira",2026-08-03 00:00:00+00:00,20.824793368130713,Moderate
aq_g5_101,"Water and Environment House, Luzira",2026-08-04 00:00:00+00:00,20.658671563401878,Moderate
aq_g5_101,"Water and Environment House, Luzira",2026-08-05 00:00:00+00:00,20.663337051166426,Moderate
aq_g5_101,"Water and Environment House, Luzira",2026-08-06 00:00:00+00:00,20.95379871121934,Moderate
aq_g5_101,"Water and Environment House, Luzira",2026-08-07 00:00:00+00:00,20.75208294319685,Moderate
aq_g5_101,"Water and Environment House, Luzira",2026-08-08 00:00:00+00:00,20.69714085324976,Moderate
aq_g5_101,"Water and Environment House, Luzira",2026-08-09 00:00:00+00:00,20.699037508342354,Moderate
aq_g5_101,"Water and Environment House, Luzira",2026-08-10 00:00:00+00:00,20.824793368130713,Moderate
aq_g5_101,"Water and Environment House, Luzira",2026-08-11 00:00:00+00:00,20.658671563401878,Moderate
aq_g5_101,"Water and Environment House, Luzira",2026-08-12 00:00:00+00:00,20.663337051166426,Moderate
aq_g5_101,"Water and Environment House, Luzira",2026-08-13 00:00:00+00:00,20.95379871121934,Moderate
aq_g5_101,"Water and Environment House, Luzira",2026-08-14 00:00:00+00:00,20.75208294319685,Moderate
aq_g5_114,Layibi Gulu,2026-08-01 00:00:00+00:00,15.226995150613275,Moderate
aq_g5_114,Layibi Gulu,2026-08-02 00:00:00+00:00,15.245924385070948,Moderate
aq_g5_114,Layibi Gulu,2026-08-03 00:00:00+00:00,15.259064182524648,Moderate
aq_g5_114,Layibi Gulu,2026-08-04 00:00:00+00:00,15.209967382756131,Moderate
aq_g5_114,Layibi Gulu,2026-08-05 00:00:00+00:00,15.185923443437346,Moderate
aq_g5_114,Layibi Gulu,2026-08-06 00:00:00+00:00,15.28543607571248,Moderate
aq_g5_114,Layibi Gulu,2026-08-07 00:00:00+00:00,15.268234614072268,Moderate
aq_g5_114,Layibi Gulu,2026-08-08 00:00:00+00:00,15.226995150613275,Moderate
aq_g5_114,Layibi Gulu,2026-08-09 00:00:00+00:00,15.245924385070948,Moderate
aq_g5_114,Layibi Gulu,2026-08-10 00:00:00+00:00,15.259064182524648,Moderate
aq_g5_114,Layibi Gulu,2026-08-11 00:00:00+00:00,15.209967382756131,Moderate
aq_g5_114,Layibi Gulu,2026-08-12 00:00:00+00:00,15.185923443437346,Moderate
aq_g5_114,Layibi Gulu,2026-08-13 00:00:00+00:00,15.28543607571248,Moderate
aq_g5_114,Layibi Gulu,2026-08-14 00:00:00+00:00,15.268234614072268,Moderate
aq_g5_117,Mary Queen of Peace P/s Gulu,2026-08-01 00:00:00+00:00,23.082440381117724,Moderate
aq_g5_117,Mary Queen of Peace P/s Gulu,2026-08-02 00:00:00+00:00,23.106682147817462,Moderate
aq_g5_117,Mary Queen of Peace P/s Gulu,2026-08-03 00:00:00+00:00,23.23485590939153,Moderate
aq_g5_117,Mary Queen of Peace P/s Gulu,2026-08-04 00:00:00+00:00,22.90727107308201,Moderate
aq_g5_117,Mary Queen of Peace P/s Gulu,2026-08-05 00:00:00+00:00,22.889988034060845,Moderate
aq_g5_117,Mary Queen of Peace P/s Gulu,2026-08-06 00:00:00+00:00,23.203194380787036,Moderate
aq_g5_117,Mary Queen of Peace P/s Gulu,2026-08-07 00:00:00+00:00,23.146344494047614,Moderate
aq_g5_117,Mary Queen of Peace P/s Gulu,2026-08-08 00:00:00+00:00,23.082440381117724,Moderate
aq_g5_117,Mary Queen of Peace P/s Gulu,2026-08-09 00:00:00+00:00,23.106682147817462,Moderate
aq_g5_117,Mary Queen of Peace P/s Gulu,2026-08-10 00:00:00+00:00,23.23485590939153,Moderate
aq_g5_117,Mary Queen of Peace P/s Gulu,2026-08-11 00:00:00+00:00,22.90727107308201,Moderate
aq_g5_117,Mary Queen of Peace P/s Gulu,2026-08-12 00:00:00+00:00,22.889988034060845,Moderate
aq_g5_117,Mary Queen of Peace P/s Gulu,2026-08-13 00:00:00+00:00,23.203194380787036,Moderate
aq_g5_117,Mary Queen of Peace P/s Gulu,2026-08-14 00:00:00+00:00,23.146344494047614,Moderate
aq_g5_127,Nyakasura school Fortportal,2026-08-01 00:00:00+00:00,16.502094576043167,Moderate
aq_g5_127,Nyakasura school Fortportal,2026-08-02 00:00:00+00:00,16.497091552353897,Moderate
aq_g5_127,Nyakasura school Fortportal,2026-08-03 00:00:00+00:00,16.516109009364477,Moderate
aq_g5_127,Nyakasura school Fortportal,2026-08-04 00:00:00+00:00,16.506465905859187,Moderate
aq_g5_127,Nyakasura school Fortportal,2026-08-05 00:00:00+00:00,16.50910723063973,Moderate
aq_g5_127,Nyakasura school Fortportal,2026-08-06 00:00:00+00:00,16.65231106165825,Moderate
aq_g5_127,Nyakasura school Fortportal,2026-08-07 00:00:00+00:00,16.60951322270322,Moderate
aq_g5_127,Nyakasura school Fortportal,2026-08-08 00:00:00+00:00,16.502094576043167,Moderate
aq_g5_127,Nyakasura school Fortportal,2026-08-09 00:00:00+00:00,16.497091552353897,Moderate
aq_g5_127,Nyakasura school Fortportal,2026-08-10 00:00:00+00:00,16.516109009364477,Moderate
aq_g5_127,Nyakasura school Fortportal,2026-08-11 00:00:00+00:00,16.506465905859187,Moderate
aq_g5_127,Nyakasura school Fortportal,2026-08-12 00:00:00+00:00,16.50910723063973,Moderate
aq_g5_127,Nyakasura school Fortportal,2026-08-13 00:00:00+00:00,16.65231106165825,Moderate
aq_g5_127,Nyakasura school Fortportal,2026-08-14 00:00:00+00:00,16.60951322270322,Moderate
aq_g5_37,"Civic Centre, Kampala Central",2026-08-01 00:00:00+00:00,50.26567289043711,Unhealthy for Sensitive Groups
aq_g5_37,"Civic Centre, Kampala Central",2026-08-02 00:00:00+00:00,50.8266787981752,Unhealthy for Sensitive Groups
aq_g5_37,"Civic Centre, Kampala Central",2026-08-03 00:00:00+00:00,51.169247518713924,Unhealthy for Sensitive Groups
aq_g5_37,"Civic Centre, Kampala Central",2026-08-04 00:00:00+00:00,50.91102331379269,Unhealthy for Sensitive Groups
aq_g5_37,"Civic Centre, Kampala Central",2026-08-05 00:00:00+00:00,50.36957713323714,Unhealthy for Sensitive Groups
aq_g5_37,"Civic Centre, Kampala Central",2026-08-06 00:00:00+00:00,50.274268503637565,Unhealthy for Sensitive Groups
aq_g5_37,"Civic Centre, Kampala Central",2026-08-07 00:00:00+00:00,50.118865428466215,Unhealthy for Sensitive Groups
aq_g5_37,"Civic Centre, Kampala Central",2026-08-08 00:00:00+00:00,50.26567289043711,Unhealthy for Sensitive Groups
aq_g5_37,"Civic Centre, Kampala Central",2026-08-09 00:00:00+00:00,50.8266787981752,Unhealthy for Sensitive Groups
aq_g5_37,"Civic Centre, Kampala Central",2026-08-10 00:00:00+00:00,51.169247518713924,Unhealthy for Sensitive Groups
aq_g5_37,"Civic Centre, Kampala Central",2026-08-11 00:00:00+00:00,50.91102331379269,Unhealthy for Sensitive Groups
aq_g5_37,"Civic Centre, Kampala Central",2026-08-12 00:00:00+00:00,50.36957713323714,Unhealthy for Sensitive Groups
aq_g5_37,"Civic Centre, Kampala Central",2026-08-13 00:00:00+00:00,50.274268503637565,Unhealthy for Sensitive Groups
aq_g5_37,"Civic Centre, Kampala Central",2026-08-14 00:00:00+00:00,50.118865428466215,Unhealthy for Sensitive Groups
aq_g5_4,"Kireka, Kira Municipality",2026-08-01 00:00:00+00:00,37.16821411646224,Unhealthy for Sensitive Groups
aq_g5_4,"Kireka, Kira Municipality",2026-08-02 00:00:00+00:00,37.532149600694446,Unhealthy for Sensitive Groups
aq_g5_4,"Kireka, Kira Municipality",2026-08-03 00:00:00+00:00,37.6308345770202,Unhealthy for Sensitive Groups
aq_g5_4,"Kireka, Kira Municipality",2026-08-04 00:00:00+00:00,37.263522563958034,Unhealthy for Sensitive Groups
aq_g5_4,"Kireka, Kira Municipality",2026-08-05 00:00:00+00:00,36.89758084460678,Unhealthy for Sensitive Groups
aq_g5_4,"Kireka, Kira Municipality",2026-08-06 00:00:00+00:00,37.06036696729197,Unhealthy for Sensitive Groups
aq_g5_4,"Kireka, Kira Municipality",2026-08-07 00:00:00+00:00,37.05050071781806,Unhealthy for Sensitive Groups
aq_g5_4,"Kireka, Kira Municipality",2026-08-08 00:00:00+00:00,37.16821411646224,Unhealthy for Sensitive Groups
aq_g5_4,"Kireka, Kira Municipality",2026-08-09 00:00:00+00:00,37.532149600694446,Unhealthy for Sensitive Groups
aq_g5_4,"Kireka, Kira Municipality",2026-08-10 00:00:00+00:00,37.6308345770202,Unhealthy for Sensitive Groups
aq_g5_4,"Kireka, Kira Municipality",2026-08-11 00:00:00+00:00,37.263522563958034,Unhealthy for Sensitive Groups
aq_g5_4,"Kireka, Kira Municipality",2026-08-12 00:00:00+00:00,36.89758084460678,Unhealthy for Sensitive Groups
aq_g5_4,"Kireka, Kira Municipality",2026-08-13 00:00:00+00:00,37.06036696729197,Unhealthy for Sensitive Groups
aq_g5_4,"Kireka, Kira Municipality",2026-08-14 00:00:00+00:00,37.05050071781806,Unhealthy for Sensitive Groups
aq_g5_42,"Rugarama Hill, Kabale",2026-08-01 00:00:00+00:00,40.354599653604495,Unhealthy for Sensitive Groups
aq_g5_42,"Rugarama Hill, Kabale",2026-08-02 00:00:00+00:00,40.740432396660054,Unhealthy for Sensitive Groups
aq_g5_42,"Rugarama Hill, Kabale",2026-08-03 00:00:00+00:00,40.89946818647787,Unhealthy for Sensitive Groups
aq_g5_42,"Rugarama Hill, Kabale",2026-08-04 00:00:00+00:00,40.55260700757576,Unhealthy for Sensitive Groups
aq_g5_42,"Rugarama Hill, Kabale",2026-08-05 00:00:00+00:00,40.16742786571068,Unhealthy for Sensitive Groups
aq_g5_42,"Rugarama Hill, Kabale",2026-08-06 00:00:00+00:00,40.26455894871333,Unhealthy for Sensitive Groups
aq_g5_42,"Rugarama Hill, Kabale",2026-08-07 00:00:00+00:00,40.254488435019844,Unhealthy for Sensitive Groups
aq_g5_42,"Rugarama Hill, Kabale",2026-08-08 00:00:00+00:00,40.354599653604495,Unhealthy for Sensitive Groups
aq_g5_42,"Rugarama Hill, Kabale",2026-08-09 00:00:00+00:00,40.740432396660054,Unhealthy for Sensitive Groups
aq_g5_42,"Rugarama Hill, Kabale",2026-08-10 00:00:00+00:00,40.89946818647787,Unhealthy for Sensitive Groups
aq_g5_42,"Rugarama Hill, Kabale",2026-08-11 00:00:00+00:00,40.55260700757576,Unhealthy for Sensitive Groups
aq_g5_42,"Rugarama Hill, Kabale",2026-08-12 00:00:00+00:00,40.16742786571068,Unhealthy for Sensitive Groups
aq_g5_42,"Rugarama Hill, Kabale",2026-08-13 00:00:00+00:00,40.26455894871333,Unhealthy for Sensitive Groups
aq_g5_42,"Rugarama Hill, Kabale",2026-08-14 00:00:00+00:00,40.254488435019844,Unhealthy for Sensitive Groups
aq_g5_43,"Katwe 1, Makindye",2026-08-01 00:00:00+00:00,44.98739173776455,Unhealthy for Sensitive Groups
aq_g5_43,"Katwe 1, Makindye",2026-08-02 00:00:00+00:00,45.19792719246032,Unhealthy for Sensitive Groups
aq_g5_43,"Katwe 1, Makindye",2026-08-03 00:00:00+00:00,45.293614650147305,Unhealthy for Sensitive Groups
aq_g5_43,"Katwe 1, Makindye",2026-08-04 00:00:00+00:00,44.92241677744709,Unhealthy for Sensitive Groups
aq_g5_43,"Katwe 1, Makindye",2026-08-05 00:00:00+00:00,44.74165435019842,Unhealthy for Sensitive Groups
aq_g5_43,"Katwe 1, Makindye",2026-08-06 00:00:00+00:00,44.882362790854984,Unhealthy for Sensitive Groups
aq_g5_43,"Katwe 1, Makindye",2026-08-07 00:00:00+00:00,44.845198601190475,Unhealthy for Sensitive Groups
aq_g5_43,"Katwe 1, Makindye",2026-08-08 00:00:00+00:00,44.98739173776455,Unhealthy for Sensitive Groups
aq_g5_43,"Katwe 1, Makindye",2026-08-09 00:00:00+00:00,45.19792719246032,Unhealthy for Sensitive Groups
aq_g5_43,"Katwe 1, Makindye",2026-08-10 00:00:00+00:00,45.293614650147305,Unhealthy for Sensitive Groups
aq_g5_43,"Katwe 1, Makindye",2026-08-11 00:00:00+00:00,44.92241677744709,Unhealthy for Sensitive Groups
aq_g5_43,"Katwe 1, Makindye",2026-08-12 00:00:00+00:00,44.74165435019842,Unhealthy for Sensitive Groups
aq_g5_43,"Katwe 1, Makindye",2026-08-13 00:00:00+00:00,44.882362790854984,Unhealthy for Sensitive Groups
aq_g5_43,"Katwe 1, Makindye",2026-08-14 00:00:00+00:00,44.845198601190475,Unhealthy for Sensitive Groups
aq_g5_46,"Ggaba, Makindye",2026-08-01 00:00:00+00:00,31.187265337752525,Moderate
aq_g5_46,"Ggaba, Makindye",2026-08-02 00:00:00+00:00,31.268055115815898,Moderate
aq_g5_46,"Ggaba, Makindye",2026-08-03 00:00:00+00:00,31.30924458175505,Moderate
aq_g5_46,"Ggaba, Makindye",2026-08-04 00:00:00+00:00,30.589083220598848,Moderate
aq_g5_46,"Ggaba, Makindye",2026-08-05 00:00:00+00:00,30.51454799264971,Moderate
aq_g5_46,"Ggaba, Makindye",2026-08-06 00:00:00+00:00,31.312316059779338,Moderate
aq_g5_46,"Ggaba, Makindye",2026-08-07 00:00:00+00:00,31.307299689604378,Moderate
aq_g5_46,"Ggaba, Makindye",2026-08-08 00:00:00+00:00,31.187265337752525,Moderate
aq_g5_46,"Ggaba, Makindye",2026-08-09 00:00:00+00:00,31.268055115815898,Moderate
aq_g5_46,"Ggaba, Makindye",2026-08-10 00:00:00+00:00,31.30924458175505,Moderate
aq_g5_46,"Ggaba, Makindye",2026-08-11 00:00:00+00:00,30.589083220598848,Moderate
aq_g5_46,"Ggaba, Makindye",2026-08-12 00:00:00+00:00,30.51454799264971,Moderate
aq_g5_46,"Ggaba, Makindye",2026-08-13 00:00:00+00:00,31.312316059779338,Moderate
aq_g5_46,"Ggaba, Makindye",2026-08-14 00:00:00+00:00,31.307299689604378,Moderate
aq_g5_48,"Kabalagala town, Makindye",2026-08-01 00:00:00+00:00,29.727555844907403,Moderate
aq_g5_48,"Kabalagala town, Makindye",2026-08-02 00:00:00+00:00,29.80558251570767,Moderate
aq_g5_48,"Kabalagala town, Makindye",2026-08-03 00:00:00+00:00,29.725635494378306,Moderate
aq_g5_48,"Kabalagala town, Makindye",2026-08-04 00:00:00+00:00,29.098429644510578,Moderate
aq_g5_48,"Kabalagala town, Makindye",2026-08-05 00:00:00+00:00,29.023402829861112,Moderate
aq_g5_48,"Kabalagala town, Makindye",2026-08-06 00:00:00+00:00,29.6258837143759,Moderate
aq_g5_48,"Kabalagala town, Makindye",2026-08-07 00:00:00+00:00,29.791265187590188,Moderate
aq_g5_48,"Kabalagala town, Makindye",2026-08-08 00:00:00+00:00,29.727555844907403,Moderate
aq_g5_48,"Kabalagala town, Makindye",2026-08-09 00:00:00+00:00,29.80558251570767,Moderate
aq_g5_48,"Kabalagala town, Makindye",2026-08-10 00:00:00+00:00,29.725635494378306,Moderate
aq_g5_48,"Kabalagala town, Makindye",2026-08-11 00:00:00+00:00,29.098429644510578,Moderate
aq_g5_48,"Kabalagala town, Makindye",2026-08-12 00:00:00+00:00,29.023402829861112,Moderate
aq_g5_48,"Kabalagala town, Makindye",2026-08-13 00:00:00+00:00,29.6258837143759,Moderate
aq_g5_48,"Kabalagala town, Makindye",2026-08-14 00:00:00+00:00,29.791265187590188,Moderate
aq_g5_49,Makindye Kcca division offices,2026-08-01 00:00:00+00:00,24.807236708904522,Moderate
aq_g5_49,Makindye Kcca division offices,2026-08-02 00:00:00+00:00,24.865896284797376,Moderate
aq_g5_49,Makindye Kcca division offices,2026-08-03 00:00:00+00:00,24.883590327831886,Moderate
aq_g5_49,Makindye Kcca division offices,2026-08-04 00:00:00+00:00,24.687434508477633,Moderate
aq_g5_49,Makindye Kcca division offices,2026-08-05 00:00:00+00:00,24.64770973417208,Moderate
aq_g5_49,Makindye Kcca division offices,2026-08-06 00:00:00+00:00,24.6358770847613,Moderate
aq_g5_49,Makindye Kcca division offices,2026-08-07 00:00:00+00:00,24.653112211550024,Moderate
aq_g5_49,Makindye Kcca division offices,2026-08-08 00:00:00+00:00,24.807236708904522,Moderate
aq_g5_49,Makindye Kcca division offices,2026-08-09 00:00:00+00:00,24.865896284797376,Moderate
aq_g5_49,Makindye Kcca division offices,2026-08-10 00:00:00+00:00,24.883590327831886,Moderate
aq_g5_49,Makindye Kcca division offices,2026-08-11 00:00:00+00:00,24.687434508477633,Moderate
aq_g5_49,Makindye Kcca division offices,2026-08-12 00:00:00+00:00,24.64770973417208,Moderate
aq_g5_49,Makindye Kcca division offices,2026-08-13 00:00:00+00:00,24.6358770847613,Moderate
aq_g5_49,Makindye Kcca division offices,2026-08-14 00:00:00+00:00,24.653112211550024,Moderate
aq_g5_5,Pece Gulu,2026-08-01 00:00:00+00:00,21.699327437996033,Moderate
aq_g5_5,Pece Gulu,2026-08-02 00:00:00+00:00,21.72819205026455,Moderate
aq_g5_5,Pece Gulu,2026-08-03 00:00:00+00:00,21.924159976851854,Moderate
aq_g5_5,Pece Gulu,2026-08-04 00:00:00+00:00,21.74998459325397,Moderate
aq_g5_5,Pece Gulu,2026-08-05 00:00:00+00:00,21.717918473048943,Moderate
aq_g5_5,Pece Gulu,2026-08-06 00:00:00+00:00,21.877377486772488,Moderate
aq_g5_5,Pece Gulu,2026-08-07 00:00:00+00:00,21.692242055224867,Moderate
aq_g5_5,Pece Gulu,2026-08-08 00:00:00+00:00,21.699327437996033,Moderate
aq_g5_5,Pece Gulu,2026-08-09 00:00:00+00:00,21.72819205026455,Moderate
aq_g5_5,Pece Gulu,2026-08-10 00:00:00+00:00,21.924159976851854,Moderate
aq_g5_5,Pece Gulu,2026-08-11 00:00:00+00:00,21.74998459325397,Moderate
aq_g5_5,Pece Gulu,2026-08-12 00:00:00+00:00,21.717918473048943,Moderate
aq_g5_5,Pece Gulu,2026-08-13 00:00:00+00:00,21.877377486772488,Moderate
aq_g5_5,Pece Gulu,2026-08-14 00:00:00+00:00,21.692242055224867,Moderate
aq_g5_50,"Rushoroza Hill, Kabale",2026-08-01 00:00:00+00:00,61.474908676722585,Unhealthy
aq_g5_50,"Rushoroza Hill, Kabale",2026-08-02 00:00:00+00:00,61.79182914960618,Unhealthy
aq_g5_50,"Rushoroza Hill, Kabale",2026-08-03 00:00:00+00:00,61.85018280866703,Unhealthy
aq_g5_50,"Rushoroza Hill, Kabale",2026-08-04 00:00:00+00:00,61.56343752758237,Unhealthy
aq_g5_50,"Rushoroza Hill, Kabale",2026-08-05 00:00:00+00:00,61.27648941084957,Unhealthy
aq_g5_50,"Rushoroza Hill, Kabale",2026-08-06 00:00:00+00:00,60.89204934057841,Unhealthy
aq_g5_50,"Rushoroza Hill, Kabale",2026-08-07 00:00:00+00:00,61.14281884950697,Unhealthy
aq_g5_50,"Rushoroza Hill, Kabale",2026-08-08 00:00:00+00:00,61.474908676722585,Unhealthy
aq_g5_50,"Rushoroza Hill, Kabale",2026-08-09 00:00:00+00:00,61.79182914960618,Unhealthy
aq_g5_50,"Rushoroza Hill, Kabale",2026-08-10 00:00:00+00:00,61.85018280866703,Unhealthy
aq_g5_50,"Rushoroza Hill, Kabale",2026-08-11 00:00:00+00:00,61.56343752758237,Unhealthy
aq_g5_50,"Rushoroza Hill, Kabale",2026-08-12 00:00:00+00:00,61.27648941084957,Unhealthy
aq_g5_50,"Rushoroza Hill, Kabale",2026-08-13 00:00:00+00:00,60.89204934057841,Unhealthy
aq_g5_50,"Rushoroza Hill, Kabale",2026-08-14 00:00:00+00:00,61.14281884950697,Unhealthy
aq_g5_51,"Muyenga tank hill, Makindye",2026-08-01 00:00:00+00:00,39.48280834866522,Unhealthy for Sensitive Groups
aq_g5_51,"Muyenga tank hill, Makindye",2026-08-02 00:00:00+00:00,39.63141469208454,Unhealthy for Sensitive Groups
aq_g5_51,"Muyenga tank hill, Makindye",2026-08-03 00:00:00+00:00,39.89675690686628,Unhealthy for Sensitive Groups
aq_g5_51,"Muyenga tank hill, Makindye",2026-08-04 00:00:00+00:00,39.59935138603294,Unhealthy for Sensitive Groups
aq_g5_51,"Muyenga tank hill, Makindye",2026-08-05 00:00:00+00:00,39.47059656295094,Unhealthy for Sensitive Groups
aq_g5_51,"Muyenga tank hill, Makindye",2026-08-06 00:00:00+00:00,39.406402245896466,Unhealthy for Sensitive Groups
aq_g5_51,"Muyenga tank hill, Makindye",2026-08-07 00:00:00+00:00,39.25471284609488,Unhealthy for Sensitive Groups
aq_g5_51,"Muyenga tank hill, Makindye",2026-08-08 00:00:00+00:00,39.48280834866522,Unhealthy for Sensitive Groups
aq_g5_51,"Muyenga tank hill, Makindye",2026-08-09 00:00:00+00:00,39.63141469208454,Unhealthy for Sensitive Groups
aq_g5_51,"Muyenga tank hill, Makindye",2026-08-10 00:00:00+00:00,39.89675690686628,Unhealthy for Sensitive Groups
aq_g5_51,"Muyenga tank hill, Makindye",2026-08-11 00:00:00+00:00,39.59935138603294,Unhealthy for Sensitive Groups
aq_g5_51,"Muyenga tank hill, Makindye",2026-08-12 00:00:00+00:00,39.47059656295094,Unhealthy for Sensitive Groups
aq_g5_51,"Muyenga tank hill, Makindye",2026-08-13 00:00:00+00:00,39.406402245896466,Unhealthy for Sensitive Groups
aq_g5_51,"Muyenga tank hill, Makindye",2026-08-14 00:00:00+00:00,39.25471284609488,Unhealthy for Sensitive Groups
aq_g5_53,Kansanga Seed Secondary School,2026-08-01 00:00:00+00:00,31.25842681833213,Moderate
aq_g5_53,Kansanga Seed Secondary School,2026-08-02 00:00:00+00:00,31.413740595238096,Moderate
aq_g5_53,Kansanga Seed Secondary School,2026-08-03 00:00:00+00:00,31.508858672664143,Moderate
aq_g5_53,Kansanga Seed Secondary School,2026-08-04 00:00:00+00:00,31.347689052955147,Moderate
aq_g5_53,Kansanga Seed Secondary School,2026-08-05 00:00:00+00:00,31.188204530348127,Moderate
aq_g5_53,Kansanga Seed Secondary School,2026-08-06 00:00:00+00:00,31.075888792538482,Moderate
aq_g5_53,Kansanga Seed Secondary School,2026-08-07 00:00:00+00:00,31.09828417944324,Moderate
aq_g5_53,Kansanga Seed Secondary School,2026-08-08 00:00:00+00:00,31.25842681833213,Moderate
aq_g5_53,Kansanga Seed Secondary School,2026-08-09 00:00:00+00:00,31.413740595238096,Moderate
aq_g5_53,Kansanga Seed Secondary School,2026-08-10 00:00:00+00:00,31.508858672664143,Moderate
aq_g5_53,Kansanga Seed Secondary School,2026-08-11 00:00:00+00:00,31.347689052955147,Moderate
aq_g5_53,Kansanga Seed Secondary School,2026-08-12 00:00:00+00:00,31.188204530348127,Moderate
aq_g5_53,Kansanga Seed Secondary School,2026-08-13 00:00:00+00:00,31.075888792538482,Moderate
aq_g5_53,Kansanga Seed Secondary School,2026-08-14 00:00:00+00:00,31.09828417944324,Moderate
aq_g5_54,KCCA Division Rubaga,2026-08-01 00:00:00+00:00,31.528736804728837,Moderate
aq_g5_54,KCCA Division Rubaga,2026-08-02 00:00:00+00:00,31.56385780671296,Moderate
aq_g5_54,KCCA Division Rubaga,2026-08-03 00:00:00+00:00,31.761208278469212,Moderate
aq_g5_54,KCCA Division Rubaga,2026-08-04 00:00:00+00:00,31.72323606038059,Moderate
aq_g5_54,KCCA Division Rubaga,2026-08-05 00:00:00+00:00,31.686665249368687,Moderate
aq_g5_54,KCCA Division Rubaga,2026-08-06 00:00:00+00:00,31.610946738290647,Moderate
aq_g5_54,KCCA Division Rubaga,2026-08-07 00:00:00+00:00,31.413275559689154,Moderate
aq_g5_54,KCCA Division Rubaga,2026-08-08 00:00:00+00:00,31.528736804728837,Moderate
aq_g5_54,KCCA Division Rubaga,2026-08-09 00:00:00+00:00,31.56385780671296,Moderate
aq_g5_54,KCCA Division Rubaga,2026-08-10 00:00:00+00:00,31.761208278469212,Moderate
aq_g5_54,KCCA Division Rubaga,2026-08-11 00:00:00+00:00,31.72323606038059,Moderate
aq_g5_54,KCCA Division Rubaga,2026-08-12 00:00:00+00:00,31.686665249368687,Moderate
aq_g5_54,KCCA Division Rubaga,2026-08-13 00:00:00+00:00,31.610946738290647,Moderate
aq_g5_54,KCCA Division Rubaga,2026-08-14 00:00:00+00:00,31.413275559689154,Moderate
aq_g5_59,"Kikungiri Hill, Kabale Municipality Kabale",2026-08-01 00:00:00+00:00,31.92044253637566,Moderate
aq_g5_59,"Kikungiri Hill, Kabale Municipality Kabale",2026-08-02 00:00:00+00:00,32.19412738839286,Moderate
aq_g5_59,"Kikungiri Hill, Kabale Municipality Kabale",2026-08-03 00:00:00+00:00,32.3306104985119,Moderate
aq_g5_59,"Kikungiri Hill, Kabale Municipality Kabale",2026-08-04 00:00:00+00:00,31.84201146081349,Moderate
aq_g5_59,"Kikungiri Hill, Kabale Municipality Kabale",2026-08-05 00:00:00+00:00,31.56521251653439,Moderate
aq_g5_59,"Kikungiri Hill, Kabale Municipality Kabale",2026-08-06 00:00:00+00:00,31.69182032061688,Moderate
aq_g5_59,"Kikungiri Hill, Kabale Municipality Kabale",2026-08-07 00:00:00+00:00,31.691711438492064,Moderate
aq_g5_59,"Kikungiri Hill, Kabale Municipality Kabale",2026-08-08 00:00:00+00:00,31.92044253637566,Moderate
aq_g5_59,"Kikungiri Hill, Kabale Municipality Kabale",2026-08-09 00:00:00+00:00,32.19412738839286,Moderate
aq_g5_59,"Kikungiri Hill, Kabale Municipality Kabale",2026-08-10 00:00:00+00:00,32.3306104985119,Moderate
aq_g5_59,"Kikungiri Hill, Kabale Municipality Kabale",2026-08-11 00:00:00+00:00,31.84201146081349,Moderate
aq_g5_59,"Kikungiri Hill, Kabale Municipality Kabale",2026-08-12 00:00:00+00:00,31.56521251653439,Moderate
aq_g5_59,"Kikungiri Hill, Kabale Municipality Kabale",2026-08-13 00:00:00+00:00,31.69182032061688,Moderate
aq_g5_59,"Kikungiri Hill, Kabale Municipality Kabale",2026-08-14 00:00:00+00:00,31.691711438492064,Moderate
aq_g5_62,"Bunyonyi Region, Kabale",2026-08-01 00:00:00+00:00,21.115121675459957,Moderate
aq_g5_62,"Bunyonyi Region, Kabale",2026-08-02 00:00:00+00:00,21.17312815363456,Moderate
aq_g5_62,"Bunyonyi Region, Kabale",2026-08-03 00:00:00+00:00,21.233251722582974,Moderate
aq_g5_62,"Bunyonyi Region, Kabale",2026-08-04 00:00:00+00:00,21.121723287563132,Moderate
aq_g5_62,"Bunyonyi Region, Kabale",2026-08-05 00:00:00+00:00,21.066388597582975,Moderate
aq_g5_62,"Bunyonyi Region, Kabale",2026-08-06 00:00:00+00:00,21.16852932592292,Moderate
aq_g5_62,"Bunyonyi Region, Kabale",2026-08-07 00:00:00+00:00,21.0767001906716,Moderate
aq_g5_62,"Bunyonyi Region, Kabale",2026-08-08 00:00:00+00:00,21.115121675459957,Moderate
aq_g5_62,"Bunyonyi Region, Kabale",2026-08-09 00:00:00+00:00,21.17312815363456,Moderate
aq_g5_62,"Bunyonyi Region, Kabale",2026-08-10 00:00:00+00:00,21.233251722582974,Moderate
aq_g5_62,"Bunyonyi Region, Kabale",2026-08-11 00:00:00+00:00,21.121723287563132,Moderate
aq_g5_62,"Bunyonyi Region, Kabale",2026-08-12 00:00:00+00:00,21.066388597582975,Moderate
aq_g5_62,"Bunyonyi Region, Kabale",2026-08-13 00:00:00+00:00,21.16852932592292,Moderate
aq_g5_62,"Bunyonyi Region, Kabale",2026-08-14 00:00:00+00:00,21.0767001906716,Moderate
aq_g5_71,"Kyebando, Kampala",2026-08-01 00:00:00+00:00,35.826095895337296,Unhealthy for Sensitive Groups
aq_g5_71,"Kyebando, Kampala",2026-08-02 00:00:00+00:00,35.88947990079365,Unhealthy for Sensitive Groups
aq_g5_71,"Kyebando, Kampala",2026-08-03 00:00:00+00:00,35.97771115492725,Unhealthy for Sensitive Groups
aq_g5_71,"Kyebando, Kampala",2026-08-04 00:00:00+00:00,35.67761828290344,Unhealthy for Sensitive Groups
aq_g5_71,"Kyebando, Kampala",2026-08-05 00:00:00+00:00,35.59108595155423,Unhealthy for Sensitive Groups
aq_g5_71,"Kyebando, Kampala",2026-08-06 00:00:00+00:00,35.72899543898809,Unhealthy for Sensitive Groups
aq_g5_71,"Kyebando, Kampala",2026-08-07 00:00:00+00:00,35.70261688492064,Unhealthy for Sensitive Groups
aq_g5_71,"Kyebando, Kampala",2026-08-08 00:00:00+00:00,35.826095895337296,Unhealthy for Sensitive Groups
aq_g5_71,"Kyebando, Kampala",2026-08-09 00:00:00+00:00,35.88947990079365,Unhealthy for Sensitive Groups
aq_g5_71,"Kyebando, Kampala",2026-08-10 00:00:00+00:00,35.97771115492725,Unhealthy for Sensitive Groups
aq_g5_71,"Kyebando, Kampala",2026-08-11 00:00:00+00:00,35.67761828290344,Unhealthy for Sensitive Groups
aq_g5_71,"Kyebando, Kampala",2026-08-12 00:00:00+00:00,35.59108595155423,Unhealthy for Sensitive Groups
aq_g5_71,"Kyebando, Kampala",2026-08-13 00:00:00+00:00,35.72899543898809,Unhealthy for Sensitive Groups
aq_g5_71,"Kyebando, Kampala",2026-08-14 00:00:00+00:00,35.70261688492064,Unhealthy for Sensitive Groups
aq_g5_75,Faculty of Engineering Technology and Applied Art,2026-08-01 00:00:00+00:00,36.15101971808863,Unhealthy for Sensitive Groups
aq_g5_75,Faculty of Engineering Technology and Applied Art,2026-08-02 00:00:00+00:00,36.456817557870366,Unhealthy for Sensitive Groups
aq_g5_75,Faculty of Engineering Technology and Applied Art,2026-08-03 00:00:00+00:00,36.61459470486111,Unhealthy for Sensitive Groups
aq_g5_75,Faculty of Engineering Technology and Applied Art,2026-08-04 00:00:00+00:00,36.20542708498677,Unhealthy for Sensitive Groups
aq_g5_75,Faculty of Engineering Technology and Applied Art,2026-08-05 00:00:00+00:00,35.911871381448414,Unhealthy for Sensitive Groups
aq_g5_75,Faculty of Engineering Technology and Applied Art,2026-08-06 00:00:00+00:00,36.148145392691795,Unhealthy for Sensitive Groups
aq_g5_75,Faculty of Engineering Technology and Applied Art,2026-08-07 00:00:00+00:00,36.04053529183201,Unhealthy for Sensitive Groups
aq_g5_75,Faculty of Engineering Technology and Applied Art,2026-08-08 00:00:00+00:00,36.15101971808863,Unhealthy for Sensitive Groups
aq_g5_75,Faculty of Engineering Technology and Applied Art,2026-08-09 00:00:00+00:00,36.456817557870366,Unhealthy for Sensitive Groups
aq_g5_75,Faculty of Engineering Technology and Applied Art,2026-08-10 00:00:00+00:00,36.61459470486111,Unhealthy for Sensitive Groups
aq_g5_75,Faculty of Engineering Technology and Applied Art,2026-08-11 00:00:00+00:00,36.20542708498677,Unhealthy for Sensitive Groups
aq_g5_75,Faculty of Engineering Technology and Applied Art,2026-08-12 00:00:00+00:00,35.911871381448414,Unhealthy for Sensitive Groups
aq_g5_75,Faculty of Engineering Technology and Applied Art,2026-08-13 00:00:00+00:00,36.148145392691795,Unhealthy for Sensitive Groups
aq_g5_75,Faculty of Engineering Technology and Applied Art,2026-08-14 00:00:00+00:00,36.04053529183201,Unhealthy for Sensitive Groups
aq_g5_79,Lapeta Health Centre 3,2026-08-01 00:00:00+00:00,12.737657753427134,Moderate
aq_g5_79,Lapeta Health Centre 3,2026-08-02 00:00:00+00:00,12.74298674069565,Moderate
aq_g5_79,Lapeta Health Centre 3,2026-08-03 00:00:00+00:00,12.71976800384801,Moderate
aq_g5_79,Lapeta Health Centre 3,2026-08-04 00:00:00+00:00,12.69387129667208,Moderate
aq_g5_79,Lapeta Health Centre 3,2026-08-05 00:00:00+00:00,12.687510144224989,Moderate
aq_g5_79,Lapeta Health Centre 3,2026-08-06 00:00:00+00:00,12.836834628727757,Moderate
aq_g5_79,Lapeta Health Centre 3,2026-08-07 00:00:00+00:00,12.815826521164025,Moderate
aq_g5_79,Lapeta Health Centre 3,2026-08-08 00:00:00+00:00,12.737657753427134,Moderate
aq_g5_79,Lapeta Health Centre 3,2026-08-09 00:00:00+00:00,12.74298674069565,Moderate
aq_g5_79,Lapeta Health Centre 3,2026-08-10 00:00:00+00:00,12.71976800384801,Moderate
aq_g5_79,Lapeta Health Centre 3,2026-08-11 00:00:00+00:00,12.69387129667208,Moderate
aq_g5_79,Lapeta Health Centre 3,2026-08-12 00:00:00+00:00,12.687510144224989,Moderate
aq_g5_79,Lapeta Health Centre 3,2026-08-13 00:00:00+00:00,12.836834628727757,Moderate
aq_g5_79,Lapeta Health Centre 3,2026-08-14 00:00:00+00:00,12.815826521164025,Moderate
aq_g5_86,Makerere Main Gate Area.,2026-08-01 00:00:00+00:00,29.760688437499997,Moderate
aq_g5_86,Makerere Main Gate Area.,2026-08-02 00:00:00+00:00,29.80911990575397,Moderate
aq_g5_86,Makerere Main Gate Area.,2026-08-03 00:00:00+00:00,30.026764527943126,Moderate
aq_g5_86,Makerere Main Gate Area.,2026-08-04 00:00:00+00:00,29.978172367724866,Moderate
aq_g5_86,Makerere Main Gate Area.,2026-08-05 00:00:00+00:00,29.931369833002645,Moderate
aq_g5_86,Makerere Main Gate Area.,2026-08-06 00:00:00+00:00,29.697049690806878,Moderate
aq_g5_86,Makerere Main Gate Area.,2026-08-07 00:00:00+00:00,29.50977482556217,Moderate
aq_g5_86,Makerere Main Gate Area.,2026-08-08 00:00:00+00:00,29.760688437499997,Moderate
aq_g5_86,Makerere Main Gate Area.,2026-08-09 00:00:00+00:00,29.80911990575397,Moderate
aq_g5_86,Makerere Main Gate Area.,2026-08-10 00:00:00+00:00,30.026764527943126,Moderate
aq_g5_86,Makerere Main Gate Area.,2026-08-11 00:00:00+00:00,29.978172367724866,Moderate
aq_g5_86,Makerere Main Gate Area.,2026-08-12 00:00:00+00:00,29.931369833002645,Moderate
aq_g5_86,Makerere Main Gate Area.,2026-08-13 00:00:00+00:00,29.697049690806878,Moderate
aq_g5_86,Makerere Main Gate Area.,2026-08-14 00:00:00+00:00,29.50977482556217,Moderate
aq_g5_93,Gulu university,2026-08-01 00:00:00+00:00,12.251760609893575,Moderate
aq_g5_93,Gulu university,2026-08-02 00:00:00+00:00,12.312848967201775,Moderate
aq_g5_93,Gulu university,2026-08-03 00:00:00+00:00,12.313211655092589,Moderate
aq_g5_93,Gulu university,2026-08-04 00:00:00+00:00,12.243350546461636,Moderate
aq_g5_93,Gulu university,2026-08-05 00:00:00+00:00,12.174888642526454,Moderate
aq_g5_93,Gulu university,2026-08-06 00:00:00+00:00,12.268387347056875,Moderate
aq_g5_93,Gulu university,2026-08-07 00:00:00+00:00,12.302369086249398,Moderate
aq_g5_93,Gulu university,2026-08-08 00:00:00+00:00,12.251760609893575,Moderate
aq_g5_93,Gulu university,2026-08-09 00:00:00+00:00,12.312848967201775,Moderate
aq_g5_93,Gulu university,2026-08-10 00:00:00+00:00,12.313211655092589,Moderate
aq_g5_93,Gulu university,2026-08-11 00:00:00+00:00,12.243350546461636,Moderate
aq_g5_93,Gulu university,2026-08-12 00:00:00+00:00,12.174888642526454,Moderate
aq_g5_93,Gulu university,2026-08-13 00:00:00+00:00,12.268387347056875,Moderate
aq_g5_93,Gulu university,2026-08-14 00:00:00+00:00,12.302369086249398,Moderate
aq_g5_97,"Mbuya II, Nakawa",2026-08-01 00:00:00+00:00,20.97246683494168,Moderate
aq_g5_97,"Mbuya II, Nakawa",2026-08-02 00:00:00+00:00,20.994453300715488,Moderate
aq_g5_97,"Mbuya II, Nakawa",2026-08-03 00:00:00+00:00,21.036276106601733,Moderate
aq_g5_97,"Mbuya II, Nakawa",2026-08-04 00:00:00+00:00,20.816226840728714,Moderate
aq_g5_97,"Mbuya II, Nakawa",2026-08-05 00:00:00+00:00,20.775192936958877,Moderate
aq_g5_97,"Mbuya II, Nakawa",2026-08-06 00:00:00+00:00,21.01508689236111,Moderate
aq_g5_97,"Mbuya II, Nakawa",2026-08-07 00:00:00+00:00,20.968449424603175,Moderate
aq_g5_97,"Mbuya II, Nakawa",2026-08-08 00:00:00+00:00,20.97246683494168,Moderate
aq_g5_97,"Mbuya II, Nakawa",2026-08-09 00:00:00+00:00,20.994453300715488,Moderate
aq_g5_97,"Mbuya II, Nakawa",2026-08-10 00:00:00+00:00,21.036276106601733,Moderate
aq_g5_97,"Mbuya II, Nakawa",2026-08-11 00:00:00+00:00,20.816226840728714,Moderate
aq_g5_97,"Mbuya II, Nakawa",2026-08-12 00:00:00+00:00,20.775192936958877,Moderate
aq_g5_97,"Mbuya II, Nakawa",2026-08-13 00:00:00+00:00,21.01508689236111,Moderate
aq_g5_97,"Mbuya II, Nakawa",2026-08-14 00:00:00+00:00,20.968449424603175,Moderate
