device_name,site_name,datetime,predicted_pm25_ug_m3,aqi_category
ag_588c8125eca4,Kyebando,2026-08-01 00:00:00+00:00,32.56966444444444,Moderate
ag_588c8125eca4,Kyebando,2026-08-01 01:00:00+00:00,92.7431238690476,Unhealthy
ag_588c8125eca4,Kyebando,2026-08-01 02:00:00+00:00,87.59134874999998,Unhealthy
ag_588c8125eca4,Kyebando,2026-08-01 03:00:00+00:00,70.83300240079366,Unhealthy
ag_588c8125eca4,Kyebando,2026-08-01 04:00:00+00:00,82.28135930555555,Unhealthy
ag_588c8125eca4,Kyebando,2026-08-01 05:00:00+00:00,67.76135404761905,Unhealthy
ag_588c8125eca4,Kyebando,2026-08-01 06:00:00+00:00,30.944427927489176,Moderate
ag_588c8125eca4,Kyebando,2026-08-01 07:00:00+00:00,25.265572261904765,Moderate
ag_588c8125eca4,Kyebando,2026-08-01 08:00:00+00:00,28.970894285714284,Moderate
ag_588c8125eca4,Kyebando,2026-08-01 09:00:00+00:00,28.583979880952384,Moderate
ag_588c8125eca4,Kyebando,2026-08-01 10:00:00+00:00,26.475717321428576,Moderate
ag_588c8125eca4,Kyebando,2026-08-01 11:00:00+00:00,25.226189761904763,Moderate
ag_588c8125eca4,Kyebando,2026-08-01 12:00:00+00:00,25.19269726190476,Moderate
ag_588c8125eca4,Kyebando,2026-08-01 13:00:00+00:00,25.31426619047619,Moderate
ag_588c8125eca4,Kyebando,2026-08-01 14:00:00+00:00,28.335185297619045,Moderate
ag_588c8125eca4,Kyebando,2026-08-01 15:00:00+00:00,23.35361,Moderate
ag_588c8125eca4,Kyebando,2026-08-01 16:00:00+00:00,41.02231797619048,Unhealthy for Sensitive Groups
ag_588c8125eca4,Kyebando,2026-08-01 17:00:00+00:00,59.87772825396827,Unhealthy
ag_588c8125eca4,Kyebando,2026-08-01 18:00:00+00:00,62.74879154761904,Unhealthy
ag_588c8125eca4,Kyebando,2026-08-01 19:00:00+00:00,70.68713333333334,Unhealthy
ag_588c8125eca4,Kyebando,2026-08-01 20:00:00+00:00,77.62737511904764,Unhealthy
ag_588c8125eca4,Kyebando,2026-08-01 21:00:00+00:00,58.72647103174604,Unhealthy
ag_588c8125eca4,Kyebando,2026-08-01 22:00:00+00:00,56.52154519841268,Unhealthy
ag_588c8125eca4,Kyebando,2026-08-01 23:00:00+00:00,45.512663630952375,Unhealthy for Sensitive Groups
ag_588c8125ef30,Sir Apollo Kagwa Road,2026-08-01 00:00:00+00:00,56.29584595238096,Unhealthy
ag_588c8125ef30,Sir Apollo Kagwa Road,2026-08-01 01:00:00+00:00,59.85347386904763,Unhealthy
ag_588c8125ef30,Sir Apollo Kagwa Road,2026-08-01 02:00:00+00:00,59.80742410714284,Unhealthy
ag_588c8125ef30,Sir Apollo Kagwa Road,2026-08-01 03:00:00+00:00,96.45752664682541,Unhealthy
ag_588c8125ef30,Sir Apollo Kagwa Road,2026-08-01 04:00:00+00:00,114.07280140873016,Unhealthy
ag_588c8125ef30,Sir Apollo Kagwa Road,2026-08-01 05:00:00+00:00,118.01735452020205,Unhealthy
ag_588c8125ef30,Sir Apollo Kagwa Road,2026-08-01 06:00:00+00:00,79.08586369047615,Unhealthy
ag_588c8125ef30,Sir Apollo Kagwa Road,2026-08-01 07:00:00+00:00,54.975639186507934,Unhealthy for Sensitive Groups
ag_588c8125ef30,Sir Apollo Kagwa Road,2026-08-01 08:00:00+00:00,62.10067982142857,Unhealthy
ag_588c8125ef30,Sir Apollo Kagwa Road,2026-08-01 09:00:00+00:00,52.59141625541126,Unhealthy for Sensitive Groups
ag_588c8125ef30,Sir Apollo Kagwa Road,2026-08-01 10:00:00+00:00,52.80602988095239,Unhealthy for Sensitive Groups
ag_588c8125ef30,Sir Apollo Kagwa Road,2026-08-01 11:00:00+00:00,34.22340896825397,Moderate
ag_588c8125ef30,Sir Apollo Kagwa Road,2026-08-01 12:00:00+00:00,33.51865345238095,Moderate
ag_588c8125ef30,Sir Apollo Kagwa Road,2026-08-01 13:00:00+00:00,41.79593476190476,Unhealthy for Sensitive Groups
ag_588c8125ef30,Sir Apollo Kagwa Road,2026-08-01 14:00:00+00:00,39.02727636904762,Unhealthy for Sensitive Groups
ag_588c8125ef30,Sir Apollo Kagwa Road,2026-08-01 15:00:00+00:00,46.68221583333333,Unhealthy for Sensitive Groups
ag_588c8125ef30,Sir Apollo Kagwa Road,2026-08-01 16:00:00+00:00,72.04986363095239,Unhealthy
ag_588c8125ef30,Sir Apollo Kagwa Road,2026-08-01 17:00:00+00:00,74.83236111111111,Unhealthy
ag_588c8125ef30,Sir Apollo Kagwa Road,2026-08-01 18:00:00+00:00,67.12879855158731,Unhealthy
ag_588c8125ef30,Sir Apollo Kagwa Road,2026-08-01 19:00:00+00:00,68.21690323412699,Unhealthy
ag_588c8125ef30,Sir Apollo Kagwa Road,2026-08-01 20:00:00+00:00,79.94167136904765,Unhealthy
ag_588c8125ef30,Sir Apollo Kagwa Road,2026-08-01 21:00:00+00:00,80.1271061309524,Unhealthy
ag_588c8125ef30,Sir Apollo Kagwa Road,2026-08-01 22:00:00+00:00,50.010073174603164,Unhealthy for Sensitive Groups
ag_588c8125ef30,Sir Apollo Kagwa Road,2026-08-01 23:00:00+00:00,63.78762549603174,Unhealthy
ag_588c81266ad0,Mpelerwe Trading Center,2026-08-01 00:00:00+00:00,59.432589345238085,Unhealthy
ag_588c81266ad0,Mpelerwe Trading Center,2026-08-01 01:00:00+00:00,42.98914047619048,Unhealthy for Sensitive Groups
ag_588c81266ad0,Mpelerwe Trading Center,2026-08-01 02:00:00+00:00,55.174981607142854,Unhealthy for Sensitive Groups
ag_588c81266ad0,Mpelerwe Trading Center,2026-08-01 03:00:00+00:00,62.42664172619047,Unhealthy
ag_588c81266ad0,Mpelerwe Trading Center,2026-08-01 04:00:00+00:00,60.447152857142854,Unhealthy
ag_588c81266ad0,Mpelerwe Trading Center,2026-08-01 05:00:00+00:00,61.77212851190476,Unhealthy
ag_588c81266ad0,Mpelerwe Trading Center,2026-08-01 06:00:00+00:00,53.17749885822512,Unhealthy for Sensitive Groups
ag_588c81266ad0,Mpelerwe Trading Center,2026-08-01 07:00:00+00:00,31.526996547619046,Moderate
ag_588c81266ad0,Mpelerwe Trading Center,2026-08-01 08:00:00+00:00,27.88664273809524,Moderate
ag_588c81266ad0,Mpelerwe Trading Center,2026-08-01 09:00:00+00:00,21.02911130952381,Moderate
ag_588c81266ad0,Mpelerwe Trading Center,2026-08-01 10:00:00+00:00,19.3647724404762,Moderate
ag_588c81266ad0,Mpelerwe Trading Center,2026-08-01 11:00:00+00:00,27.5464944047619,Moderate
ag_588c81266ad0,Mpelerwe Trading Center,2026-08-01 12:00:00+00:00,27.32891785714285,Moderate
ag_588c81266ad0,Mpelerwe Trading Center,2026-08-01 13:00:00+00:00,27.186583571428567,Moderate
ag_588c81266ad0,Mpelerwe Trading Center,2026-08-01 14:00:00+00:00,20.199409880952377,Moderate
ag_588c81266ad0,Mpelerwe Trading Center,2026-08-01 15:00:00+00:00,48.1395530952381,Unhealthy for Sensitive Groups
ag_588c81266ad0,Mpelerwe Trading Center,2026-08-01 16:00:00+00:00,52.66520077380953,Unhealthy for Sensitive Groups
ag_588c81266ad0,Mpelerwe Trading Center,2026-08-01 17:00:00+00:00,62.49859857142858,Unhealthy
ag_588c81266ad0,Mpelerwe Trading Center,2026-08-01 18:00:00+00:00,73.89735654761904,Unhealthy
ag_588c81266ad0,Mpelerwe Trading Center,2026-08-01 19:00:00+00:00,79.8891479563492,Unhealthy
ag_588c81266ad0,Mpelerwe Trading Center,2026-08-01 20:00:00+00:00,124.47347188492064,Unhealthy
ag_588c81266ad0,Mpelerwe Trading Center,2026-08-01 21:00:00+00:00,67.13189148809525,Unhealthy
ag_588c81266ad0,Mpelerwe Trading Center,2026-08-01 22:00:00+00:00,72.61703575396828,Unhealthy
ag_588c81266ad0,Mpelerwe Trading Center,2026-08-01 23:00:00+00:00,49.53703986111111,Unhealthy for Sensitive Groups
ag_588c81266dc8,"Nansana east ward, Wakiso",2026-08-01 00:00:00+00:00,31.414019960317457,Moderate
ag_588c81266dc8,"Nansana east ward, Wakiso",2026-08-01 01:00:00+00:00,34.65406321428571,Moderate
ag_588c81266dc8,"Nansana east ward, Wakiso",2026-08-01 02:00:00+00:00,35.42866246031746,Moderate
ag_588c81266dc8,"Nansana east ward, Wakiso",2026-08-01 03:00:00+00:00,70.77294297619048,Unhealthy
ag_588c81266dc8,"Nansana east ward, Wakiso",2026-08-01 04:00:00+00:00,278.1771064880953,Hazardous
ag_588c81266dc8,"Nansana east ward, Wakiso",2026-08-01 05:00:00+00:00,290.4371951190478,Hazardous
ag_588c81266dc8,"Nansana east ward, Wakiso",2026-08-01 06:00:00+00:00,465.9931233333336,Hazardous
ag_588c81266dc8,"Nansana east ward, Wakiso",2026-08-01 07:00:00+00:00,29.214829186507934,Moderate
ag_588c81266dc8,"Nansana east ward, Wakiso",2026-08-01 08:00:00+00:00,31.07664654761905,Moderate
ag_588c81266dc8,"Nansana east ward, Wakiso",2026-08-01 09:00:00+00:00,304.5943095634922,Hazardous
ag_588c81266dc8,"Nansana east ward, Wakiso",2026-08-01 10:00:00+00:00,369.2931675595239,Hazardous
ag_588c81266dc8,"Nansana east ward, Wakiso",2026-08-01 11:00:00+00:00,314.005128452381,Hazardous
ag_588c81266dc8,"Nansana east ward, Wakiso",2026-08-01 12:00:00+00:00,23.817224543650795,Moderate
ag_588c81266dc8,"Nansana east ward, Wakiso",2026-08-01 13:00:00+00:00,19.22765644841269,Moderate
ag_588c81266dc8,"Nansana east ward, Wakiso",2026-08-01 14:00:00+00:00,19.786211230158735,Moderate
ag_588c81266dc8,"Nansana east ward, Wakiso",2026-08-01 15:00:00+00:00,22.26964190476191,Moderate
ag_588c81266dc8,"Nansana east ward, Wakiso",2026-08-01 16:00:00+00:00,31.22341863095238,Moderate
ag_588c81266dc8,"Nansana east ward, Wakiso",2026-08-01 17:00:00+00:00,36.35876373015873,Unhealthy for Sensitive Groups
ag_588c81266dc8,"Nansana east ward, Wakiso",2026-08-01 18:00:00+00:00,43.83481216269842,Unhealthy for Sensitive Groups
ag_588c81266dc8,"Nansana east ward, Wakiso",2026-08-01 19:00:00+00:00,44.2301364484127,Unhealthy for Sensitive Groups
ag_588c81266dc8,"Nansana east ward, Wakiso",2026-08-01 20:00:00+00:00,41.64132174603175,Unhealthy for Sensitive Groups
ag_588c81266dc8,"Nansana east ward, Wakiso",2026-08-01 21:00:00+00:00,37.22520263888889,Unhealthy for Sensitive Groups
ag_588c81266dc8,"Nansana east ward, Wakiso",2026-08-01 22:00:00+00:00,31.0934125,Moderate
ag_588c81266dc8,"Nansana east ward, Wakiso",2026-08-01 23:00:00+00:00,30.814167063492064,Moderate
ag_588c81267534,Salama Road,2026-08-01 00:00:00+00:00,64.35356928571429,Unhealthy
ag_588c81267534,Salama Road,2026-08-01 01:00:00+00:00,83.38203726190474,Unhealthy
ag_588c81267534,Salama Road,2026-08-01 02:00:00+00:00,97.42448648809528,Unhealthy
ag_588c81267534,Salama Road,2026-08-01 03:00:00+00:00,109.69792591269837,Unhealthy
ag_588c81267534,Salama Road,2026-08-01 04:00:00+00:00,109.93776575396821,Unhealthy
ag_588c81267534,Salama Road,2026-08-01 05:00:00+00:00,97.67126255952383,Unhealthy
ag_588c81267534,Salama Road,2026-08-01 06:00:00+00:00,75.51780761904763,Unhealthy
ag_588c81267534,Salama Road,2026-08-01 07:00:00+00:00,47.01350011904763,Unhealthy for Sensitive Groups
ag_588c81267534,Salama Road,2026-08-01 08:00:00+00:00,32.40276247294372,Moderate
ag_588c81267534,Salama Road,2026-08-01 09:00:00+00:00,32.50403663961039,Moderate
ag_588c81267534,Salama Road,2026-08-01 10:00:00+00:00,31.125587083333336,Moderate
ag_588c81267534,Salama Road,2026-08-01 11:00:00+00:00,26.56395190476191,Moderate
ag_588c81267534,Salama Road,2026-08-01 12:00:00+00:00,23.36289613095238,Moderate
ag_588c81267534,Salama Road,2026-08-01 13:00:00+00:00,21.683002936507936,Moderate
ag_588c81267534,Salama Road,2026-08-01 14:00:00+00:00,22.110248333333338,Moderate
ag_588c81267534,Salama Road,2026-08-01 15:00:00+00:00,62.076823593073634,Unhealthy
ag_588c81267534,Salama Road,2026-08-01 16:00:00+00:00,84.1827352777778,Unhealthy
ag_588c81267534,Salama Road,2026-08-01 17:00:00+00:00,97.94265815476192,Unhealthy
ag_588c81267534,Salama Road,2026-08-01 18:00:00+00:00,102.22762946428571,Unhealthy
ag_588c81267534,Salama Road,2026-08-01 19:00:00+00:00,97.38264553571432,Unhealthy
ag_588c81267534,Salama Road,2026-08-01 20:00:00+00:00,96.44226053571433,Unhealthy
ag_588c81267534,Salama Road,2026-08-01 21:00:00+00:00,75.73898488095242,Unhealthy
ag_588c81267534,Salama Road,2026-08-01 22:00:00+00:00,47.688478452380956,Unhealthy for Sensitive Groups
ag_588c81267534,Salama Road,2026-08-01 23:00:00+00:00,57.34714515873015,Unhealthy
ag_a085e3d92f54,Makerere University Weather Station,2026-08-01 00:00:00+00:00,38.05246283730159,Unhealthy for Sensitive Groups
ag_a085e3d92f54,Makerere University Weather Station,2026-08-01 01:00:00+00:00,48.12664632936508,Unhealthy for Sensitive Groups
ag_a085e3d92f54,Makerere University Weather Station,2026-08-01 02:00:00+00:00,44.82548922619048,Unhealthy for Sensitive Groups
ag_a085e3d92f54,Makerere University Weather Station,2026-08-01 03:00:00+00:00,48.2185076984127,Unhealthy for Sensitive Groups
ag_a085e3d92f54,Makerere University Weather Station,2026-08-01 04:00:00+00:00,42.16066126984127,Unhealthy for Sensitive Groups
ag_a085e3d92f54,Makerere University Weather Station,2026-08-01 05:00:00+00:00,69.98794942460316,Unhealthy
ag_a085e3d92f54,Makerere University Weather Station,2026-08-01 06:00:00+00:00,35.83214731782107,Unhealthy for Sensitive Groups
ag_a085e3d92f54,Makerere University Weather Station,2026-08-01 07:00:00+00:00,19.994022916666665,Moderate
ag_a085e3d92f54,Makerere University Weather Station,2026-08-01 08:00:00+00:00,19.61833613095238,Moderate
ag_a085e3d92f54,Makerere University Weather Station,2026-08-01 09:00:00+00:00,24.07954505952381,Moderate
ag_a085e3d92f54,Makerere University Weather Station,2026-08-01 10:00:00+00:00,18.41532261904763,Moderate
ag_a085e3d92f54,Makerere University Weather Station,2026-08-01 11:00:00+00:00,20.703574126984115,Moderate
ag_a085e3d92f54,Makerere University Weather Station,2026-08-01 12:00:00+00:00,18.286031666666677,Moderate
ag_a085e3d92f54,Makerere University Weather Station,2026-08-01 13:00:00+00:00,20.270250059523804,Moderate
ag_a085e3d92f54,Makerere University Weather Station,2026-08-01 14:00:00+00:00,20.64506371031745,Moderate
ag_a085e3d92f54,Makerere University Weather Station,2026-08-01 15:00:00+00:00,24.56618926587302,Moderate
ag_a085e3d92f54,Makerere University Weather Station,2026-08-01 16:00:00+00:00,20.886654761904758,Moderate
ag_a085e3d92f54,Makerere University Weather Station,2026-08-01 17:00:00+00:00,23.855264345238087,Moderate
ag_a085e3d92f54,Makerere University Weather Station,2026-08-01 18:00:00+00:00,33.728969365079365,Moderate
ag_a085e3d92f54,Makerere University Weather Station,2026-08-01 19:00:00+00:00,37.630191544011545,Unhealthy for Sensitive Groups
ag_a085e3d92f54,Makerere University Weather Station,2026-08-01 20:00:00+00:00,42.86855875,Unhealthy for Sensitive Groups
ag_a085e3d92f54,Makerere University Weather Station,2026-08-01 21:00:00+00:00,53.517198988095245,Unhealthy for Sensitive Groups
ag_a085e3d92f54,Makerere University Weather Station,2026-08-01 22:00:00+00:00,34.26179332972583,Moderate
ag_a085e3d92f54,Makerere University Weather Station,2026-08-01 23:00:00+00:00,49.03727849206349,Unhealthy for Sensitive Groups
airqo-g5168,Mbarara Central,2026-08-01 00:00:00+00:00,16.762275734126973,Moderate
airqo-g5168,Mbarara Central,2026-08-01 01:00:00+00:00,48.54290329365079,Unhealthy for Sensitive Groups
airqo-g5168,Mbarara Central,2026-08-01 02:00:00+00:00,57.792262916666665,Unhealthy
airqo-g5168,Mbarara Central,2026-08-01 03:00:00+00:00,61.27553642857144,Unhealthy
airqo-g5168,Mbarara Central,2026-08-01 04:00:00+00:00,62.73794984126984,Unhealthy
airqo-g5168,Mbarara Central,2026-08-01 05:00:00+00:00,65.15817041666668,Unhealthy
airqo-g5168,Mbarara Central,2026-08-01 06:00:00+00:00,18.30599845238095,Moderate
airqo-g5168,Mbarara Central,2026-08-01 07:00:00+00:00,16.455399166666673,Moderate
airqo-g5168,Mbarara Central,2026-08-01 08:00:00+00:00,14.264633928571413,Moderate
airqo-g5168,Mbarara Central,2026-08-01 09:00:00+00:00,17.963955019841265,Moderate
airqo-g5168,Mbarara Central,2026-08-01 10:00:00+00:00,14.64159202380953,Moderate
airqo-g5168,Mbarara Central,2026-08-01 11:00:00+00:00,14.816828015873014,Moderate
airqo-g5168,Mbarara Central,2026-08-01 12:00:00+00:00,11.677158829365066,Moderate
airqo-g5168,Mbarara Central,2026-08-01 13:00:00+00:00,13.200064345238076,Moderate
airqo-g5168,Mbarara Central,2026-08-01 14:00:00+00:00,15.756381904761906,Moderate
airqo-g5168,Mbarara Central,2026-08-01 15:00:00+00:00,15.980997936507933,Moderate
airqo-g5168,Mbarara Central,2026-08-01 16:00:00+00:00,18.584537658730156,Moderate
airqo-g5168,Mbarara Central,2026-08-01 17:00:00+00:00,18.029264920634922,Moderate
airqo-g5168,Mbarara Central,2026-08-01 18:00:00+00:00,22.160372202380955,Moderate
airqo-g5168,Mbarara Central,2026-08-01 19:00:00+00:00,20.871701845238093,Moderate
airqo-g5168,Mbarara Central,2026-08-01 20:00:00+00:00,33.738368015873014,Moderate
airqo-g5168,Mbarara Central,2026-08-01 21:00:00+00:00,35.02315632936508,Moderate
airqo-g5168,Mbarara Central,2026-08-01 22:00:00+00:00,40.14892886904762,Unhealthy for Sensitive Groups
airqo-g5168,Mbarara Central,2026-08-01 23:00:00+00:00,16.972201626984123,Moderate
airqo-g5181,Rakai Health Sciences Program Facility,2026-08-01 00:00:00+00:00,13.624710178571416,Moderate
airqo-g5181,Rakai Health Sciences Program Facility,2026-08-01 01:00:00+00:00,14.004332142857148,Moderate
airqo-g5181,Rakai Health Sciences Program Facility,2026-08-01 02:00:00+00:00,23.815789139194134,Moderate
airqo-g5181,Rakai Health Sciences Program Facility,2026-08-01 03:00:00+00:00,10.156991884920625,Moderate
airqo-g5181,Rakai Health Sciences Program Facility,2026-08-01 04:00:00+00:00,12.776763730158724,Moderate
airqo-g5181,Rakai Health Sciences Program Facility,2026-08-01 05:00:00+00:00,11.908767559523806,Moderate
airqo-g5181,Rakai Health Sciences Program Facility,2026-08-01 06:00:00+00:00,14.77459867063492,Moderate
airqo-g5181,Rakai Health Sciences Program Facility,2026-08-01 07:00:00+00:00,16.154982420634905,Moderate
airqo-g5181,Rakai Health Sciences Program Facility,2026-08-01 08:00:00+00:00,14.997931785714293,Moderate
airqo-g5181,Rakai Health Sciences Program Facility,2026-08-01 09:00:00+00:00,15.677183333333328,Moderate
airqo-g5181,Rakai Health Sciences Program Facility,2026-08-01 10:00:00+00:00,13.67758958333334,Moderate
airqo-g5181,Rakai Health Sciences Program Facility,2026-08-01 11:00:00+00:00,14.177395238095237,Moderate
airqo-g5181,Rakai Health Sciences Program Facility,2026-08-01 12:00:00+00:00,15.854345119047618,Moderate
airqo-g5181,Rakai Health Sciences Program Facility,2026-08-01 13:00:00+00:00,15.480383095238093,Moderate
airqo-g5181,Rakai Health Sciences Program Facility,2026-08-01 14:00:00+00:00,24.125882797619052,Moderate
airqo-g5181,Rakai Health Sciences Program Facility,2026-08-01 15:00:00+00:00,33.49948388888889,Moderate
airqo-g5181,Rakai Health Sciences Program Facility,2026-08-01 16:00:00+00:00,40.829189563492065,Unhealthy for Sensitive Groups
airqo-g5181,Rakai Health Sciences Program Facility,2026-08-01 17:00:00+00:00,36.23448646825397,Unhealthy for Sensitive Groups
airqo-g5181,Rakai Health Sciences Program Facility,2026-08-01 18:00:00+00:00,29.128497857142857,Moderate
airqo-g5181,Rakai Health Sciences Program Facility,2026-08-01 19:00:00+00:00,27.675978728354977,Moderate
airqo-g5181,Rakai Health Sciences Program Facility,2026-08-01 20:00:00+00:00,19.47614521825396,Moderate
airqo-g5181,Rakai Health Sciences Program Facility,2026-08-01 21:00:00+00:00,18.186509583333336,Moderate
airqo-g5181,Rakai Health Sciences Program Facility,2026-08-01 22:00:00+00:00,11.44782126984127,Moderate
airqo-g5181,Rakai Health Sciences Program Facility,2026-08-01 23:00:00+00:00,12.344534027777772,Moderate
airqo-g5184,"Mbarara University, Mbarara",2026-08-01 00:00:00+00:00,25.801500238095237,Moderate
airqo-g5184,"Mbarara University, Mbarara",2026-08-01 01:00:00+00:00,18.888847619047617,Moderate
airqo-g5184,"Mbarara University, Mbarara",2026-08-01 02:00:00+00:00,17.08573857142859,Moderate
airqo-g5184,"Mbarara University, Mbarara",2026-08-01 03:00:00+00:00,60.05803779761905,Unhealthy
airqo-g5184,"Mbarara University, Mbarara",2026-08-01 04:00:00+00:00,45.82334496031746,Unhealthy for Sensitive Groups
airqo-g5184,"Mbarara University, Mbarara",2026-08-01 05:00:00+00:00,27.548007837301586,Moderate
airqo-g5184,"Mbarara University, Mbarara",2026-08-01 06:00:00+00:00,22.025258392857133,Moderate
airqo-g5184,"Mbarara University, Mbarara",2026-08-01 07:00:00+00:00,22.158414642857146,Moderate
airqo-g5184,"Mbarara University, Mbarara",2026-08-01 08:00:00+00:00,17.70237827380952,Moderate
airqo-g5184,"Mbarara University, Mbarara",2026-08-01 09:00:00+00:00,17.28340226190476,Moderate
airqo-g5184,"Mbarara University, Mbarara",2026-08-01 10:00:00+00:00,15.384365099206356,Moderate
airqo-g5184,"Mbarara University, Mbarara",2026-08-01 11:00:00+00:00,14.020862559523817,Moderate
airqo-g5184,"Mbarara University, Mbarara",2026-08-01 12:00:00+00:00,13.031642083333342,Moderate
airqo-g5184,"Mbarara University, Mbarara",2026-08-01 13:00:00+00:00,13.96593005952381,Moderate
airqo-g5184,"Mbarara University, Mbarara",2026-08-01 14:00:00+00:00,14.38541589285716,Moderate
airqo-g5184,"Mbarara University, Mbarara",2026-08-01 15:00:00+00:00,17.237552380952387,Moderate
airqo-g5184,"Mbarara University, Mbarara",2026-08-01 16:00:00+00:00,17.40137035714287,Moderate
airqo-g5184,"Mbarara University, Mbarara",2026-08-01 17:00:00+00:00,17.700027460317465,Moderate
airqo-g5184,"Mbarara University, Mbarara",2026-08-01 18:00:00+00:00,30.06732017857143,Moderate
airqo-g5184,"Mbarara University, Mbarara",2026-08-01 19:00:00+00:00,28.225672738095238,Moderate
airqo-g5184,"Mbarara University, Mbarara",2026-08-01 20:00:00+00:00,49.47467208333333,Unhealthy for Sensitive Groups
airqo-g5184,"Mbarara University, Mbarara",2026-08-01 21:00:00+00:00,18.325989821428568,Moderate
airqo-g5184,"Mbarara University, Mbarara",2026-08-01 22:00:00+00:00,60.52646859126983,Unhealthy
airqo-g5184,"Mbarara University, Mbarara",2026-08-01 23:00:00+00:00,66.10308297619046,Unhealthy
airqo-g5186,Kawanda 2,2026-08-01 00:00:00+00:00,30.233914404761904,Moderate
airqo-g5186,Kawanda 2,2026-08-01 01:00:00+00:00,33.872929047619046,Moderate
airqo-g5186,Kawanda 2,2026-08-01 02:00:00+00:00,34.862016686507936,Moderate
airqo-g5186,Kawanda 2,2026-08-01 03:00:00+00:00,41.943221904761906,Unhealthy for Sensitive Groups
airqo-g5186,Kawanda 2,2026-08-01 04:00:00+00:00,50.518456964285704,Unhealthy for Sensitive Groups
airqo-g5186,Kawanda 2,2026-08-01 05:00:00+00:00,31.5903560515873,Moderate
airqo-g5186,Kawanda 2,2026-08-01 06:00:00+00:00,93.63285539682538,Unhealthy
airqo-g5186,Kawanda 2,2026-08-01 07:00:00+00:00,42.69514815476191,Unhealthy for Sensitive Groups
airqo-g5186,Kawanda 2,2026-08-01 08:00:00+00:00,15.319432321428586,Moderate
airqo-g5186,Kawanda 2,2026-08-01 09:00:00+00:00,14.890942757936514,Moderate
airqo-g5186,Kawanda 2,2026-08-01 10:00:00+00:00,11.219562063492067,Moderate
airqo-g5186,Kawanda 2,2026-08-01 11:00:00+00:00,14.079116704545456,Moderate
airqo-g5186,Kawanda 2,2026-08-01 12:00:00+00:00,16.742977698412687,Moderate
airqo-g5186,Kawanda 2,2026-08-01 13:00:00+00:00,15.29137853174603,Moderate
airqo-g5186,Kawanda 2,2026-08-01 14:00:00+00:00,13.965521785714298,Moderate
airqo-g5186,Kawanda 2,2026-08-01 15:00:00+00:00,15.156951269841286,Moderate
airqo-g5186,Kawanda 2,2026-08-01 16:00:00+00:00,14.269306309523813,Moderate
airqo-g5186,Kawanda 2,2026-08-01 17:00:00+00:00,13.542247916666675,Moderate
airqo-g5186,Kawanda 2,2026-08-01 18:00:00+00:00,13.578456884920634,Moderate
airqo-g5186,Kawanda 2,2026-08-01 19:00:00+00:00,13.028478571428575,Moderate
airqo-g5186,Kawanda 2,2026-08-01 20:00:00+00:00,13.509513888888897,Moderate
airqo-g5186,Kawanda 2,2026-08-01 21:00:00+00:00,11.95395115079365,Moderate
airqo-g5186,Kawanda 2,2026-08-01 22:00:00+00:00,12.449716686507934,Moderate
airqo-g5186,Kawanda 2,2026-08-01 23:00:00+00:00,31.21300142857143,Moderate
airqo-g5187,Gulu Main Market,2026-08-01 00:00:00+00:00,15.343161884920644,Moderate
airqo-g5187,Gulu Main Market,2026-08-01 01:00:00+00:00,21.37574148809524,Moderate
airqo-g5187,Gulu Main Market,2026-08-01 02:00:00+00:00,24.35074142857143,Moderate
airqo-g5187,Gulu Main Market,2026-08-01 03:00:00+00:00,49.56815511904762,Unhealthy for Sensitive Groups
airqo-g5187,Gulu Main Market,2026-08-01 04:00:00+00:00,47.378768333333326,Unhealthy for Sensitive Groups
airqo-g5187,Gulu Main Market,2026-08-01 05:00:00+00:00,71.62313083333332,Unhealthy
airqo-g5187,Gulu Main Market,2026-08-01 06:00:00+00:00,47.69082630952379,Unhealthy for Sensitive Groups
airqo-g5187,Gulu Main Market,2026-08-01 07:00:00+00:00,13.70146061507937,Moderate
airqo-g5187,Gulu Main Market,2026-08-01 08:00:00+00:00,13.149915595238099,Moderate
airqo-g5187,Gulu Main Market,2026-08-01 09:00:00+00:00,15.10287373015873,Moderate
airqo-g5187,Gulu Main Market,2026-08-01 10:00:00+00:00,10.698517440476188,Moderate
airqo-g5187,Gulu Main Market,2026-08-01 11:00:00+00:00,10.369462500000004,Moderate
airqo-g5187,Gulu Main Market,2026-08-01 12:00:00+00:00,15.004271567460314,Moderate
airqo-g5187,Gulu Main Market,2026-08-01 13:00:00+00:00,14.313877559523796,Moderate
airqo-g5187,Gulu Main Market,2026-08-01 14:00:00+00:00,13.789939285714283,Moderate
airqo-g5187,Gulu Main Market,2026-08-01 15:00:00+00:00,15.83578107142857,Moderate
airqo-g5187,Gulu Main Market,2026-08-01 16:00:00+00:00,16.625177857142862,Moderate
airqo-g5187,Gulu Main Market,2026-08-01 17:00:00+00:00,16.98828716269842,Moderate
airqo-g5187,Gulu Main Market,2026-08-01 18:00:00+00:00,16.414419861111124,Moderate
airqo-g5187,Gulu Main Market,2026-08-01 19:00:00+00:00,16.055366825396824,Moderate
airqo-g5187,Gulu Main Market,2026-08-01 20:00:00+00:00,15.600071011904763,Moderate
airqo-g5187,Gulu Main Market,2026-08-01 21:00:00+00:00,12.97649371031746,Moderate
airqo-g5187,Gulu Main Market,2026-08-01 22:00:00+00:00,14.822898115079372,Moderate
airqo-g5187,Gulu Main Market,2026-08-01 23:00:00+00:00,20.031109821428572,Moderate
airqo_g5204,kawempe moslem p/s,2026-08-01 00:00:00+00:00,30.950117460317458,Moderate
airqo_g5204,kawempe moslem p/s,2026-08-01 01:00:00+00:00,34.39174821428571,Moderate
airqo_g5204,kawempe moslem p/s,2026-08-01 02:00:00+00:00,35.256953293650795,Moderate
airqo_g5204,kawempe moslem p/s,2026-08-01 03:00:00+00:00,42.83476214285715,Unhealthy for Sensitive Groups
airqo_g5204,kawempe moslem p/s,2026-08-01 04:00:00+00:00,51.003938630952376,Unhealthy for Sensitive Groups
airqo_g5204,kawempe moslem p/s,2026-08-01 05:00:00+00:00,119.61854930555553,Unhealthy
airqo_g5204,kawempe moslem p/s,2026-08-01 06:00:00+00:00,49.7414001984127,Unhealthy for Sensitive Groups
airqo_g5204,kawempe moslem p/s,2026-08-01 07:00:00+00:00,47.61012035714285,Unhealthy for Sensitive Groups
airqo_g5204,kawempe moslem p/s,2026-08-01 08:00:00+00:00,35.141057777777775,Moderate
airqo_g5204,kawempe moslem p/s,2026-08-01 09:00:00+00:00,29.362331904761906,Moderate
airqo_g5204,kawempe moslem p/s,2026-08-01 10:00:00+00:00,18.824970654761906,Moderate
airqo_g5204,kawempe moslem p/s,2026-08-01 11:00:00+00:00,32.33329761655011,Moderate
airqo_g5204,kawempe moslem p/s,2026-08-01 12:00:00+00:00,24.176067916666668,Moderate
airqo_g5204,kawempe moslem p/s,2026-08-01 13:00:00+00:00,23.394161230158726,Moderate
airqo_g5204,kawempe moslem p/s,2026-08-01 14:00:00+00:00,19.380764246031752,Moderate
airqo_g5204,kawempe moslem p/s,2026-08-01 15:00:00+00:00,21.000920714285716,Moderate
airqo_g5204,kawempe moslem p/s,2026-08-01 16:00:00+00:00,31.044874226190476,Moderate
airqo_g5204,kawempe moslem p/s,2026-08-01 17:00:00+00:00,36.120018730158726,Unhealthy for Sensitive Groups
airqo_g5204,kawempe moslem p/s,2026-08-01 18:00:00+00:00,43.34672811507937,Unhealthy for Sensitive Groups
airqo_g5204,kawempe moslem p/s,2026-08-01 19:00:00+00:00,43.90519240079365,Unhealthy for Sensitive Groups
airqo_g5204,kawempe moslem p/s,2026-08-01 20:00:00+00:00,41.65864603174603,Unhealthy for Sensitive Groups
airqo_g5204,kawempe moslem p/s,2026-08-01 21:00:00+00:00,37.05415680555556,Unhealthy for Sensitive Groups
airqo_g5204,kawempe moslem p/s,2026-08-01 22:00:00+00:00,31.078209047619048,Moderate
airqo_g5204,kawempe moslem p/s,2026-08-01 23:00:00+00:00,30.848264682539682,Moderate
airqo_g5206,"Civic Centre, Kampala Central",2026-08-01 00:00:00+00:00,12.463802162698428,Moderate
airqo_g5206,"Civic Centre, Kampala Central",2026-08-01 01:00:00+00:00,10.77441557539683,Moderate
airqo_g5206,"Civic Centre, Kampala Central",2026-08-01 02:00:00+00:00,14.986309940476193,Moderate
airqo_g5206,"Civic Centre, Kampala Central",2026-08-01 03:00:00+00:00,59.944997242063494,Unhealthy
airqo_g5206,"Civic Centre, Kampala Central",2026-08-01 04:00:00+00:00,39.941000753968254,Unhealthy for Sensitive Groups
airqo_g5206,"Civic Centre, Kampala Central",2026-08-01 05:00:00+00:00,11.328248382034623,Moderate
airqo_g5206,"Civic Centre, Kampala Central",2026-08-01 06:00:00+00:00,10.677593392857126,Moderate
airqo_g5206,"Civic Centre, Kampala Central",2026-08-01 07:00:00+00:00,12.015106309523816,Moderate
airqo_g5206,"Civic Centre, Kampala Central",2026-08-01 08:00:00+00:00,12.675463908730158,Moderate
airqo_g5206,"Civic Centre, Kampala Central",2026-08-01 09:00:00+00:00,14.106545337301586,Moderate
airqo_g5206,"Civic Centre, Kampala Central",2026-08-01 10:00:00+00:00,24.334077738095235,Moderate
airqo_g5206,"Civic Centre, Kampala Central",2026-08-01 11:00:00+00:00,14.447561607142852,Moderate
airqo_g5206,"Civic Centre, Kampala Central",2026-08-01 12:00:00+00:00,12.405649702380956,Moderate
airqo_g5206,"Civic Centre, Kampala Central",2026-08-01 13:00:00+00:00,12.558797803030295,Moderate
airqo_g5206,"Civic Centre, Kampala Central",2026-08-01 14:00:00+00:00,13.50416533730159,Moderate
airqo_g5206,"Civic Centre, Kampala Central",2026-08-01 15:00:00+00:00,13.544490079365087,Moderate
airqo_g5206,"Civic Centre, Kampala Central",2026-08-01 16:00:00+00:00,19.003805535714285,Moderate
airqo_g5206,"Civic Centre, Kampala Central",2026-08-01 17:00:00+00:00,16.439422321428577,Moderate
airqo_g5206,"Civic Centre, Kampala Central",2026-08-01 18:00:00+00:00,26.430032619047623,Moderate
airqo_g5206,"Civic Centre, Kampala Central",2026-08-01 19:00:00+00:00,15.671448988095243,Moderate
airqo_g5206,"Civic Centre, Kampala Central",2026-08-01 20:00:00+00:00,16.709086111111105,Moderate
airqo_g5206,"Civic Centre, Kampala Central",2026-08-01 21:00:00+00:00,16.88876434523809,Moderate
airqo_g5206,"Civic Centre, Kampala Central",2026-08-01 22:00:00+00:00,16.193750357142854,Moderate
airqo_g5206,"Civic Centre, Kampala Central",2026-08-01 23:00:00+00:00,15.165089226190474,Moderate
airqo_g5247,"Nsasa, Kira Municipality",2026-08-01 00:00:00+00:00,30.587629226190476,Moderate
airqo_g5247,"Nsasa, Kira Municipality",2026-08-01 01:00:00+00:00,29.52167158730159,Moderate
airqo_g5247,"Nsasa, Kira Municipality",2026-08-01 02:00:00+00:00,34.02440107142857,Moderate
airqo_g5247,"Nsasa, Kira Municipality",2026-08-01 03:00:00+00:00,35.99248579365079,Unhealthy for Sensitive Groups
airqo_g5247,"Nsasa, Kira Municipality",2026-08-01 04:00:00+00:00,15.731787837301585,Moderate
airqo_g5247,"Nsasa, Kira Municipality",2026-08-01 05:00:00+00:00,16.556570337301583,Moderate
airqo_g5247,"Nsasa, Kira Municipality",2026-08-01 06:00:00+00:00,14.001613511904765,Moderate
airqo_g5247,"Nsasa, Kira Municipality",2026-08-01 07:00:00+00:00,16.360070496031746,Moderate
airqo_g5247,"Nsasa, Kira Municipality",2026-08-01 08:00:00+00:00,15.608017579365079,Moderate
airqo_g5247,"Nsasa, Kira Municipality",2026-08-01 09:00:00+00:00,23.04365305555556,Moderate
airqo_g5247,"Nsasa, Kira Municipality",2026-08-01 10:00:00+00:00,15.01952410714286,Moderate
airqo_g5247,"Nsasa, Kira Municipality",2026-08-01 11:00:00+00:00,14.542868095238099,Moderate
airqo_g5247,"Nsasa, Kira Municipality",2026-08-01 12:00:00+00:00,10.865935337301586,Moderate
airqo_g5247,"Nsasa, Kira Municipality",2026-08-01 13:00:00+00:00,14.125160456349217,Moderate
airqo_g5247,"Nsasa, Kira Municipality",2026-08-01 14:00:00+00:00,14.181182738095242,Moderate
airqo_g5247,"Nsasa, Kira Municipality",2026-08-01 15:00:00+00:00,16.728761607142857,Moderate
airqo_g5247,"Nsasa, Kira Municipality",2026-08-01 16:00:00+00:00,16.18398438492063,Moderate
airqo_g5247,"Nsasa, Kira Municipality",2026-08-01 17:00:00+00:00,14.479010297619038,Moderate
airqo_g5247,"Nsasa, Kira Municipality",2026-08-01 18:00:00+00:00,10.499315476190468,Moderate
airqo_g5247,"Nsasa, Kira Municipality",2026-08-01 19:00:00+00:00,38.163780753968254,Unhealthy for Sensitive Groups
airqo_g5247,"Nsasa, Kira Municipality",2026-08-01 20:00:00+00:00,17.250601071428576,Moderate
airqo_g5247,"Nsasa, Kira Municipality",2026-08-01 21:00:00+00:00,17.829831904761907,Moderate
airqo_g5247,"Nsasa, Kira Municipality",2026-08-01 22:00:00+00:00,16.065289404761913,Moderate
airqo_g5247,"Nsasa, Kira Municipality",2026-08-01 23:00:00+00:00,13.985375773809526,Moderate
airqo_g5271,"Embassy of France, Lumumba avenue",2026-08-01 00:00:00+00:00,35.729954126984126,Unhealthy for Sensitive Groups
airqo_g5271,"Embassy of France, Lumumba avenue",2026-08-01 01:00:00+00:00,28.451823452380957,Moderate
airqo_g5271,"Embassy of France, Lumumba avenue",2026-08-01 02:00:00+00:00,20.778084642857134,Moderate
airqo_g5271,"Embassy of France, Lumumba avenue",2026-08-01 03:00:00+00:00,30.551139047619046,Moderate
airqo_g5271,"Embassy of France, Lumumba avenue",2026-08-01 04:00:00+00:00,31.01733138888889,Moderate
airqo_g5271,"Embassy of France, Lumumba avenue",2026-08-01 05:00:00+00:00,31.198025238095237,Moderate
airqo_g5271,"Embassy of France, Lumumba avenue",2026-08-01 06:00:00+00:00,17.75344666666667,Moderate
airqo_g5271,"Embassy of France, Lumumba avenue",2026-08-01 07:00:00+00:00,10.549573809523814,Moderate
airqo_g5271,"Embassy of France, Lumumba avenue",2026-08-01 08:00:00+00:00,10.107706011904764,Moderate
airqo_g5271,"Embassy of France, Lumumba avenue",2026-08-01 09:00:00+00:00,9.615558869047625,Moderate
airqo_g5271,"Embassy of France, Lumumba avenue",2026-08-01 10:00:00+00:00,10.916199821428567,Moderate
airqo_g5271,"Embassy of France, Lumumba avenue",2026-08-01 11:00:00+00:00,10.281929063852797,Moderate
airqo_g5271,"Embassy of France, Lumumba avenue",2026-08-01 12:00:00+00:00,17.139568789682535,Moderate
airqo_g5271,"Embassy of France, Lumumba avenue",2026-08-01 13:00:00+00:00,16.83516279761905,Moderate
airqo_g5271,"Embassy of France, Lumumba avenue",2026-08-01 14:00:00+00:00,15.916005178571435,Moderate
airqo_g5271,"Embassy of France, Lumumba avenue",2026-08-01 15:00:00+00:00,16.70327261904761,Moderate
airqo_g5271,"Embassy of France, Lumumba avenue",2026-08-01 16:00:00+00:00,17.920198928571438,Moderate
airqo_g5271,"Embassy of France, Lumumba avenue",2026-08-01 17:00:00+00:00,23.611451269841268,Moderate
airqo_g5271,"Embassy of France, Lumumba avenue",2026-08-01 18:00:00+00:00,20.32059833333333,Moderate
airqo_g5271,"Embassy of France, Lumumba avenue",2026-08-01 19:00:00+00:00,32.46498505952381,Moderate
airqo_g5271,"Embassy of France, Lumumba avenue",2026-08-01 20:00:00+00:00,30.832123055555556,Moderate
airqo_g5271,"Embassy of France, Lumumba avenue",2026-08-01 21:00:00+00:00,21.8050655952381,Moderate
airqo_g5271,"Embassy of France, Lumumba avenue",2026-08-01 22:00:00+00:00,17.546005833333343,Moderate
airqo_g5271,"Embassy of France, Lumumba avenue",2026-08-01 23:00:00+00:00,17.51262476190477,Moderate
airqo_g5279,"Bugolobi, Nakawa",2026-08-01 00:00:00+00:00,12.397819226190478,Moderate
airqo_g5279,"Bugolobi, Nakawa",2026-08-01 01:00:00+00:00,11.594543234126984,Moderate
airqo_g5279,"Bugolobi, Nakawa",2026-08-01 02:00:00+00:00,11.925098095238106,Moderate
airqo_g5279,"Bugolobi, Nakawa",2026-08-01 03:00:00+00:00,26.66027303571429,Moderate
airqo_g5279,"Bugolobi, Nakawa",2026-08-01 04:00:00+00:00,22.056323472222225,Moderate
airqo_g5279,"Bugolobi, Nakawa",2026-08-01 05:00:00+00:00,21.588458591269834,Moderate
airqo_g5279,"Bugolobi, Nakawa",2026-08-01 06:00:00+00:00,30.071138067765567,Moderate
airqo_g5279,"Bugolobi, Nakawa",2026-08-01 07:00:00+00:00,27.6663244047619,Moderate
airqo_g5279,"Bugolobi, Nakawa",2026-08-01 08:00:00+00:00,14.364303551587291,Moderate
airqo_g5279,"Bugolobi, Nakawa",2026-08-01 09:00:00+00:00,10.347901417748918,Moderate
airqo_g5279,"Bugolobi, Nakawa",2026-08-01 10:00:00+00:00,9.758987142857123,Moderate
airqo_g5279,"Bugolobi, Nakawa",2026-08-01 11:00:00+00:00,10.54488517857143,Moderate
airqo_g5279,"Bugolobi, Nakawa",2026-08-01 12:00:00+00:00,11.580786071428577,Moderate
airqo_g5279,"Bugolobi, Nakawa",2026-08-01 13:00:00+00:00,11.347455595238074,Moderate
airqo_g5279,"Bugolobi, Nakawa",2026-08-01 14:00:00+00:00,13.810217003968265,Moderate
airqo_g5279,"Bugolobi, Nakawa",2026-08-01 15:00:00+00:00,13.969765158730162,Moderate
airqo_g5279,"Bugolobi, Nakawa",2026-08-01 16:00:00+00:00,11.85567101190476,Moderate
airqo_g5279,"Bugolobi, Nakawa",2026-08-01 17:00:00+00:00,12.4553944047619,Moderate
airqo_g5279,"Bugolobi, Nakawa",2026-08-01 18:00:00+00:00,11.756671091269844,Moderate
airqo_g5279,"Bugolobi, Nakawa",2026-08-01 19:00:00+00:00,57.26547156746033,Unhealthy
airqo_g5279,"Bugolobi, Nakawa",2026-08-01 20:00:00+00:00,32.92128755952381,Moderate
airqo_g5279,"Bugolobi, Nakawa",2026-08-01 21:00:00+00:00,14.002562599206346,Moderate
airqo_g5279,"Bugolobi, Nakawa",2026-08-01 22:00:00+00:00,12.437700833333334,Moderate
airqo_g5279,"Bugolobi, Nakawa",2026-08-01 23:00:00+00:00,12.023166130952394,Moderate
airqo_g5281,Kisenyi Health Centre 4 (KCCA),2026-08-01 00:00:00+00:00,35.388731666666665,Moderate
airqo_g5281,Kisenyi Health Centre 4 (KCCA),2026-08-01 01:00:00+00:00,36.96696823412699,Unhealthy for Sensitive Groups
airqo_g5281,Kisenyi Health Centre 4 (KCCA),2026-08-01 02:00:00+00:00,37.00175422619048,Unhealthy for Sensitive Groups
airqo_g5281,Kisenyi Health Centre 4 (KCCA),2026-08-01 03:00:00+00:00,43.759168611111114,Unhealthy for Sensitive Groups
airqo_g5281,Kisenyi Health Centre 4 (KCCA),2026-08-01 04:00:00+00:00,51.49123607142856,Unhealthy for Sensitive Groups
airqo_g5281,Kisenyi Health Centre 4 (KCCA),2026-08-01 05:00:00+00:00,52.97041619047618,Unhealthy for Sensitive Groups
airqo_g5281,Kisenyi Health Centre 4 (KCCA),2026-08-01 06:00:00+00:00,39.70715654761905,Unhealthy for Sensitive Groups
airqo_g5281,Kisenyi Health Centre 4 (KCCA),2026-08-01 07:00:00+00:00,18.86070198412698,Moderate
airqo_g5281,Kisenyi Health Centre 4 (KCCA),2026-08-01 08:00:00+00:00,18.82393607142857,Moderate
airqo_g5281,Kisenyi Health Centre 4 (KCCA),2026-08-01 09:00:00+00:00,23.40912678571429,Moderate
airqo_g5281,Kisenyi Health Centre 4 (KCCA),2026-08-01 10:00:00+00:00,17.708893492063503,Moderate
airqo_g5281,Kisenyi Health Centre 4 (KCCA),2026-08-01 11:00:00+00:00,17.640909920634925,Moderate
airqo_g5281,Kisenyi Health Centre 4 (KCCA),2026-08-01 12:00:00+00:00,16.659811190476187,Moderate
airqo_g5281,Kisenyi Health Centre 4 (KCCA),2026-08-01 13:00:00+00:00,16.486181964285723,Moderate
airqo_g5281,Kisenyi Health Centre 4 (KCCA),2026-08-01 14:00:00+00:00,16.311758869047615,Moderate
airqo_g5281,Kisenyi Health Centre 4 (KCCA),2026-08-01 15:00:00+00:00,17.222403392857142,Moderate
airqo_g5281,Kisenyi Health Centre 4 (KCCA),2026-08-01 16:00:00+00:00,37.17045692460317,Unhealthy for Sensitive Groups
airqo_g5281,Kisenyi Health Centre 4 (KCCA),2026-08-01 17:00:00+00:00,51.48547666666666,Unhealthy for Sensitive Groups
airqo_g5281,Kisenyi Health Centre 4 (KCCA),2026-08-01 18:00:00+00:00,68.33485315476189,Unhealthy
airqo_g5281,Kisenyi Health Centre 4 (KCCA),2026-08-01 19:00:00+00:00,31.567212142857144,Moderate
airqo_g5281,Kisenyi Health Centre 4 (KCCA),2026-08-01 20:00:00+00:00,28.913695099206354,Moderate
airqo_g5281,Kisenyi Health Centre 4 (KCCA),2026-08-01 21:00:00+00:00,54.44687779761906,Unhealthy for Sensitive Groups
airqo_g5281,Kisenyi Health Centre 4 (KCCA),2026-08-01 22:00:00+00:00,61.99995482142859,Unhealthy
airqo_g5281,Kisenyi Health Centre 4 (KCCA),2026-08-01 23:00:00+00:00,48.81127067460318,Unhealthy for Sensitive Groups
airqo_g5282,"Lorry Park, Fort Portal",2026-08-01 00:00:00+00:00,26.505276785714283,Moderate
airqo_g5282,"Lorry Park, Fort Portal",2026-08-01 01:00:00+00:00,20.780222083333335,Moderate
airqo_g5282,"Lorry Park, Fort Portal",2026-08-01 02:00:00+00:00,18.143273928571432,Moderate
airqo_g5282,"Lorry Park, Fort Portal",2026-08-01 03:00:00+00:00,23.377905079365075,Moderate
airqo_g5282,"Lorry Park, Fort Portal",2026-08-01 04:00:00+00:00,23.23342779761905,Moderate
airqo_g5282,"Lorry Park, Fort Portal",2026-08-01 05:00:00+00:00,60.52671142857142,Unhealthy
airqo_g5282,"Lorry Park, Fort Portal",2026-08-01 06:00:00+00:00,21.54458976190476,Moderate
airqo_g5282,"Lorry Park, Fort Portal",2026-08-01 07:00:00+00:00,25.815341626984125,Moderate
airqo_g5282,"Lorry Park, Fort Portal",2026-08-01 08:00:00+00:00,19.937584166666667,Moderate
airqo_g5282,"Lorry Park, Fort Portal",2026-08-01 09:00:00+00:00,17.41962839285715,Moderate
airqo_g5282,"Lorry Park, Fort Portal",2026-08-01 10:00:00+00:00,17.353039843073592,Moderate
airqo_g5282,"Lorry Park, Fort Portal",2026-08-01 11:00:00+00:00,10.951579999999986,Moderate
airqo_g5282,"Lorry Park, Fort Portal",2026-08-01 12:00:00+00:00,11.531058591269844,Moderate
airqo_g5282,"Lorry Park, Fort Portal",2026-08-01 13:00:00+00:00,11.854276980519483,Moderate
airqo_g5282,"Lorry Park, Fort Portal",2026-08-01 14:00:00+00:00,11.725753154761914,Moderate
airqo_g5282,"Lorry Park, Fort Portal",2026-08-01 15:00:00+00:00,15.432538392857154,Moderate
airqo_g5282,"Lorry Park, Fort Portal",2026-08-01 16:00:00+00:00,15.520984900793653,Moderate
airqo_g5282,"Lorry Park, Fort Portal",2026-08-01 17:00:00+00:00,18.68126031746033,Moderate
airqo_g5282,"Lorry Park, Fort Portal",2026-08-01 18:00:00+00:00,13.852773273809525,Moderate
airqo_g5282,"Lorry Park, Fort Portal",2026-08-01 19:00:00+00:00,43.78885594322344,Unhealthy for Sensitive Groups
airqo_g5282,"Lorry Park, Fort Portal",2026-08-01 20:00:00+00:00,23.1551694047619,Moderate
airqo_g5282,"Lorry Park, Fort Portal",2026-08-01 21:00:00+00:00,22.040084642857146,Moderate
airqo_g5282,"Lorry Park, Fort Portal",2026-08-01 22:00:00+00:00,20.658087380952388,Moderate
airqo_g5282,"Lorry Park, Fort Portal",2026-08-01 23:00:00+00:00,26.232214583333338,Moderate
airqo_g5292,Kawaala Health Centre,2026-08-01 00:00:00+00:00,63.62001684523811,Unhealthy
airqo_g5292,Kawaala Health Centre,2026-08-01 01:00:00+00:00,68.55148488095236,Unhealthy
airqo_g5292,Kawaala Health Centre,2026-08-01 02:00:00+00:00,94.64409712301585,Unhealthy
airqo_g5292,Kawaala Health Centre,2026-08-01 03:00:00+00:00,57.56533251984126,Unhealthy
airqo_g5292,Kawaala Health Centre,2026-08-01 04:00:00+00:00,27.073576011904766,Moderate
airqo_g5292,Kawaala Health Centre,2026-08-01 05:00:00+00:00,11.446932202380953,Moderate
airqo_g5292,Kawaala Health Centre,2026-08-01 06:00:00+00:00,14.55070670634921,Moderate
airqo_g5292,Kawaala Health Centre,2026-08-01 07:00:00+00:00,14.284061587301597,Moderate
airqo_g5292,Kawaala Health Centre,2026-08-01 08:00:00+00:00,27.22359251803752,Moderate
airqo_g5292,Kawaala Health Centre,2026-08-01 09:00:00+00:00,25.648760833333334,Moderate
airqo_g5292,Kawaala Health Centre,2026-08-01 10:00:00+00:00,13.915009265873024,Moderate
airqo_g5292,Kawaala Health Centre,2026-08-01 11:00:00+00:00,15.929837202380956,Moderate
airqo_g5292,Kawaala Health Centre,2026-08-01 12:00:00+00:00,17.25047500000001,Moderate
airqo_g5292,Kawaala Health Centre,2026-08-01 13:00:00+00:00,16.102757242063497,Moderate
airqo_g5292,Kawaala Health Centre,2026-08-01 14:00:00+00:00,14.740494642857133,Moderate
airqo_g5292,Kawaala Health Centre,2026-08-01 15:00:00+00:00,13.893644166666665,Moderate
airqo_g5292,Kawaala Health Centre,2026-08-01 16:00:00+00:00,15.550311924603182,Moderate
airqo_g5292,Kawaala Health Centre,2026-08-01 17:00:00+00:00,36.29448619047619,Unhealthy for Sensitive Groups
airqo_g5292,Kawaala Health Centre,2026-08-01 18:00:00+00:00,58.04238663419913,Unhealthy
airqo_g5292,Kawaala Health Centre,2026-08-01 19:00:00+00:00,54.633697976190476,Unhealthy for Sensitive Groups
airqo_g5292,Kawaala Health Centre,2026-08-01 20:00:00+00:00,49.43993287698412,Unhealthy for Sensitive Groups
airqo_g5292,Kawaala Health Centre,2026-08-01 21:00:00+00:00,43.69622817460317,Unhealthy for Sensitive Groups
airqo_g5292,Kawaala Health Centre,2026-08-01 22:00:00+00:00,46.90476678571429,Unhealthy for Sensitive Groups
airqo_g5292,Kawaala Health Centre,2026-08-01 23:00:00+00:00,35.233069523809526,Moderate
airqo_g5293,Buganda Road P.S,2026-08-01 00:00:00+00:00,16.085280313852824,Moderate
airqo_g5293,Buganda Road P.S,2026-08-01 01:00:00+00:00,22.14995583333334,Moderate
airqo_g5293,Buganda Road P.S,2026-08-01 02:00:00+00:00,21.99169285714286,Moderate
airqo_g5293,Buganda Road P.S,2026-08-01 03:00:00+00:00,15.484434404761913,Moderate
airqo_g5293,Buganda Road P.S,2026-08-01 04:00:00+00:00,15.914899940476182,Moderate
airqo_g5293,Buganda Road P.S,2026-08-01 05:00:00+00:00,17.14226055555555,Moderate
airqo_g5293,Buganda Road P.S,2026-08-01 06:00:00+00:00,23.770053432539683,Moderate
airqo_g5293,Buganda Road P.S,2026-08-01 07:00:00+00:00,30.094903214285715,Moderate
airqo_g5293,Buganda Road P.S,2026-08-01 08:00:00+00:00,14.34697547619049,Moderate
airqo_g5293,Buganda Road P.S,2026-08-01 09:00:00+00:00,18.269243333333332,Moderate
airqo_g5293,Buganda Road P.S,2026-08-01 10:00:00+00:00,18.52222966269842,Moderate
airqo_g5293,Buganda Road P.S,2026-08-01 11:00:00+00:00,13.698499226190474,Moderate
airqo_g5293,Buganda Road P.S,2026-08-01 12:00:00+00:00,11.828702797619044,Moderate
airqo_g5293,Buganda Road P.S,2026-08-01 13:00:00+00:00,11.953483948412693,Moderate
airqo_g5293,Buganda Road P.S,2026-08-01 14:00:00+00:00,13.41335023809523,Moderate
airqo_g5293,Buganda Road P.S,2026-08-01 15:00:00+00:00,14.872633333333344,Moderate
airqo_g5293,Buganda Road P.S,2026-08-01 16:00:00+00:00,13.090278749999985,Moderate
airqo_g5293,Buganda Road P.S,2026-08-01 17:00:00+00:00,53.530974633699635,Unhealthy for Sensitive Groups
airqo_g5293,Buganda Road P.S,2026-08-01 18:00:00+00:00,17.078920297619053,Moderate
airqo_g5293,Buganda Road P.S,2026-08-01 19:00:00+00:00,18.163768650793656,Moderate
airqo_g5293,Buganda Road P.S,2026-08-01 20:00:00+00:00,16.579120773809528,Moderate
airqo_g5293,Buganda Road P.S,2026-08-01 21:00:00+00:00,14.597855892857162,Moderate
airqo_g5293,Buganda Road P.S,2026-08-01 22:00:00+00:00,14.393323313492072,Moderate
airqo_g5293,Buganda Road P.S,2026-08-01 23:00:00+00:00,18.007853551587303,Moderate
airqo_g5305,"Nile avenue, Kampla, Uganda",2026-08-01 00:00:00+00:00,12.728039880952391,Moderate
airqo_g5305,"Nile avenue, Kampla, Uganda",2026-08-01 01:00:00+00:00,11.377490019841279,Moderate
airqo_g5305,"Nile avenue, Kampla, Uganda",2026-08-01 02:00:00+00:00,11.248251250000003,Moderate
airqo_g5305,"Nile avenue, Kampla, Uganda",2026-08-01 03:00:00+00:00,13.143956805555561,Moderate
airqo_g5305,"Nile avenue, Kampla, Uganda",2026-08-01 04:00:00+00:00,14.882329226190468,Moderate
airqo_g5305,"Nile avenue, Kampla, Uganda",2026-08-01 05:00:00+00:00,17.224015746753242,Moderate
airqo_g5305,"Nile avenue, Kampla, Uganda",2026-08-01 06:00:00+00:00,11.465440496031754,Moderate
airqo_g5305,"Nile avenue, Kampla, Uganda",2026-08-01 07:00:00+00:00,11.823803928571433,Moderate
airqo_g5305,"Nile avenue, Kampla, Uganda",2026-08-01 08:00:00+00:00,12.96447797619048,Moderate
airqo_g5305,"Nile avenue, Kampla, Uganda",2026-08-01 09:00:00+00:00,13.160678452380967,Moderate
airqo_g5305,"Nile avenue, Kampla, Uganda",2026-08-01 10:00:00+00:00,13.400858452380952,Moderate
airqo_g5305,"Nile avenue, Kampla, Uganda",2026-08-01 11:00:00+00:00,13.392635833333333,Moderate
airqo_g5305,"Nile avenue, Kampla, Uganda",2026-08-01 12:00:00+00:00,13.375200476190479,Moderate
airqo_g5305,"Nile avenue, Kampla, Uganda",2026-08-01 13:00:00+00:00,13.378870476190482,Moderate
airqo_g5305,"Nile avenue, Kampla, Uganda",2026-08-01 14:00:00+00:00,13.893342559523806,Moderate
airqo_g5305,"Nile avenue, Kampla, Uganda",2026-08-01 15:00:00+00:00,12.410102499999986,Moderate
airqo_g5305,"Nile avenue, Kampla, Uganda",2026-08-01 16:00:00+00:00,13.576855589826838,Moderate
airqo_g5305,"Nile avenue, Kampla, Uganda",2026-08-01 17:00:00+00:00,14.743002063492064,Moderate
airqo_g5305,"Nile avenue, Kampla, Uganda",2026-08-01 18:00:00+00:00,15.469569523809508,Moderate
airqo_g5305,"Nile avenue, Kampla, Uganda",2026-08-01 19:00:00+00:00,15.511278253968257,Moderate
airqo_g5305,"Nile avenue, Kampla, Uganda",2026-08-01 20:00:00+00:00,13.503321944444458,Moderate
airqo_g5305,"Nile avenue, Kampla, Uganda",2026-08-01 21:00:00+00:00,13.794666686507934,Moderate
airqo_g5305,"Nile avenue, Kampla, Uganda",2026-08-01 22:00:00+00:00,13.567924464285717,Moderate
airqo_g5305,"Nile avenue, Kampla, Uganda",2026-08-01 23:00:00+00:00,12.62965361111111,Moderate
airqo_g5328,Kiswa Health Centre,2026-08-01 00:00:00+00:00,28.69526857142857,Moderate
airqo_g5328,Kiswa Health Centre,2026-08-01 01:00:00+00:00,47.85059400793652,Unhealthy for Sensitive Groups
airqo_g5328,Kiswa Health Centre,2026-08-01 02:00:00+00:00,55.738685535714296,Unhealthy
airqo_g5328,Kiswa Health Centre,2026-08-01 03:00:00+00:00,52.01558910714286,Unhealthy for Sensitive Groups
airqo_g5328,Kiswa Health Centre,2026-08-01 04:00:00+00:00,63.16789940476188,Unhealthy
airqo_g5328,Kiswa Health Centre,2026-08-01 05:00:00+00:00,41.802449503968255,Unhealthy for Sensitive Groups
airqo_g5328,Kiswa Health Centre,2026-08-01 06:00:00+00:00,20.37826746031745,Moderate
airqo_g5328,Kiswa Health Centre,2026-08-01 07:00:00+00:00,26.50108666666667,Moderate
airqo_g5328,Kiswa Health Centre,2026-08-01 08:00:00+00:00,18.18455640873016,Moderate
airqo_g5328,Kiswa Health Centre,2026-08-01 09:00:00+00:00,16.894218968253973,Moderate
airqo_g5328,Kiswa Health Centre,2026-08-01 10:00:00+00:00,17.6899831547619,Moderate
airqo_g5328,Kiswa Health Centre,2026-08-01 11:00:00+00:00,16.595845158730157,Moderate
airqo_g5328,Kiswa Health Centre,2026-08-01 12:00:00+00:00,15.77370380952381,Moderate
airqo_g5328,Kiswa Health Centre,2026-08-01 13:00:00+00:00,18.18173636904762,Moderate
airqo_g5328,Kiswa Health Centre,2026-08-01 14:00:00+00:00,16.848956805555552,Moderate
airqo_g5328,Kiswa Health Centre,2026-08-01 15:00:00+00:00,39.66722107142857,Unhealthy for Sensitive Groups
airqo_g5328,Kiswa Health Centre,2026-08-01 16:00:00+00:00,28.731671785714283,Moderate
airqo_g5328,Kiswa Health Centre,2026-08-01 17:00:00+00:00,39.128470178571426,Unhealthy for Sensitive Groups
airqo_g5328,Kiswa Health Centre,2026-08-01 18:00:00+00:00,48.77346934523809,Unhealthy for Sensitive Groups
airqo_g5328,Kiswa Health Centre,2026-08-01 19:00:00+00:00,58.82875392857143,Unhealthy
airqo_g5328,Kiswa Health Centre,2026-08-01 20:00:00+00:00,48.136030912698416,Unhealthy for Sensitive Groups
airqo_g5328,Kiswa Health Centre,2026-08-01 21:00:00+00:00,34.35046634920635,Moderate
airqo_g5328,Kiswa Health Centre,2026-08-01 22:00:00+00:00,23.50693880952382,Moderate
airqo_g5328,Kiswa Health Centre,2026-08-01 23:00:00+00:00,45.166565357142865,Unhealthy for Sensitive Groups
airqo_g5330,Komamboga Health Centre,2026-08-01 00:00:00+00:00,56.912814305555585,Unhealthy
airqo_g5330,Komamboga Health Centre,2026-08-01 01:00:00+00:00,34.23676714285714,Moderate
airqo_g5330,Komamboga Health Centre,2026-08-01 02:00:00+00:00,34.76942382936508,Moderate
airqo_g5330,Komamboga Health Centre,2026-08-01 03:00:00+00:00,43.141494047619055,Unhealthy for Sensitive Groups
airqo_g5330,Komamboga Health Centre,2026-08-01 04:00:00+00:00,50.72771809523809,Unhealthy for Sensitive Groups
airqo_g5330,Komamboga Health Centre,2026-08-01 05:00:00+00:00,61.91677807539683,Unhealthy
airqo_g5330,Komamboga Health Centre,2026-08-01 06:00:00+00:00,34.94308113095238,Moderate
airqo_g5330,Komamboga Health Centre,2026-08-01 07:00:00+00:00,17.674919007936502,Moderate
airqo_g5330,Komamboga Health Centre,2026-08-01 08:00:00+00:00,16.058397346681105,Moderate
airqo_g5330,Komamboga Health Centre,2026-08-01 09:00:00+00:00,15.40237208333335,Moderate
airqo_g5330,Komamboga Health Centre,2026-08-01 10:00:00+00:00,18.76099903679654,Moderate
airqo_g5330,Komamboga Health Centre,2026-08-01 11:00:00+00:00,14.726987023809524,Moderate
airqo_g5330,Komamboga Health Centre,2026-08-01 12:00:00+00:00,16.730099166666676,Moderate
airqo_g5330,Komamboga Health Centre,2026-08-01 13:00:00+00:00,18.67871513888889,Moderate
airqo_g5330,Komamboga Health Centre,2026-08-01 14:00:00+00:00,21.56609577380953,Moderate
airqo_g5330,Komamboga Health Centre,2026-08-01 15:00:00+00:00,21.21017107142857,Moderate
airqo_g5330,Komamboga Health Centre,2026-08-01 16:00:00+00:00,57.510334862914874,Unhealthy
airqo_g5330,Komamboga Health Centre,2026-08-01 17:00:00+00:00,38.85635107142858,Unhealthy for Sensitive Groups
airqo_g5330,Komamboga Health Centre,2026-08-01 18:00:00+00:00,63.64602936507936,Unhealthy
airqo_g5330,Komamboga Health Centre,2026-08-01 19:00:00+00:00,60.097977321428566,Unhealthy
airqo_g5330,Komamboga Health Centre,2026-08-01 20:00:00+00:00,36.06737511904762,Unhealthy for Sensitive Groups
airqo_g5330,Komamboga Health Centre,2026-08-01 21:00:00+00:00,59.038427162698426,Unhealthy
airqo_g5330,Komamboga Health Centre,2026-08-01 22:00:00+00:00,56.512109880952394,Unhealthy
airqo_g5330,Komamboga Health Centre,2026-08-01 23:00:00+00:00,55.317900992063485,Unhealthy for Sensitive Groups
airqo_g5331,Agricultural Resource Centre Kyanja,2026-08-01 00:00:00+00:00,11.44256841269842,Moderate
airqo_g5331,Agricultural Resource Centre Kyanja,2026-08-01 01:00:00+00:00,11.893707023809533,Moderate
airqo_g5331,Agricultural Resource Centre Kyanja,2026-08-01 02:00:00+00:00,40.3172602579365,Unhealthy for Sensitive Groups
airqo_g5331,Agricultural Resource Centre Kyanja,2026-08-01 03:00:00+00:00,64.70971109126987,Unhealthy
airqo_g5331,Agricultural Resource Centre Kyanja,2026-08-01 04:00:00+00:00,62.31742345238095,Unhealthy
airqo_g5331,Agricultural Resource Centre Kyanja,2026-08-01 05:00:00+00:00,29.95609755952381,Moderate
airqo_g5331,Agricultural Resource Centre Kyanja,2026-08-01 06:00:00+00:00,18.958574880952384,Moderate
airqo_g5331,Agricultural Resource Centre Kyanja,2026-08-01 07:00:00+00:00,17.33129202380952,Moderate
airqo_g5331,Agricultural Resource Centre Kyanja,2026-08-01 08:00:00+00:00,17.59312474206349,Moderate
airqo_g5331,Agricultural Resource Centre Kyanja,2026-08-01 09:00:00+00:00,17.427012222222217,Moderate
airqo_g5331,Agricultural Resource Centre Kyanja,2026-08-01 10:00:00+00:00,15.769867882395381,Moderate
airqo_g5331,Agricultural Resource Centre Kyanja,2026-08-01 11:00:00+00:00,13.42956208333333,Moderate
airqo_g5331,Agricultural Resource Centre Kyanja,2026-08-01 12:00:00+00:00,11.275764325396828,Moderate
airqo_g5331,Agricultural Resource Centre Kyanja,2026-08-01 13:00:00+00:00,13.532565238095238,Moderate
airqo_g5331,Agricultural Resource Centre Kyanja,2026-08-01 14:00:00+00:00,16.219103715728718,Moderate
airqo_g5331,Agricultural Resource Centre Kyanja,2026-08-01 15:00:00+00:00,14.160967777777781,Moderate
airqo_g5331,Agricultural Resource Centre Kyanja,2026-08-01 16:00:00+00:00,19.18083172619049,Moderate
airqo_g5331,Agricultural Resource Centre Kyanja,2026-08-01 17:00:00+00:00,30.358876666666667,Moderate
airqo_g5331,Agricultural Resource Centre Kyanja,2026-08-01 18:00:00+00:00,39.91881119047619,Unhealthy for Sensitive Groups
airqo_g5331,Agricultural Resource Centre Kyanja,2026-08-01 19:00:00+00:00,23.066623849206348,Moderate
airqo_g5331,Agricultural Resource Centre Kyanja,2026-08-01 20:00:00+00:00,25.586093591269844,Moderate
airqo_g5331,Agricultural Resource Centre Kyanja,2026-08-01 21:00:00+00:00,21.390167797619043,Moderate
airqo_g5331,Agricultural Resource Centre Kyanja,2026-08-01 22:00:00+00:00,15.34264077922078,Moderate
airqo_g5331,Agricultural Resource Centre Kyanja,2026-08-01 23:00:00+00:00,14.752282049062057,Moderate
airqo_g5335,Kamwokya Primary School,2026-08-01 00:00:00+00:00,15.524693351370857,Moderate
airqo_g5335,Kamwokya Primary School,2026-08-01 01:00:00+00:00,15.856160019841273,Moderate
airqo_g5335,Kamwokya Primary School,2026-08-01 02:00:00+00:00,12.896000753968256,Moderate
airqo_g5335,Kamwokya Primary School,2026-08-01 03:00:00+00:00,12.38588424603174,Moderate
airqo_g5335,Kamwokya Primary School,2026-08-01 04:00:00+00:00,69.96826299603174,Unhealthy
airqo_g5335,Kamwokya Primary School,2026-08-01 05:00:00+00:00,13.791728869047617,Moderate
airqo_g5335,Kamwokya Primary School,2026-08-01 06:00:00+00:00,13.329495892857146,Moderate
airqo_g5335,Kamwokya Primary School,2026-08-01 07:00:00+00:00,14.451020853174604,Moderate
airqo_g5335,Kamwokya Primary School,2026-08-01 08:00:00+00:00,22.670830952380957,Moderate
airqo_g5335,Kamwokya Primary School,2026-08-01 09:00:00+00:00,71.1335454491342,Unhealthy
airqo_g5335,Kamwokya Primary School,2026-08-01 10:00:00+00:00,66.5645088095238,Unhealthy
airqo_g5335,Kamwokya Primary School,2026-08-01 11:00:00+00:00,115.81077214285722,Unhealthy
airqo_g5335,Kamwokya Primary School,2026-08-01 12:00:00+00:00,50.01832182900432,Unhealthy for Sensitive Groups
airqo_g5335,Kamwokya Primary School,2026-08-01 13:00:00+00:00,34.2915318452381,Moderate
airqo_g5335,Kamwokya Primary School,2026-08-01 14:00:00+00:00,32.3604069047619,Moderate
airqo_g5335,Kamwokya Primary School,2026-08-01 15:00:00+00:00,35.40466496031746,Moderate
airqo_g5335,Kamwokya Primary School,2026-08-01 16:00:00+00:00,65.24556785714285,Unhealthy
airqo_g5335,Kamwokya Primary School,2026-08-01 17:00:00+00:00,23.599679265873007,Moderate
airqo_g5335,Kamwokya Primary School,2026-08-01 18:00:00+00:00,20.37963446428571,Moderate
airqo_g5335,Kamwokya Primary School,2026-08-01 19:00:00+00:00,18.479825833333337,Moderate
airqo_g5335,Kamwokya Primary School,2026-08-01 20:00:00+00:00,49.871327043650794,Unhealthy for Sensitive Groups
airqo_g5335,Kamwokya Primary School,2026-08-01 21:00:00+00:00,28.64599779761905,Moderate
airqo_g5335,Kamwokya Primary School,2026-08-01 22:00:00+00:00,13.473217738095236,Moderate
airqo_g5335,Kamwokya Primary School,2026-08-01 23:00:00+00:00,16.234748749999998,Moderate
airqo_g5336,Kawempe Division,2026-08-01 00:00:00+00:00,67.5011638095238,Unhealthy
airqo_g5336,Kawempe Division,2026-08-01 01:00:00+00:00,45.26770115800866,Unhealthy for Sensitive Groups
airqo_g5336,Kawempe Division,2026-08-01 02:00:00+00:00,58.74581718253968,Unhealthy
airqo_g5336,Kawempe Division,2026-08-01 03:00:00+00:00,49.231459345238086,Unhealthy for Sensitive Groups
airqo_g5336,Kawempe Division,2026-08-01 04:00:00+00:00,48.62442468253968,Unhealthy for Sensitive Groups
airqo_g5336,Kawempe Division,2026-08-01 05:00:00+00:00,30.40728301587302,Moderate
airqo_g5336,Kawempe Division,2026-08-01 06:00:00+00:00,30.73302851190476,Moderate
airqo_g5336,Kawempe Division,2026-08-01 07:00:00+00:00,28.10439043650794,Moderate
airqo_g5336,Kawempe Division,2026-08-01 08:00:00+00:00,22.50460295634921,Moderate
airqo_g5336,Kawempe Division,2026-08-01 09:00:00+00:00,18.81774285714285,Moderate
airqo_g5336,Kawempe Division,2026-08-01 10:00:00+00:00,20.89750660714286,Moderate
airqo_g5336,Kawempe Division,2026-08-01 11:00:00+00:00,16.40434922619047,Moderate
airqo_g5336,Kawempe Division,2026-08-01 12:00:00+00:00,21.088547142857145,Moderate
airqo_g5336,Kawempe Division,2026-08-01 13:00:00+00:00,17.408527499999995,Moderate
airqo_g5336,Kawempe Division,2026-08-01 14:00:00+00:00,18.28219303571429,Moderate
airqo_g5336,Kawempe Division,2026-08-01 15:00:00+00:00,18.639883154761904,Moderate
airqo_g5336,Kawempe Division,2026-08-01 16:00:00+00:00,24.558426130952384,Moderate
airqo_g5336,Kawempe Division,2026-08-01 17:00:00+00:00,41.92081178571428,Unhealthy for Sensitive Groups
airqo_g5336,Kawempe Division,2026-08-01 18:00:00+00:00,48.648756984126976,Unhealthy for Sensitive Groups
airqo_g5336,Kawempe Division,2026-08-01 19:00:00+00:00,56.363584531024536,Unhealthy
airqo_g5336,Kawempe Division,2026-08-01 20:00:00+00:00,53.95252047619047,Unhealthy for Sensitive Groups
airqo_g5336,Kawempe Division,2026-08-01 21:00:00+00:00,48.72705579365079,Unhealthy for Sensitive Groups
airqo_g5336,Kawempe Division,2026-08-01 22:00:00+00:00,13.226040535714287,Moderate
airqo_g5336,Kawempe Division,2026-08-01 23:00:00+00:00,73.60334267857145,Unhealthy
airqo_g5337,Kololo AirStrip,2026-08-01 00:00:00+00:00,22.233331071428573,Moderate
airqo_g5337,Kololo AirStrip,2026-08-01 01:00:00+00:00,47.89522920634921,Unhealthy for Sensitive Groups
airqo_g5337,Kololo AirStrip,2026-08-01 02:00:00+00:00,39.04428700396825,Unhealthy for Sensitive Groups
airqo_g5337,Kololo AirStrip,2026-08-01 03:00:00+00:00,52.685912142857134,Unhealthy for Sensitive Groups
airqo_g5337,Kololo AirStrip,2026-08-01 04:00:00+00:00,51.743957857142846,Unhealthy for Sensitive Groups
airqo_g5337,Kololo AirStrip,2026-08-01 05:00:00+00:00,53.54249785714285,Unhealthy for Sensitive Groups
airqo_g5337,Kololo AirStrip,2026-08-01 06:00:00+00:00,17.658999642857147,Moderate
airqo_g5337,Kololo AirStrip,2026-08-01 07:00:00+00:00,23.11411128968254,Moderate
airqo_g5337,Kololo AirStrip,2026-08-01 08:00:00+00:00,18.1397719047619,Moderate
airqo_g5337,Kololo AirStrip,2026-08-01 09:00:00+00:00,17.407261051587305,Moderate
airqo_g5337,Kololo AirStrip,2026-08-01 10:00:00+00:00,18.513483035714287,Moderate
airqo_g5337,Kololo AirStrip,2026-08-01 11:00:00+00:00,16.273842619047624,Moderate
airqo_g5337,Kololo AirStrip,2026-08-01 12:00:00+00:00,16.2262161904762,Moderate
airqo_g5337,Kololo AirStrip,2026-08-01 13:00:00+00:00,24.247577976190478,Moderate
airqo_g5337,Kololo AirStrip,2026-08-01 14:00:00+00:00,23.96682257936508,Moderate
airqo_g5337,Kololo AirStrip,2026-08-01 15:00:00+00:00,28.387411964285715,Moderate
airqo_g5337,Kololo AirStrip,2026-08-01 16:00:00+00:00,29.046016071428575,Moderate
airqo_g5337,Kololo AirStrip,2026-08-01 17:00:00+00:00,35.9722913997114,Unhealthy for Sensitive Groups
airqo_g5337,Kololo AirStrip,2026-08-01 18:00:00+00:00,53.213949325396825,Unhealthy for Sensitive Groups
airqo_g5337,Kololo AirStrip,2026-08-01 19:00:00+00:00,35.272398571428575,Moderate
airqo_g5337,Kololo AirStrip,2026-08-01 20:00:00+00:00,29.543449246031745,Moderate
airqo_g5337,Kololo AirStrip,2026-08-01 21:00:00+00:00,17.93735708333334,Moderate
airqo_g5337,Kololo AirStrip,2026-08-01 22:00:00+00:00,23.341546488095226,Moderate
airqo_g5337,Kololo AirStrip,2026-08-01 23:00:00+00:00,32.29157214285714,Moderate
airqo_g5339,Makerere University Weather Station 94,2026-08-01 00:00:00+00:00,59.858239940476174,Unhealthy
airqo_g5339,Makerere University Weather Station 94,2026-08-01 01:00:00+00:00,11.383425773809527,Moderate
airqo_g5339,Makerere University Weather Station 94,2026-08-01 02:00:00+00:00,7.9246455952381005,Good
airqo_g5339,Makerere University Weather Station 94,2026-08-01 03:00:00+00:00,8.51834535714287,Good
airqo_g5339,Makerere University Weather Station 94,2026-08-01 04:00:00+00:00,51.98223595238095,Unhealthy for Sensitive Groups
airqo_g5339,Makerere University Weather Station 94,2026-08-01 05:00:00+00:00,52.661188531746035,Unhealthy for Sensitive Groups
airqo_g5339,Makerere University Weather Station 94,2026-08-01 06:00:00+00:00,30.049109186507934,Moderate
airqo_g5339,Makerere University Weather Station 94,2026-08-01 07:00:00+00:00,14.93980097222222,Moderate
airqo_g5339,Makerere University Weather Station 94,2026-08-01 08:00:00+00:00,19.875874404761916,Moderate
airqo_g5339,Makerere University Weather Station 94,2026-08-01 09:00:00+00:00,18.537690476190477,Moderate
airqo_g5339,Makerere University Weather Station 94,2026-08-01 10:00:00+00:00,18.502813333333325,Moderate
airqo_g5339,Makerere University Weather Station 94,2026-08-01 11:00:00+00:00,11.754557083333331,Moderate
airqo_g5339,Makerere University Weather Station 94,2026-08-01 12:00:00+00:00,11.777726111111097,Moderate
airqo_g5339,Makerere University Weather Station 94,2026-08-01 13:00:00+00:00,9.50054791666669,Moderate
airqo_g5339,Makerere University Weather Station 94,2026-08-01 14:00:00+00:00,10.110569404761897,Moderate
airqo_g5339,Makerere University Weather Station 94,2026-08-01 15:00:00+00:00,9.793210436507952,Moderate
airqo_g5339,Makerere University Weather Station 94,2026-08-01 16:00:00+00:00,28.831618906926405,Moderate
airqo_g5339,Makerere University Weather Station 94,2026-08-01 17:00:00+00:00,24.90062742063492,Moderate
airqo_g5339,Makerere University Weather Station 94,2026-08-01 18:00:00+00:00,82.50724553571429,Unhealthy
airqo_g5339,Makerere University Weather Station 94,2026-08-01 19:00:00+00:00,49.54607553571429,Unhealthy for Sensitive Groups
airqo_g5339,Makerere University Weather Station 94,2026-08-01 20:00:00+00:00,28.38953625,Moderate
airqo_g5339,Makerere University Weather Station 94,2026-08-01 21:00:00+00:00,18.981378174603165,Moderate
airqo_g5339,Makerere University Weather Station 94,2026-08-01 22:00:00+00:00,36.19564119047619,Unhealthy for Sensitive Groups
airqo_g5339,Makerere University Weather Station 94,2026-08-01 23:00:00+00:00,119.49677548160174,Unhealthy
airqo_g5341,Makerere University Weather Station 94,2026-08-01 00:00:00+00:00,42.84706904761905,Unhealthy for Sensitive Groups
airqo_g5341,Makerere University Weather Station 94,2026-08-01 01:00:00+00:00,39.08225291666667,Unhealthy for Sensitive Groups
airqo_g5341,Makerere University Weather Station 94,2026-08-01 02:00:00+00:00,34.73780095238095,Moderate
airqo_g5341,Makerere University Weather Station 94,2026-08-01 03:00:00+00:00,38.951231904761904,Unhealthy for Sensitive Groups
airqo_g5341,Makerere University Weather Station 94,2026-08-01 04:00:00+00:00,40.47941992063492,Unhealthy for Sensitive Groups
airqo_g5341,Makerere University Weather Station 94,2026-08-01 05:00:00+00:00,51.791609067460314,Unhealthy for Sensitive Groups
airqo_g5341,Makerere University Weather Station 94,2026-08-01 06:00:00+00:00,51.66424535714286,Unhealthy for Sensitive Groups
airqo_g5341,Makerere University Weather Station 94,2026-08-01 07:00:00+00:00,22.797865238095238,Moderate
airqo_g5341,Makerere University Weather Station 94,2026-08-01 08:00:00+00:00,20.363049404761917,Moderate
airqo_g5341,Makerere University Weather Station 94,2026-08-01 09:00:00+00:00,18.314228273809515,Moderate
airqo_g5341,Makerere University Weather Station 94,2026-08-01 10:00:00+00:00,19.35414916666668,Moderate
airqo_g5341,Makerere University Weather Station 94,2026-08-01 11:00:00+00:00,15.923074345238089,Moderate
airqo_g5341,Makerere University Weather Station 94,2026-08-01 12:00:00+00:00,22.74559666666667,Moderate
airqo_g5341,Makerere University Weather Station 94,2026-08-01 13:00:00+00:00,18.03541023809523,Moderate
airqo_g5341,Makerere University Weather Station 94,2026-08-01 14:00:00+00:00,18.259730059523797,Moderate
airqo_g5341,Makerere University Weather Station 94,2026-08-01 15:00:00+00:00,18.766670496031754,Moderate
airqo_g5341,Makerere University Weather Station 94,2026-08-01 16:00:00+00:00,26.765448988095237,Moderate
airqo_g5341,Makerere University Weather Station 94,2026-08-01 17:00:00+00:00,39.87686845238095,Unhealthy for Sensitive Groups
airqo_g5341,Makerere University Weather Station 94,2026-08-01 18:00:00+00:00,45.10964527777777,Unhealthy for Sensitive Groups
airqo_g5341,Makerere University Weather Station 94,2026-08-01 19:00:00+00:00,45.24961255952381,Unhealthy for Sensitive Groups
airqo_g5341,Makerere University Weather Station 94,2026-08-01 20:00:00+00:00,41.52257696428571,Unhealthy for Sensitive Groups
airqo_g5341,Makerere University Weather Station 94,2026-08-01 21:00:00+00:00,43.265286884920634,Unhealthy for Sensitive Groups
airqo_g5341,Makerere University Weather Station 94,2026-08-01 22:00:00+00:00,36.68659507936508,Unhealthy for Sensitive Groups
airqo_g5341,Makerere University Weather Station 94,2026-08-01 23:00:00+00:00,41.0463375,Unhealthy for Sensitive Groups
airqo_g5342,Nakawa Division KCCA,2026-08-01 00:00:00+00:00,35.4599075,Moderate
airqo_g5342,Nakawa Division KCCA,2026-08-01 01:00:00+00:00,36.54095,Unhealthy for Sensitive Groups
airqo_g5342,Nakawa Division KCCA,2026-08-01 02:00:00+00:00,37.33814700396825,Unhealthy for Sensitive Groups
airqo_g5342,Nakawa Division KCCA,2026-08-01 03:00:00+00:00,44.73598404761905,Unhealthy for Sensitive Groups
airqo_g5342,Nakawa Division KCCA,2026-08-01 04:00:00+00:00,50.01574791666667,Unhealthy for Sensitive Groups
airqo_g5342,Nakawa Division KCCA,2026-08-01 05:00:00+00:00,52.39340654761905,Unhealthy for Sensitive Groups
airqo_g5342,Nakawa Division KCCA,2026-08-01 06:00:00+00:00,60.54599285714285,Unhealthy
airqo_g5342,Nakawa Division KCCA,2026-08-01 07:00:00+00:00,27.11265208333333,Moderate
airqo_g5342,Nakawa Division KCCA,2026-08-01 08:00:00+00:00,17.788055238095243,Moderate
airqo_g5342,Nakawa Division KCCA,2026-08-01 09:00:00+00:00,17.069606150793646,Moderate
airqo_g5342,Nakawa Division KCCA,2026-08-01 10:00:00+00:00,18.486836298701306,Moderate
airqo_g5342,Nakawa Division KCCA,2026-08-01 11:00:00+00:00,25.37300418650794,Moderate
airqo_g5342,Nakawa Division KCCA,2026-08-01 12:00:00+00:00,29.59858226190476,Moderate
airqo_g5342,Nakawa Division KCCA,2026-08-01 13:00:00+00:00,20.319903392857142,Moderate
airqo_g5342,Nakawa Division KCCA,2026-08-01 14:00:00+00:00,20.81734041666667,Moderate
airqo_g5342,Nakawa Division KCCA,2026-08-01 15:00:00+00:00,24.711291785714288,Moderate
airqo_g5342,Nakawa Division KCCA,2026-08-01 16:00:00+00:00,25.509129007936515,Moderate
airqo_g5342,Nakawa Division KCCA,2026-08-01 17:00:00+00:00,35.675952123015875,Unhealthy for Sensitive Groups
airqo_g5342,Nakawa Division KCCA,2026-08-01 18:00:00+00:00,37.84068660714286,Unhealthy for Sensitive Groups
airqo_g5342,Nakawa Division KCCA,2026-08-01 19:00:00+00:00,48.599087916666676,Unhealthy for Sensitive Groups
airqo_g5342,Nakawa Division KCCA,2026-08-01 20:00:00+00:00,18.75873244047618,Moderate
airqo_g5342,Nakawa Division KCCA,2026-08-01 21:00:00+00:00,22.749640833333338,Moderate
airqo_g5342,Nakawa Division KCCA,2026-08-01 22:00:00+00:00,35.403642142857144,Moderate
airqo_g5342,Nakawa Division KCCA,2026-08-01 23:00:00+00:00,34.10884450396826,Moderate
airqo_g5343,"KCCA Hall,Parliamentary Avenue",2026-08-01 00:00:00+00:00,32.97974833333333,Moderate
airqo_g5343,"KCCA Hall,Parliamentary Avenue",2026-08-01 01:00:00+00:00,33.34943232142857,Moderate
airqo_g5343,"KCCA Hall,Parliamentary Avenue",2026-08-01 02:00:00+00:00,25.099231130952376,Moderate
airqo_g5343,"KCCA Hall,Parliamentary Avenue",2026-08-01 03:00:00+00:00,35.200134365079364,Moderate
airqo_g5343,"KCCA Hall,Parliamentary Avenue",2026-08-01 04:00:00+00:00,45.02591535714286,Unhealthy for Sensitive Groups
airqo_g5343,"KCCA Hall,Parliamentary Avenue",2026-08-01 05:00:00+00:00,45.177560059523806,Unhealthy for Sensitive Groups
airqo_g5343,"KCCA Hall,Parliamentary Avenue",2026-08-01 06:00:00+00:00,38.580419325396825,Unhealthy for Sensitive Groups
airqo_g5343,"KCCA Hall,Parliamentary Avenue",2026-08-01 07:00:00+00:00,27.374456031746032,Moderate
airqo_g5343,"KCCA Hall,Parliamentary Avenue",2026-08-01 08:00:00+00:00,19.304902321428564,Moderate
airqo_g5343,"KCCA Hall,Parliamentary Avenue",2026-08-01 09:00:00+00:00,17.75471757936508,Moderate
airqo_g5343,"KCCA Hall,Parliamentary Avenue",2026-08-01 10:00:00+00:00,16.203927996031748,Moderate
airqo_g5343,"KCCA Hall,Parliamentary Avenue",2026-08-01 11:00:00+00:00,18.438042857142854,Moderate
airqo_g5343,"KCCA Hall,Parliamentary Avenue",2026-08-01 12:00:00+00:00,17.478918174603173,Moderate
airqo_g5343,"KCCA Hall,Parliamentary Avenue",2026-08-01 13:00:00+00:00,16.35256488095238,Moderate
airqo_g5343,"KCCA Hall,Parliamentary Avenue",2026-08-01 14:00:00+00:00,19.213790476190475,Moderate
airqo_g5343,"KCCA Hall,Parliamentary Avenue",2026-08-01 15:00:00+00:00,21.836932857142862,Moderate
airqo_g5343,"KCCA Hall,Parliamentary Avenue",2026-08-01 16:00:00+00:00,27.80000553030303,Moderate
airqo_g5343,"KCCA Hall,Parliamentary Avenue",2026-08-01 17:00:00+00:00,36.69026099206349,Unhealthy for Sensitive Groups
airqo_g5343,"KCCA Hall,Parliamentary Avenue",2026-08-01 18:00:00+00:00,33.970530158730156,Moderate
airqo_g5343,"KCCA Hall,Parliamentary Avenue",2026-08-01 19:00:00+00:00,31.789631091269843,Moderate
airqo_g5343,"KCCA Hall,Parliamentary Avenue",2026-08-01 20:00:00+00:00,37.45621797619048,Unhealthy for Sensitive Groups
airqo_g5343,"KCCA Hall,Parliamentary Avenue",2026-08-01 21:00:00+00:00,46.944765873015875,Unhealthy for Sensitive Groups
airqo_g5343,"KCCA Hall,Parliamentary Avenue",2026-08-01 22:00:00+00:00,37.2282894047619,Unhealthy for Sensitive Groups
airqo_g5343,"KCCA Hall,Parliamentary Avenue",2026-08-01 23:00:00+00:00,29.608561607142857,Moderate
airqo_g5345,"St Paul Demonstration School,Ggaba",2026-08-01 00:00:00+00:00,36.982873234126984,Unhealthy for Sensitive Groups
airqo_g5345,"St Paul Demonstration School,Ggaba",2026-08-01 01:00:00+00:00,36.8396414484127,Unhealthy for Sensitive Groups
airqo_g5345,"St Paul Demonstration School,Ggaba",2026-08-01 02:00:00+00:00,37.552650654761905,Unhealthy for Sensitive Groups
airqo_g5345,"St Paul Demonstration School,Ggaba",2026-08-01 03:00:00+00:00,44.856827678571435,Unhealthy for Sensitive Groups
airqo_g5345,"St Paul Demonstration School,Ggaba",2026-08-01 04:00:00+00:00,52.639170773809525,Unhealthy for Sensitive Groups
airqo_g5345,"St Paul Demonstration School,Ggaba",2026-08-01 05:00:00+00:00,32.66424865079365,Moderate
airqo_g5345,"St Paul Demonstration School,Ggaba",2026-08-01 06:00:00+00:00,31.515702261904764,Moderate
airqo_g5345,"St Paul Demonstration School,Ggaba",2026-08-01 07:00:00+00:00,34.30810144300144,Moderate
airqo_g5345,"St Paul Demonstration School,Ggaba",2026-08-01 08:00:00+00:00,23.32608940476191,Moderate
airqo_g5345,"St Paul Demonstration School,Ggaba",2026-08-01 09:00:00+00:00,18.34386107142857,Moderate
airqo_g5345,"St Paul Demonstration School,Ggaba",2026-08-01 10:00:00+00:00,18.46422202380953,Moderate
airqo_g5345,"St Paul Demonstration School,Ggaba",2026-08-01 11:00:00+00:00,20.254430198412706,Moderate
airqo_g5345,"St Paul Demonstration School,Ggaba",2026-08-01 12:00:00+00:00,21.589659821428572,Moderate
airqo_g5345,"St Paul Demonstration School,Ggaba",2026-08-01 13:00:00+00:00,18.711704761904763,Moderate
airqo_g5345,"St Paul Demonstration School,Ggaba",2026-08-01 14:00:00+00:00,18.241857857142854,Moderate
airqo_g5345,"St Paul Demonstration School,Ggaba",2026-08-01 15:00:00+00:00,17.144597976190482,Moderate
airqo_g5345,"St Paul Demonstration School,Ggaba",2026-08-01 16:00:00+00:00,38.32980055555556,Unhealthy for Sensitive Groups
airqo_g5345,"St Paul Demonstration School,Ggaba",2026-08-01 17:00:00+00:00,43.89812579365079,Unhealthy for Sensitive Groups
airqo_g5345,"St Paul Demonstration School,Ggaba",2026-08-01 18:00:00+00:00,47.83546031746032,Unhealthy for Sensitive Groups
airqo_g5345,"St Paul Demonstration School,Ggaba",2026-08-01 19:00:00+00:00,39.80912011904762,Unhealthy for Sensitive Groups
airqo_g5345,"St Paul Demonstration School,Ggaba",2026-08-01 20:00:00+00:00,34.70202285714286,Moderate
airqo_g5345,"St Paul Demonstration School,Ggaba",2026-08-01 21:00:00+00:00,36.64347474206349,Unhealthy for Sensitive Groups
airqo_g5345,"St Paul Demonstration School,Ggaba",2026-08-01 22:00:00+00:00,27.742528067765566,Moderate
airqo_g5345,"St Paul Demonstration School,Ggaba",2026-08-01 23:00:00+00:00,24.972524999999997,Moderate
airqo_g5346,Kololo Mabua Stores,2026-08-01 00:00:00+00:00,15.812557976190483,Moderate
airqo_g5346,Kololo Mabua Stores,2026-08-01 01:00:00+00:00,36.33971297619048,Unhealthy for Sensitive Groups
airqo_g5346,Kololo Mabua Stores,2026-08-01 02:00:00+00:00,36.67767575396825,Unhealthy for Sensitive Groups
airqo_g5346,Kololo Mabua Stores,2026-08-01 03:00:00+00:00,44.56290432539683,Unhealthy for Sensitive Groups
airqo_g5346,Kololo Mabua Stores,2026-08-01 04:00:00+00:00,51.62919196428571,Unhealthy for Sensitive Groups
airqo_g5346,Kololo Mabua Stores,2026-08-01 05:00:00+00:00,65.4443004563492,Unhealthy
airqo_g5346,Kololo Mabua Stores,2026-08-01 06:00:00+00:00,36.32037547619048,Unhealthy for Sensitive Groups
airqo_g5346,Kololo Mabua Stores,2026-08-01 07:00:00+00:00,42.42459234126984,Unhealthy for Sensitive Groups
airqo_g5346,Kololo Mabua Stores,2026-08-01 08:00:00+00:00,18.21908773809524,Moderate
airqo_g5346,Kololo Mabua Stores,2026-08-01 09:00:00+00:00,16.35904367063492,Moderate
airqo_g5346,Kololo Mabua Stores,2026-08-01 10:00:00+00:00,17.406282202380957,Moderate
airqo_g5346,Kololo Mabua Stores,2026-08-01 11:00:00+00:00,15.019530833333349,Moderate
airqo_g5346,Kololo Mabua Stores,2026-08-01 12:00:00+00:00,15.557696884920631,Moderate
airqo_g5346,Kololo Mabua Stores,2026-08-01 13:00:00+00:00,14.999341726190487,Moderate
airqo_g5346,Kololo Mabua Stores,2026-08-01 14:00:00+00:00,15.09133565476191,Moderate
airqo_g5346,Kololo Mabua Stores,2026-08-01 15:00:00+00:00,23.719287261904764,Moderate
airqo_g5346,Kololo Mabua Stores,2026-08-01 16:00:00+00:00,24.68828644841269,Moderate
airqo_g5346,Kololo Mabua Stores,2026-08-01 17:00:00+00:00,50.909824812271054,Unhealthy for Sensitive Groups
airqo_g5346,Kololo Mabua Stores,2026-08-01 18:00:00+00:00,36.574978452380954,Unhealthy for Sensitive Groups
airqo_g5346,Kololo Mabua Stores,2026-08-01 19:00:00+00:00,32.2807110515873,Moderate
airqo_g5346,Kololo Mabua Stores,2026-08-01 20:00:00+00:00,28.743886666666665,Moderate
airqo_g5346,Kololo Mabua Stores,2026-08-01 21:00:00+00:00,35.540090972222224,Unhealthy for Sensitive Groups
airqo_g5346,Kololo Mabua Stores,2026-08-01 22:00:00+00:00,35.27841486111111,Moderate
airqo_g5346,Kololo Mabua Stores,2026-08-01 23:00:00+00:00,21.835381666666667,Moderate
airqo_g5356,"Kitebi Health Centre 3,Kabusu road",2026-08-01 00:00:00+00:00,60.6838719047619,Unhealthy
airqo_g5356,"Kitebi Health Centre 3,Kabusu road",2026-08-01 01:00:00+00:00,54.61280775793651,Unhealthy for Sensitive Groups
airqo_g5356,"Kitebi Health Centre 3,Kabusu road",2026-08-01 02:00:00+00:00,65.57385077380954,Unhealthy
airqo_g5356,"Kitebi Health Centre 3,Kabusu road",2026-08-01 03:00:00+00:00,70.44353345238096,Unhealthy
airqo_g5356,"Kitebi Health Centre 3,Kabusu road",2026-08-01 04:00:00+00:00,96.53816214285712,Unhealthy
airqo_g5356,"Kitebi Health Centre 3,Kabusu road",2026-08-01 05:00:00+00:00,101.11271291666662,Unhealthy
airqo_g5356,"Kitebi Health Centre 3,Kabusu road",2026-08-01 06:00:00+00:00,36.94407367063492,Unhealthy for Sensitive Groups
airqo_g5356,"Kitebi Health Centre 3,Kabusu road",2026-08-01 07:00:00+00:00,42.02681061507936,Unhealthy for Sensitive Groups
airqo_g5356,"Kitebi Health Centre 3,Kabusu road",2026-08-01 08:00:00+00:00,18.515578630952376,Moderate
airqo_g5356,"Kitebi Health Centre 3,Kabusu road",2026-08-01 09:00:00+00:00,18.578694781746037,Moderate
airqo_g5356,"Kitebi Health Centre 3,Kabusu road",2026-08-01 10:00:00+00:00,18.279213620129877,Moderate
airqo_g5356,"Kitebi Health Centre 3,Kabusu road",2026-08-01 11:00:00+00:00,21.69488589285714,Moderate
airqo_g5356,"Kitebi Health Centre 3,Kabusu road",2026-08-01 12:00:00+00:00,20.974761726190476,Moderate
airqo_g5356,"Kitebi Health Centre 3,Kabusu road",2026-08-01 13:00:00+00:00,18.93733392857143,Moderate
airqo_g5356,"Kitebi Health Centre 3,Kabusu road",2026-08-01 14:00:00+00:00,18.41404128968254,Moderate
airqo_g5356,"Kitebi Health Centre 3,Kabusu road",2026-08-01 15:00:00+00:00,20.621742380952384,Moderate
airqo_g5356,"Kitebi Health Centre 3,Kabusu road",2026-08-01 16:00:00+00:00,29.03788601190476,Moderate
airqo_g5356,"Kitebi Health Centre 3,Kabusu road",2026-08-01 17:00:00+00:00,33.381235793650795,Moderate
airqo_g5356,"Kitebi Health Centre 3,Kabusu road",2026-08-01 18:00:00+00:00,57.20485642857143,Unhealthy
airqo_g5356,"Kitebi Health Centre 3,Kabusu road",2026-08-01 19:00:00+00:00,48.584832222222225,Unhealthy for Sensitive Groups
airqo_g5356,"Kitebi Health Centre 3,Kabusu road",2026-08-01 20:00:00+00:00,56.1909195436508,Unhealthy
airqo_g5356,"Kitebi Health Centre 3,Kabusu road",2026-08-01 21:00:00+00:00,60.846446334776346,Unhealthy
airqo_g5356,"Kitebi Health Centre 3,Kabusu road",2026-08-01 22:00:00+00:00,33.22528634920635,Moderate
airqo_g5356,"Kitebi Health Centre 3,Kabusu road",2026-08-01 23:00:00+00:00,42.189059603174606,Unhealthy for Sensitive Groups
airqo_g5359,KCCA Division Kisungu,2026-08-01 00:00:00+00:00,35.38519501984127,Moderate
airqo_g5359,KCCA Division Kisungu,2026-08-01 01:00:00+00:00,36.563140793650796,Unhealthy for Sensitive Groups
airqo_g5359,KCCA Division Kisungu,2026-08-01 02:00:00+00:00,37.13352117063492,Unhealthy for Sensitive Groups
airqo_g5359,KCCA Division Kisungu,2026-08-01 03:00:00+00:00,43.561057261904764,Unhealthy for Sensitive Groups
airqo_g5359,KCCA Division Kisungu,2026-08-01 04:00:00+00:00,50.16859095238095,Unhealthy for Sensitive Groups
airqo_g5359,KCCA Division Kisungu,2026-08-01 05:00:00+00:00,29.89170095238095,Moderate
airqo_g5359,KCCA Division Kisungu,2026-08-01 06:00:00+00:00,27.190321765873016,Moderate
airqo_g5359,KCCA Division Kisungu,2026-08-01 07:00:00+00:00,25.752621805555556,Moderate
airqo_g5359,KCCA Division Kisungu,2026-08-01 08:00:00+00:00,25.565651785714287,Moderate
airqo_g5359,KCCA Division Kisungu,2026-08-01 09:00:00+00:00,22.74653130952381,Moderate
airqo_g5359,KCCA Division Kisungu,2026-08-01 10:00:00+00:00,18.27400761904762,Moderate
airqo_g5359,KCCA Division Kisungu,2026-08-01 11:00:00+00:00,19.073438869047614,Moderate
airqo_g5359,KCCA Division Kisungu,2026-08-01 12:00:00+00:00,19.73403226190476,Moderate
airqo_g5359,KCCA Division Kisungu,2026-08-01 13:00:00+00:00,18.263807202380953,Moderate
airqo_g5359,KCCA Division Kisungu,2026-08-01 14:00:00+00:00,20.743305238095235,Moderate
airqo_g5359,KCCA Division Kisungu,2026-08-01 15:00:00+00:00,21.270202499999996,Moderate
airqo_g5359,KCCA Division Kisungu,2026-08-01 16:00:00+00:00,30.034022261904767,Moderate
airqo_g5359,KCCA Division Kisungu,2026-08-01 17:00:00+00:00,33.36350426587302,Moderate
airqo_g5359,KCCA Division Kisungu,2026-08-01 18:00:00+00:00,32.12206172619047,Moderate
airqo_g5359,KCCA Division Kisungu,2026-08-01 19:00:00+00:00,19.37621946428571,Moderate
airqo_g5359,KCCA Division Kisungu,2026-08-01 20:00:00+00:00,49.13234087301588,Unhealthy for Sensitive Groups
airqo_g5359,KCCA Division Kisungu,2026-08-01 21:00:00+00:00,24.067629166666656,Moderate
airqo_g5359,KCCA Division Kisungu,2026-08-01 22:00:00+00:00,18.265952936507933,Moderate
airqo_g5359,KCCA Division Kisungu,2026-08-01 23:00:00+00:00,34.237218194444445,Moderate
airqo_g5361,KCCA Stadium Lugogo,2026-08-01 00:00:00+00:00,36.28524023809524,Unhealthy for Sensitive Groups
airqo_g5361,KCCA Stadium Lugogo,2026-08-01 01:00:00+00:00,37.003080833333335,Unhealthy for Sensitive Groups
airqo_g5361,KCCA Stadium Lugogo,2026-08-01 02:00:00+00:00,37.581823194444446,Unhealthy for Sensitive Groups
airqo_g5361,KCCA Stadium Lugogo,2026-08-01 03:00:00+00:00,46.159017738095244,Unhealthy for Sensitive Groups
airqo_g5361,KCCA Stadium Lugogo,2026-08-01 04:00:00+00:00,40.16439438492064,Unhealthy for Sensitive Groups
airqo_g5361,KCCA Stadium Lugogo,2026-08-01 05:00:00+00:00,60.1694113095238,Unhealthy
airqo_g5361,KCCA Stadium Lugogo,2026-08-01 06:00:00+00:00,43.71518904761905,Unhealthy for Sensitive Groups
airqo_g5361,KCCA Stadium Lugogo,2026-08-01 07:00:00+00:00,24.460965396825394,Moderate
airqo_g5361,KCCA Stadium Lugogo,2026-08-01 08:00:00+00:00,19.024951785714293,Moderate
airqo_g5361,KCCA Stadium Lugogo,2026-08-01 09:00:00+00:00,19.008902916666656,Moderate
airqo_g5361,KCCA Stadium Lugogo,2026-08-01 10:00:00+00:00,27.3236743975469,Moderate
airqo_g5361,KCCA Stadium Lugogo,2026-08-01 11:00:00+00:00,20.870133710317464,Moderate
airqo_g5361,KCCA Stadium Lugogo,2026-08-01 12:00:00+00:00,23.626065357142856,Moderate
airqo_g5361,KCCA Stadium Lugogo,2026-08-01 13:00:00+00:00,18.230637261904764,Moderate
airqo_g5361,KCCA Stadium Lugogo,2026-08-01 14:00:00+00:00,20.178973630952385,Moderate
airqo_g5361,KCCA Stadium Lugogo,2026-08-01 15:00:00+00:00,22.249072023809525,Moderate
airqo_g5361,KCCA Stadium Lugogo,2026-08-01 16:00:00+00:00,43.216478333333335,Unhealthy for Sensitive Groups
airqo_g5361,KCCA Stadium Lugogo,2026-08-01 17:00:00+00:00,50.51973666666666,Unhealthy for Sensitive Groups
airqo_g5361,KCCA Stadium Lugogo,2026-08-01 18:00:00+00:00,48.24041839285714,Unhealthy for Sensitive Groups
airqo_g5361,KCCA Stadium Lugogo,2026-08-01 19:00:00+00:00,48.93564172619048,Unhealthy for Sensitive Groups
airqo_g5361,KCCA Stadium Lugogo,2026-08-01 20:00:00+00:00,54.972250833333334,Unhealthy for Sensitive Groups
airqo_g5361,KCCA Stadium Lugogo,2026-08-01 21:00:00+00:00,53.50800523809524,Unhealthy for Sensitive Groups
airqo_g5361,KCCA Stadium Lugogo,2026-08-01 22:00:00+00:00,49.20148026515151,Unhealthy for Sensitive Groups
airqo_g5361,KCCA Stadium Lugogo,2026-08-01 23:00:00+00:00,25.27092696428571,Moderate
airqo_g5365,Namungona Primary school,2026-08-01 00:00:00+00:00,84.31080595238095,Unhealthy
airqo_g5365,Namungona Primary school,2026-08-01 01:00:00+00:00,47.84137698412698,Unhealthy for Sensitive Groups
airqo_g5365,Namungona Primary school,2026-08-01 02:00:00+00:00,35.49031363095238,Unhealthy for Sensitive Groups
airqo_g5365,Namungona Primary school,2026-08-01 03:00:00+00:00,51.36550595238094,Unhealthy for Sensitive Groups
airqo_g5365,Namungona Primary school,2026-08-01 04:00:00+00:00,37.89054863095238,Unhealthy for Sensitive Groups
airqo_g5365,Namungona Primary school,2026-08-01 05:00:00+00:00,59.96348470238095,Unhealthy
airqo_g5365,Namungona Primary school,2026-08-01 06:00:00+00:00,44.32938357142858,Unhealthy for Sensitive Groups
airqo_g5365,Namungona Primary school,2026-08-01 07:00:00+00:00,37.955587797619046,Unhealthy for Sensitive Groups
airqo_g5365,Namungona Primary school,2026-08-01 08:00:00+00:00,23.427370119047616,Moderate
airqo_g5365,Namungona Primary school,2026-08-01 09:00:00+00:00,23.231437777777785,Moderate
airqo_g5365,Namungona Primary school,2026-08-01 10:00:00+00:00,18.16049221320347,Moderate
airqo_g5365,Namungona Primary school,2026-08-01 11:00:00+00:00,17.94298934523809,Moderate
airqo_g5365,Namungona Primary school,2026-08-01 12:00:00+00:00,17.17457595238096,Moderate
airqo_g5365,Namungona Primary school,2026-08-01 13:00:00+00:00,16.739744047619045,Moderate
airqo_g5365,Namungona Primary school,2026-08-01 14:00:00+00:00,17.232688333333332,Moderate
airqo_g5365,Namungona Primary school,2026-08-01 15:00:00+00:00,18.926287083333335,Moderate
airqo_g5365,Namungona Primary school,2026-08-01 16:00:00+00:00,55.80115154761904,Unhealthy
airqo_g5365,Namungona Primary school,2026-08-01 17:00:00+00:00,45.07743327380952,Unhealthy for Sensitive Groups
airqo_g5365,Namungona Primary school,2026-08-01 18:00:00+00:00,53.33082016941392,Unhealthy for Sensitive Groups
airqo_g5365,Namungona Primary school,2026-08-01 19:00:00+00:00,49.03342984126984,Unhealthy for Sensitive Groups
airqo_g5365,Namungona Primary school,2026-08-01 20:00:00+00:00,49.18378246031746,Unhealthy for Sensitive Groups
airqo_g5365,Namungona Primary school,2026-08-01 21:00:00+00:00,57.28301541666668,Unhealthy
airqo_g5365,Namungona Primary school,2026-08-01 22:00:00+00:00,66.27134055555555,Unhealthy
airqo_g5365,Namungona Primary school,2026-08-01 23:00:00+00:00,41.09039857142857,Unhealthy for Sensitive Groups
airqo_g5366,"Kira Road Police, Kira road, Kampala Uganda",2026-08-01 00:00:00+00:00,45.755785595238095,Unhealthy for Sensitive Groups
airqo_g5366,"Kira Road Police, Kira road, Kampala Uganda",2026-08-01 01:00:00+00:00,32.72767238095238,Moderate
airqo_g5366,"Kira Road Police, Kira road, Kampala Uganda",2026-08-01 02:00:00+00:00,32.79018380952381,Moderate
airqo_g5366,"Kira Road Police, Kira road, Kampala Uganda",2026-08-01 03:00:00+00:00,36.06745490079365,Unhealthy for Sensitive Groups
airqo_g5366,"Kira Road Police, Kira road, Kampala Uganda",2026-08-01 04:00:00+00:00,31.001446805555556,Moderate
airqo_g5366,"Kira Road Police, Kira road, Kampala Uganda",2026-08-01 05:00:00+00:00,29.493213452380953,Moderate
airqo_g5366,"Kira Road Police, Kira road, Kampala Uganda",2026-08-01 06:00:00+00:00,37.76570968253968,Unhealthy for Sensitive Groups
airqo_g5366,"Kira Road Police, Kira road, Kampala Uganda",2026-08-01 07:00:00+00:00,34.239168234126986,Moderate
airqo_g5366,"Kira Road Police, Kira road, Kampala Uganda",2026-08-01 08:00:00+00:00,26.819205494228,Moderate
airqo_g5366,"Kira Road Police, Kira road, Kampala Uganda",2026-08-01 09:00:00+00:00,21.12786875,Moderate
airqo_g5366,"Kira Road Police, Kira road, Kampala Uganda",2026-08-01 10:00:00+00:00,22.584923988095234,Moderate
airqo_g5366,"Kira Road Police, Kira road, Kampala Uganda",2026-08-01 11:00:00+00:00,23.118925932539675,Moderate
airqo_g5366,"Kira Road Police, Kira road, Kampala Uganda",2026-08-01 12:00:00+00:00,21.746977976190472,Moderate
airqo_g5366,"Kira Road Police, Kira road, Kampala Uganda",2026-08-01 13:00:00+00:00,18.779870892857144,Moderate
airqo_g5366,"Kira Road Police, Kira road, Kampala Uganda",2026-08-01 14:00:00+00:00,16.987084603174612,Moderate
airqo_g5366,"Kira Road Police, Kira road, Kampala Uganda",2026-08-01 15:00:00+00:00,19.170700079365076,Moderate
airqo_g5366,"Kira Road Police, Kira road, Kampala Uganda",2026-08-01 16:00:00+00:00,25.431648252164507,Moderate
airqo_g5366,"Kira Road Police, Kira road, Kampala Uganda",2026-08-01 17:00:00+00:00,38.962903988095235,Unhealthy for Sensitive Groups
airqo_g5366,"Kira Road Police, Kira road, Kampala Uganda",2026-08-01 18:00:00+00:00,54.77008970238094,Unhealthy for Sensitive Groups
airqo_g5366,"Kira Road Police, Kira road, Kampala Uganda",2026-08-01 19:00:00+00:00,42.408056309523815,Unhealthy for Sensitive Groups
airqo_g5366,"Kira Road Police, Kira road, Kampala Uganda",2026-08-01 20:00:00+00:00,38.92445807539683,Unhealthy for Sensitive Groups
airqo_g5366,"Kira Road Police, Kira road, Kampala Uganda",2026-08-01 21:00:00+00:00,57.00534966269842,Unhealthy
airqo_g5366,"Kira Road Police, Kira road, Kampala Uganda",2026-08-01 22:00:00+00:00,43.789759801587294,Unhealthy for Sensitive Groups
airqo_g5366,"Kira Road Police, Kira road, Kampala Uganda",2026-08-01 23:00:00+00:00,44.424472837301586,Unhealthy for Sensitive Groups
airqo_g5367,"Bakuli, Kampala, Uganda",2026-08-01 00:00:00+00:00,36.28404327380952,Unhealthy for Sensitive Groups
airqo_g5367,"Bakuli, Kampala, Uganda",2026-08-01 01:00:00+00:00,37.33402279761905,Unhealthy for Sensitive Groups
airqo_g5367,"Bakuli, Kampala, Uganda",2026-08-01 02:00:00+00:00,36.89820130952381,Unhealthy for Sensitive Groups
airqo_g5367,"Bakuli, Kampala, Uganda",2026-08-01 03:00:00+00:00,44.84160503968254,Unhealthy for Sensitive Groups
airqo_g5367,"Bakuli, Kampala, Uganda",2026-08-01 04:00:00+00:00,51.95437202380951,Unhealthy for Sensitive Groups
airqo_g5367,"Bakuli, Kampala, Uganda",2026-08-01 05:00:00+00:00,52.77057650793651,Unhealthy for Sensitive Groups
airqo_g5367,"Bakuli, Kampala, Uganda",2026-08-01 06:00:00+00:00,57.75691625000001,Unhealthy
airqo_g5367,"Bakuli, Kampala, Uganda",2026-08-01 07:00:00+00:00,57.56519773809522,Unhealthy
airqo_g5367,"Bakuli, Kampala, Uganda",2026-08-01 08:00:00+00:00,46.106328194444444,Unhealthy for Sensitive Groups
airqo_g5367,"Bakuli, Kampala, Uganda",2026-08-01 09:00:00+00:00,44.13534255952381,Unhealthy for Sensitive Groups
airqo_g5367,"Bakuli, Kampala, Uganda",2026-08-01 10:00:00+00:00,21.296343035714294,Moderate
airqo_g5367,"Bakuli, Kampala, Uganda",2026-08-01 11:00:00+00:00,47.913814983766244,Unhealthy for Sensitive Groups
airqo_g5367,"Bakuli, Kampala, Uganda",2026-08-01 12:00:00+00:00,48.22198904761905,Unhealthy for Sensitive Groups
airqo_g5367,"Bakuli, Kampala, Uganda",2026-08-01 13:00:00+00:00,40.99769930555556,Unhealthy for Sensitive Groups
airqo_g5367,"Bakuli, Kampala, Uganda",2026-08-01 14:00:00+00:00,33.14981976190476,Moderate
airqo_g5367,"Bakuli, Kampala, Uganda",2026-08-01 15:00:00+00:00,33.18970791666667,Moderate
airqo_g5367,"Bakuli, Kampala, Uganda",2026-08-01 16:00:00+00:00,57.664851547619065,Unhealthy
airqo_g5367,"Bakuli, Kampala, Uganda",2026-08-01 17:00:00+00:00,69.62157785714284,Unhealthy
airqo_g5367,"Bakuli, Kampala, Uganda",2026-08-01 18:00:00+00:00,46.39022452380952,Unhealthy for Sensitive Groups
airqo_g5367,"Bakuli, Kampala, Uganda",2026-08-01 19:00:00+00:00,45.816314126984125,Unhealthy for Sensitive Groups
airqo_g5367,"Bakuli, Kampala, Uganda",2026-08-01 20:00:00+00:00,44.24373317460318,Unhealthy for Sensitive Groups
airqo_g5367,"Bakuli, Kampala, Uganda",2026-08-01 21:00:00+00:00,41.426378492063485,Unhealthy for Sensitive Groups
airqo_g5367,"Bakuli, Kampala, Uganda",2026-08-01 22:00:00+00:00,36.32632130952381,Unhealthy for Sensitive Groups
airqo_g5367,"Bakuli, Kampala, Uganda",2026-08-01 23:00:00+00:00,35.36898992063492,Moderate
airqo_g5368,Ministry Of Health 2,2026-08-01 00:00:00+00:00,11.458751726190489,Moderate
airqo_g5368,Ministry Of Health 2,2026-08-01 01:00:00+00:00,12.710184186507934,Moderate
airqo_g5368,Ministry Of Health 2,2026-08-01 02:00:00+00:00,22.589643928571427,Moderate
airqo_g5368,Ministry Of Health 2,2026-08-01 03:00:00+00:00,18.72531682539682,Moderate
airqo_g5368,Ministry Of Health 2,2026-08-01 04:00:00+00:00,24.92383101190476,Moderate
airqo_g5368,Ministry Of Health 2,2026-08-01 05:00:00+00:00,29.553403035714286,Moderate
airqo_g5368,Ministry Of Health 2,2026-08-01 06:00:00+00:00,16.476774047619045,Moderate
airqo_g5368,Ministry Of Health 2,2026-08-01 07:00:00+00:00,17.17459976190475,Moderate
airqo_g5368,Ministry Of Health 2,2026-08-01 08:00:00+00:00,12.485519047619047,Moderate
airqo_g5368,Ministry Of Health 2,2026-08-01 09:00:00+00:00,11.405766607142862,Moderate
airqo_g5368,Ministry Of Health 2,2026-08-01 10:00:00+00:00,16.03311123015874,Moderate
airqo_g5368,Ministry Of Health 2,2026-08-01 11:00:00+00:00,14.33189511904762,Moderate
airqo_g5368,Ministry Of Health 2,2026-08-01 12:00:00+00:00,11.28551680555556,Moderate
airqo_g5368,Ministry Of Health 2,2026-08-01 13:00:00+00:00,11.98814454365079,Moderate
airqo_g5368,Ministry Of Health 2,2026-08-01 14:00:00+00:00,14.947205773809536,Moderate
airqo_g5368,Ministry Of Health 2,2026-08-01 15:00:00+00:00,17.301512976190498,Moderate
airqo_g5368,Ministry Of Health 2,2026-08-01 16:00:00+00:00,17.07101134920635,Moderate
airqo_g5368,Ministry Of Health 2,2026-08-01 17:00:00+00:00,37.09760464285714,Unhealthy for Sensitive Groups
airqo_g5368,Ministry Of Health 2,2026-08-01 18:00:00+00:00,37.50888599206349,Unhealthy for Sensitive Groups
airqo_g5368,Ministry Of Health 2,2026-08-01 19:00:00+00:00,37.05356952380952,Unhealthy for Sensitive Groups
airqo_g5368,Ministry Of Health 2,2026-08-01 20:00:00+00:00,17.588989642857136,Moderate
airqo_g5368,Ministry Of Health 2,2026-08-01 21:00:00+00:00,17.49995968253968,Moderate
airqo_g5368,Ministry Of Health 2,2026-08-01 22:00:00+00:00,14.208783412698413,Moderate
airqo_g5368,Ministry Of Health 2,2026-08-01 23:00:00+00:00,12.4475967857143,Moderate
airqo_g5375,Nakivubo Blue Primary School,2026-08-01 00:00:00+00:00,54.69841190476192,Unhealthy for Sensitive Groups
airqo_g5375,Nakivubo Blue Primary School,2026-08-01 01:00:00+00:00,33.99033138888889,Moderate
airqo_g5375,Nakivubo Blue Primary School,2026-08-01 02:00:00+00:00,30.35252535714286,Moderate
airqo_g5375,Nakivubo Blue Primary School,2026-08-01 03:00:00+00:00,40.50447047619048,Unhealthy for Sensitive Groups
airqo_g5375,Nakivubo Blue Primary School,2026-08-01 04:00:00+00:00,23.068109126984126,Moderate
airqo_g5375,Nakivubo Blue Primary School,2026-08-01 05:00:00+00:00,15.002276964285723,Moderate
airqo_g5375,Nakivubo Blue Primary School,2026-08-01 06:00:00+00:00,32.433151031746036,Moderate
airqo_g5375,Nakivubo Blue Primary School,2026-08-01 07:00:00+00:00,47.42019988095239,Unhealthy for Sensitive Groups
airqo_g5375,Nakivubo Blue Primary School,2026-08-01 08:00:00+00:00,14.47926712301588,Moderate
airqo_g5375,Nakivubo Blue Primary School,2026-08-01 09:00:00+00:00,15.43632095238095,Moderate
airqo_g5375,Nakivubo Blue Primary School,2026-08-01 10:00:00+00:00,11.287569503968268,Moderate
airqo_g5375,Nakivubo Blue Primary School,2026-08-01 11:00:00+00:00,13.003824722222223,Moderate
airqo_g5375,Nakivubo Blue Primary School,2026-08-01 12:00:00+00:00,18.377771547619048,Moderate
airqo_g5375,Nakivubo Blue Primary School,2026-08-01 13:00:00+00:00,15.086434940476195,Moderate
airqo_g5375,Nakivubo Blue Primary School,2026-08-01 14:00:00+00:00,31.997508055555556,Moderate
airqo_g5375,Nakivubo Blue Primary School,2026-08-01 15:00:00+00:00,21.167593571428576,Moderate
airqo_g5375,Nakivubo Blue Primary School,2026-08-01 16:00:00+00:00,59.2917623809524,Unhealthy
airqo_g5375,Nakivubo Blue Primary School,2026-08-01 17:00:00+00:00,32.978506369047615,Moderate
airqo_g5375,Nakivubo Blue Primary School,2026-08-01 18:00:00+00:00,20.87602662698412,Moderate
airqo_g5375,Nakivubo Blue Primary School,2026-08-01 19:00:00+00:00,20.426427619047622,Moderate
airqo_g5375,Nakivubo Blue Primary School,2026-08-01 20:00:00+00:00,25.57010529761905,Moderate
airqo_g5375,Nakivubo Blue Primary School,2026-08-01 21:00:00+00:00,28.866068365384614,Moderate
airqo_g5375,Nakivubo Blue Primary School,2026-08-01 22:00:00+00:00,28.679391678876677,Moderate
airqo_g5375,Nakivubo Blue Primary School,2026-08-01 23:00:00+00:00,20.738157499999986,Moderate
airqo_g5433,Buziga Islamic,2026-08-01 00:00:00+00:00,17.472294305555554,Moderate
airqo_g5433,Buziga Islamic,2026-08-01 01:00:00+00:00,20.556209920634927,Moderate
airqo_g5433,Buziga Islamic,2026-08-01 02:00:00+00:00,14.851336805555562,Moderate
airqo_g5433,Buziga Islamic,2026-08-01 03:00:00+00:00,23.29123527777778,Moderate
airqo_g5433,Buziga Islamic,2026-08-01 04:00:00+00:00,12.133698154761905,Moderate
airqo_g5433,Buziga Islamic,2026-08-01 05:00:00+00:00,46.127000952380946,Unhealthy for Sensitive Groups
airqo_g5433,Buziga Islamic,2026-08-01 06:00:00+00:00,15.075543849206351,Moderate
airqo_g5433,Buziga Islamic,2026-08-01 07:00:00+00:00,23.753714523809528,Moderate
airqo_g5433,Buziga Islamic,2026-08-01 08:00:00+00:00,19.528443908730154,Moderate
airqo_g5433,Buziga Islamic,2026-08-01 09:00:00+00:00,10.642675039682544,Moderate
airqo_g5433,Buziga Islamic,2026-08-01 10:00:00+00:00,39.58629740079365,Unhealthy for Sensitive Groups
airqo_g5433,Buziga Islamic,2026-08-01 11:00:00+00:00,10.072917619047622,Moderate
airqo_g5433,Buziga Islamic,2026-08-01 12:00:00+00:00,9.518992619047637,Moderate
airqo_g5433,Buziga Islamic,2026-08-01 13:00:00+00:00,14.841681693722958,Moderate
airqo_g5433,Buziga Islamic,2026-08-01 14:00:00+00:00,14.991115059523818,Moderate
airqo_g5433,Buziga Islamic,2026-08-01 15:00:00+00:00,10.624665416666662,Moderate
airqo_g5433,Buziga Islamic,2026-08-01 16:00:00+00:00,40.733140654761904,Unhealthy for Sensitive Groups
airqo_g5433,Buziga Islamic,2026-08-01 17:00:00+00:00,16.124453194444456,Moderate
airqo_g5433,Buziga Islamic,2026-08-01 18:00:00+00:00,17.063167916666675,Moderate
airqo_g5433,Buziga Islamic,2026-08-01 19:00:00+00:00,13.492395317460332,Moderate
airqo_g5433,Buziga Islamic,2026-08-01 20:00:00+00:00,12.048470238095245,Moderate
airqo_g5433,Buziga Islamic,2026-08-01 21:00:00+00:00,19.40822392857143,Moderate
airqo_g5433,Buziga Islamic,2026-08-01 22:00:00+00:00,16.227485178571424,Moderate
airqo_g5433,Buziga Islamic,2026-08-01 23:00:00+00:00,25.780214047619047,Moderate
airqo_g5437,Rwebikona,2026-08-01 00:00:00+00:00,37.41510619047619,Unhealthy for Sensitive Groups
airqo_g5437,Rwebikona,2026-08-01 01:00:00+00:00,37.920691011904765,Unhealthy for Sensitive Groups
airqo_g5437,Rwebikona,2026-08-01 02:00:00+00:00,38.50831196428571,Unhealthy for Sensitive Groups
airqo_g5437,Rwebikona,2026-08-01 03:00:00+00:00,48.30250331349205,Unhealthy for Sensitive Groups
airqo_g5437,Rwebikona,2026-08-01 04:00:00+00:00,18.990617261904752,Moderate
airqo_g5437,Rwebikona,2026-08-01 05:00:00+00:00,22.186502003968258,Moderate
airqo_g5437,Rwebikona,2026-08-01 06:00:00+00:00,64.97935557539684,Unhealthy
airqo_g5437,Rwebikona,2026-08-01 07:00:00+00:00,45.580716428571435,Unhealthy for Sensitive Groups
airqo_g5437,Rwebikona,2026-08-01 08:00:00+00:00,25.411252738095243,Moderate
airqo_g5437,Rwebikona,2026-08-01 09:00:00+00:00,37.43865952380952,Unhealthy for Sensitive Groups
airqo_g5437,Rwebikona,2026-08-01 10:00:00+00:00,18.308921309523804,Moderate
airqo_g5437,Rwebikona,2026-08-01 11:00:00+00:00,31.563892698412698,Moderate
airqo_g5437,Rwebikona,2026-08-01 12:00:00+00:00,14.74020476190476,Moderate
airqo_g5437,Rwebikona,2026-08-01 13:00:00+00:00,15.709610634920633,Moderate
airqo_g5437,Rwebikona,2026-08-01 14:00:00+00:00,16.259585238095244,Moderate
airqo_g5437,Rwebikona,2026-08-01 15:00:00+00:00,16.00794672619046,Moderate
airqo_g5437,Rwebikona,2026-08-01 16:00:00+00:00,20.4015211904762,Moderate
airqo_g5437,Rwebikona,2026-08-01 17:00:00+00:00,23.79563418650794,Moderate
airqo_g5437,Rwebikona,2026-08-01 18:00:00+00:00,49.62844970238095,Unhealthy for Sensitive Groups
airqo_g5437,Rwebikona,2026-08-01 19:00:00+00:00,51.809865714285706,Unhealthy for Sensitive Groups
airqo_g5437,Rwebikona,2026-08-01 20:00:00+00:00,65.02607285714285,Unhealthy
airqo_g5437,Rwebikona,2026-08-01 21:00:00+00:00,55.22142119047619,Unhealthy for Sensitive Groups
airqo_g5437,Rwebikona,2026-08-01 22:00:00+00:00,31.25769982142857,Moderate
airqo_g5437,Rwebikona,2026-08-01 23:00:00+00:00,34.55102075396825,Moderate
airqo_g5438,"St.Ponsiano primary school, makindye",2026-08-01 00:00:00+00:00,13.58972359126983,Moderate
airqo_g5438,"St.Ponsiano primary school, makindye",2026-08-01 01:00:00+00:00,28.317085932539683,Moderate
airqo_g5438,"St.Ponsiano primary school, makindye",2026-08-01 02:00:00+00:00,36.93491458333334,Unhealthy for Sensitive Groups
airqo_g5438,"St.Ponsiano primary school, makindye",2026-08-01 03:00:00+00:00,43.44019047619048,Unhealthy for Sensitive Groups
airqo_g5438,"St.Ponsiano primary school, makindye",2026-08-01 04:00:00+00:00,61.01252787698414,Unhealthy
airqo_g5438,"St.Ponsiano primary school, makindye",2026-08-01 05:00:00+00:00,51.77457,Unhealthy for Sensitive Groups
airqo_g5438,"St.Ponsiano primary school, makindye",2026-08-01 06:00:00+00:00,25.023881269841272,Moderate
airqo_g5438,"St.Ponsiano primary school, makindye",2026-08-01 07:00:00+00:00,13.666687698412698,Moderate
airqo_g5438,"St.Ponsiano primary school, makindye",2026-08-01 08:00:00+00:00,14.464108313492062,Moderate
airqo_g5438,"St.Ponsiano primary school, makindye",2026-08-01 09:00:00+00:00,11.100147480158736,Moderate
airqo_g5438,"St.Ponsiano primary school, makindye",2026-08-01 10:00:00+00:00,26.58706380952381,Moderate
airqo_g5438,"St.Ponsiano primary school, makindye",2026-08-01 11:00:00+00:00,32.87713712301587,Moderate
airqo_g5438,"St.Ponsiano primary school, makindye",2026-08-01 12:00:00+00:00,14.874656269841257,Moderate
airqo_g5438,"St.Ponsiano primary school, makindye",2026-08-01 13:00:00+00:00,14.999905972222216,Moderate
airqo_g5438,"St.Ponsiano primary school, makindye",2026-08-01 14:00:00+00:00,13.847763578643576,Moderate
airqo_g5438,"St.Ponsiano primary school, makindye",2026-08-01 15:00:00+00:00,9.592172103174608,Moderate
airqo_g5438,"St.Ponsiano primary school, makindye",2026-08-01 16:00:00+00:00,12.99720277777778,Moderate
airqo_g5438,"St.Ponsiano primary school, makindye",2026-08-01 17:00:00+00:00,16.097181309523823,Moderate
airqo_g5438,"St.Ponsiano primary school, makindye",2026-08-01 18:00:00+00:00,16.38805767857143,Moderate
airqo_g5438,"St.Ponsiano primary school, makindye",2026-08-01 19:00:00+00:00,16.40506187770563,Moderate
airqo_g5438,"St.Ponsiano primary school, makindye",2026-08-01 20:00:00+00:00,15.773231527777792,Moderate
airqo_g5438,"St.Ponsiano primary school, makindye",2026-08-01 21:00:00+00:00,12.611048690476203,Moderate
airqo_g5438,"St.Ponsiano primary school, makindye",2026-08-01 22:00:00+00:00,14.543219305555557,Moderate
airqo_g5438,"St.Ponsiano primary school, makindye",2026-08-01 23:00:00+00:00,15.204120773809521,Moderate
airqo_g5446,Kitintale_Ntensibe,2026-08-01 00:00:00+00:00,15.507060476190468,Moderate
airqo_g5446,Kitintale_Ntensibe,2026-08-01 01:00:00+00:00,14.376047380952372,Moderate
airqo_g5446,Kitintale_Ntensibe,2026-08-01 02:00:00+00:00,14.731782261904748,Moderate
airqo_g5446,Kitintale_Ntensibe,2026-08-01 03:00:00+00:00,14.275676130952373,Moderate
airqo_g5446,Kitintale_Ntensibe,2026-08-01 04:00:00+00:00,14.911241289682547,Moderate
airqo_g5446,Kitintale_Ntensibe,2026-08-01 05:00:00+00:00,34.59531777777778,Moderate
airqo_g5446,Kitintale_Ntensibe,2026-08-01 06:00:00+00:00,22.38492535714286,Moderate
airqo_g5446,Kitintale_Ntensibe,2026-08-01 07:00:00+00:00,17.019396785714292,Moderate
airqo_g5446,Kitintale_Ntensibe,2026-08-01 08:00:00+00:00,19.97426410714285,Moderate
airqo_g5446,Kitintale_Ntensibe,2026-08-01 09:00:00+00:00,43.827260476190474,Unhealthy for Sensitive Groups
airqo_g5446,Kitintale_Ntensibe,2026-08-01 10:00:00+00:00,56.68455694444444,Unhealthy
airqo_g5446,Kitintale_Ntensibe,2026-08-01 11:00:00+00:00,19.302111785714278,Moderate
airqo_g5446,Kitintale_Ntensibe,2026-08-01 12:00:00+00:00,18.11805526695525,Moderate
airqo_g5446,Kitintale_Ntensibe,2026-08-01 13:00:00+00:00,24.565145238095237,Moderate
airqo_g5446,Kitintale_Ntensibe,2026-08-01 14:00:00+00:00,23.542839047619047,Moderate
airqo_g5446,Kitintale_Ntensibe,2026-08-01 15:00:00+00:00,29.44448464285714,Moderate
airqo_g5446,Kitintale_Ntensibe,2026-08-01 16:00:00+00:00,43.75776464646465,Unhealthy for Sensitive Groups
airqo_g5446,Kitintale_Ntensibe,2026-08-01 17:00:00+00:00,57.603738690476185,Unhealthy
airqo_g5446,Kitintale_Ntensibe,2026-08-01 18:00:00+00:00,63.15620755952379,Unhealthy
airqo_g5446,Kitintale_Ntensibe,2026-08-01 19:00:00+00:00,53.624924523809526,Unhealthy for Sensitive Groups
airqo_g5446,Kitintale_Ntensibe,2026-08-01 20:00:00+00:00,63.99857124999999,Unhealthy
airqo_g5446,Kitintale_Ntensibe,2026-08-01 21:00:00+00:00,44.982124642857144,Unhealthy for Sensitive Groups
airqo_g5446,Kitintale_Ntensibe,2026-08-01 22:00:00+00:00,29.587695515873015,Moderate
airqo_g5446,Kitintale_Ntensibe,2026-08-01 23:00:00+00:00,19.449035238095238,Moderate
airqo_g5448,Mbarara Central Market,2026-08-01 00:00:00+00:00,32.29235968253968,Moderate
airqo_g5448,Mbarara Central Market,2026-08-01 01:00:00+00:00,28.97316222222222,Moderate
airqo_g5448,Mbarara Central Market,2026-08-01 02:00:00+00:00,38.71098787698413,Unhealthy for Sensitive Groups
airqo_g5448,Mbarara Central Market,2026-08-01 03:00:00+00:00,59.23159220238096,Unhealthy
airqo_g5448,Mbarara Central Market,2026-08-01 04:00:00+00:00,60.76357198412698,Unhealthy
airqo_g5448,Mbarara Central Market,2026-08-01 05:00:00+00:00,54.911569166666666,Unhealthy for Sensitive Groups
airqo_g5448,Mbarara Central Market,2026-08-01 06:00:00+00:00,49.842993035714294,Unhealthy for Sensitive Groups
airqo_g5448,Mbarara Central Market,2026-08-01 07:00:00+00:00,39.87520333333334,Unhealthy for Sensitive Groups
airqo_g5448,Mbarara Central Market,2026-08-01 08:00:00+00:00,23.27581420634921,Moderate
airqo_g5448,Mbarara Central Market,2026-08-01 09:00:00+00:00,25.599117301587306,Moderate
airqo_g5448,Mbarara Central Market,2026-08-01 10:00:00+00:00,24.54547115079365,Moderate
airqo_g5448,Mbarara Central Market,2026-08-01 11:00:00+00:00,19.01898714285714,Moderate
airqo_g5448,Mbarara Central Market,2026-08-01 12:00:00+00:00,17.557844783549797,Moderate
airqo_g5448,Mbarara Central Market,2026-08-01 13:00:00+00:00,16.904296291486293,Moderate
airqo_g5448,Mbarara Central Market,2026-08-01 14:00:00+00:00,21.148029702380963,Moderate
airqo_g5448,Mbarara Central Market,2026-08-01 15:00:00+00:00,21.597867500000003,Moderate
airqo_g5448,Mbarara Central Market,2026-08-01 16:00:00+00:00,53.97194613095238,Unhealthy for Sensitive Groups
airqo_g5448,Mbarara Central Market,2026-08-01 17:00:00+00:00,53.6289388095238,Unhealthy for Sensitive Groups
airqo_g5448,Mbarara Central Market,2026-08-01 18:00:00+00:00,58.10121541666666,Unhealthy
airqo_g5448,Mbarara Central Market,2026-08-01 19:00:00+00:00,54.12888912698412,Unhealthy for Sensitive Groups
airqo_g5448,Mbarara Central Market,2026-08-01 20:00:00+00:00,55.551603115079374,Unhealthy
airqo_g5448,Mbarara Central Market,2026-08-01 21:00:00+00:00,57.73018886904764,Unhealthy
airqo_g5448,Mbarara Central Market,2026-08-01 22:00:00+00:00,57.599311845238105,Unhealthy
airqo_g5448,Mbarara Central Market,2026-08-01 23:00:00+00:00,39.89682781746032,Unhealthy for Sensitive Groups
airqo_g5455,Nyamityobora,2026-08-01 00:00:00+00:00,13.212140059523815,Moderate
airqo_g5455,Nyamityobora,2026-08-01 01:00:00+00:00,12.431474424603163,Moderate
airqo_g5455,Nyamityobora,2026-08-01 02:00:00+00:00,15.208723333333335,Moderate
airqo_g5455,Nyamityobora,2026-08-01 03:00:00+00:00,17.898068611111118,Moderate
airqo_g5455,Nyamityobora,2026-08-01 04:00:00+00:00,88.4369488888889,Unhealthy
airqo_g5455,Nyamityobora,2026-08-01 05:00:00+00:00,119.04865833333326,Unhealthy
airqo_g5455,Nyamityobora,2026-08-01 06:00:00+00:00,18.95261611111111,Moderate
airqo_g5455,Nyamityobora,2026-08-01 07:00:00+00:00,15.971293219696971,Moderate
airqo_g5455,Nyamityobora,2026-08-01 08:00:00+00:00,12.766694047619044,Moderate
airqo_g5455,Nyamityobora,2026-08-01 09:00:00+00:00,9.390801746031752,Moderate
airqo_g5455,Nyamityobora,2026-08-01 10:00:00+00:00,8.930266567460325,Good
airqo_g5455,Nyamityobora,2026-08-01 11:00:00+00:00,8.877789107142878,Good
airqo_g5455,Nyamityobora,2026-08-01 12:00:00+00:00,8.8127324404762,Good
airqo_g5455,Nyamityobora,2026-08-01 13:00:00+00:00,9.418715654761915,Moderate
airqo_g5455,Nyamityobora,2026-08-01 14:00:00+00:00,8.911183690476204,Good
airqo_g5455,Nyamityobora,2026-08-01 15:00:00+00:00,9.230127341269846,Moderate
airqo_g5455,Nyamityobora,2026-08-01 16:00:00+00:00,9.219856706349209,Moderate
airqo_g5455,Nyamityobora,2026-08-01 17:00:00+00:00,10.153027361111128,Moderate
airqo_g5455,Nyamityobora,2026-08-01 18:00:00+00:00,14.276783373015878,Moderate
airqo_g5455,Nyamityobora,2026-08-01 19:00:00+00:00,14.774475376984121,Moderate
airqo_g5455,Nyamityobora,2026-08-01 20:00:00+00:00,12.198686547619062,Moderate
airqo_g5455,Nyamityobora,2026-08-01 21:00:00+00:00,10.23644011904761,Moderate
airqo_g5455,Nyamityobora,2026-08-01 22:00:00+00:00,10.136397976190473,Moderate
airqo_g5455,Nyamityobora,2026-08-01 23:00:00+00:00,9.824647678571434,Moderate
airqo_g5463,Kenkombe,2026-08-01 00:00:00+00:00,12.809814246031742,Moderate
airqo_g5463,Kenkombe,2026-08-01 01:00:00+00:00,11.426504999999995,Moderate
airqo_g5463,Kenkombe,2026-08-01 02:00:00+00:00,12.713905753968252,Moderate
airqo_g5463,Kenkombe,2026-08-01 03:00:00+00:00,11.487992500000011,Moderate
airqo_g5463,Kenkombe,2026-08-01 04:00:00+00:00,15.283797341269839,Moderate
airqo_g5463,Kenkombe,2026-08-01 05:00:00+00:00,20.123118095238095,Moderate
airqo_g5463,Kenkombe,2026-08-01 06:00:00+00:00,19.228601369047617,Moderate
airqo_g5463,Kenkombe,2026-08-01 07:00:00+00:00,15.69617359126985,Moderate
airqo_g5463,Kenkombe,2026-08-01 08:00:00+00:00,11.642210496031758,Moderate
airqo_g5463,Kenkombe,2026-08-01 09:00:00+00:00,15.938528452380964,Moderate
airqo_g5463,Kenkombe,2026-08-01 10:00:00+00:00,10.944722043650785,Moderate
airqo_g5463,Kenkombe,2026-08-01 11:00:00+00:00,10.1938749404762,Moderate
airqo_g5463,Kenkombe,2026-08-01 12:00:00+00:00,8.825867916666663,Good
airqo_g5463,Kenkombe,2026-08-01 13:00:00+00:00,10.164760257936504,Moderate
airqo_g5463,Kenkombe,2026-08-01 14:00:00+00:00,11.299658571428566,Moderate
airqo_g5463,Kenkombe,2026-08-01 15:00:00+00:00,15.1519230952381,Moderate
airqo_g5463,Kenkombe,2026-08-01 16:00:00+00:00,16.62133761904762,Moderate
airqo_g5463,Kenkombe,2026-08-01 17:00:00+00:00,20.651972916666672,Moderate
airqo_g5463,Kenkombe,2026-08-01 18:00:00+00:00,24.70972650793651,Moderate
airqo_g5463,Kenkombe,2026-08-01 19:00:00+00:00,16.266065972222215,Moderate
airqo_g5463,Kenkombe,2026-08-01 20:00:00+00:00,25.837653333333336,Moderate
airqo_g5463,Kenkombe,2026-08-01 21:00:00+00:00,21.37175970238095,Moderate
airqo_g5463,Kenkombe,2026-08-01 22:00:00+00:00,21.94425797619047,Moderate
airqo_g5463,Kenkombe,2026-08-01 23:00:00+00:00,22.51830452380952,Moderate
airqo_g5477,Katukuru,2026-08-01 00:00:00+00:00,21.175393492063492,Moderate
airqo_g5477,Katukuru,2026-08-01 01:00:00+00:00,23.617805535714282,Moderate
airqo_g5477,Katukuru,2026-08-01 02:00:00+00:00,24.54387714285714,Moderate
airqo_g5477,Katukuru,2026-08-01 03:00:00+00:00,26.239069821428572,Moderate
airqo_g5477,Katukuru,2026-08-01 04:00:00+00:00,44.55740517857142,Unhealthy for Sensitive Groups
airqo_g5477,Katukuru,2026-08-01 05:00:00+00:00,45.33577404761904,Unhealthy for Sensitive Groups
airqo_g5477,Katukuru,2026-08-01 06:00:00+00:00,25.27343493284493,Moderate
airqo_g5477,Katukuru,2026-08-01 07:00:00+00:00,18.534382440476193,Moderate
airqo_g5477,Katukuru,2026-08-01 08:00:00+00:00,22.72374676587301,Moderate
airqo_g5477,Katukuru,2026-08-01 09:00:00+00:00,17.71568035714286,Moderate
airqo_g5477,Katukuru,2026-08-01 10:00:00+00:00,17.307843414502152,Moderate
airqo_g5477,Katukuru,2026-08-01 11:00:00+00:00,16.19207938492063,Moderate
airqo_g5477,Katukuru,2026-08-01 12:00:00+00:00,15.756480277777765,Moderate
airqo_g5477,Katukuru,2026-08-01 13:00:00+00:00,15.656734980158731,Moderate
airqo_g5477,Katukuru,2026-08-01 14:00:00+00:00,14.424373154761902,Moderate
airqo_g5477,Katukuru,2026-08-01 15:00:00+00:00,19.300833412698417,Moderate
airqo_g5477,Katukuru,2026-08-01 16:00:00+00:00,27.921274880952375,Moderate
airqo_g5477,Katukuru,2026-08-01 17:00:00+00:00,60.961798749999986,Unhealthy
airqo_g5477,Katukuru,2026-08-01 18:00:00+00:00,32.30206069444444,Moderate
airqo_g5477,Katukuru,2026-08-01 19:00:00+00:00,40.89768373015873,Unhealthy for Sensitive Groups
airqo_g5477,Katukuru,2026-08-01 20:00:00+00:00,33.29923123015873,Moderate
airqo_g5477,Katukuru,2026-08-01 21:00:00+00:00,19.525820138888896,Moderate
airqo_g5477,Katukuru,2026-08-01 22:00:00+00:00,23.64991363095237,Moderate
airqo_g5477,Katukuru,2026-08-01 23:00:00+00:00,24.020672678571422,Moderate
airqo_g5481,Ruti Mbarara,2026-08-01 00:00:00+00:00,32.0661123015873,Moderate
airqo_g5481,Ruti Mbarara,2026-08-01 01:00:00+00:00,30.51653238095238,Moderate
airqo_g5481,Ruti Mbarara,2026-08-01 02:00:00+00:00,15.576677519841262,Moderate
airqo_g5481,Ruti Mbarara,2026-08-01 03:00:00+00:00,25.60361279761905,Moderate
airqo_g5481,Ruti Mbarara,2026-08-01 04:00:00+00:00,18.034899126984133,Moderate
airqo_g5481,Ruti Mbarara,2026-08-01 05:00:00+00:00,23.164821726190475,Moderate
airqo_g5481,Ruti Mbarara,2026-08-01 06:00:00+00:00,16.69038390873015,Moderate
airqo_g5481,Ruti Mbarara,2026-08-01 07:00:00+00:00,18.787681904761904,Moderate
airqo_g5481,Ruti Mbarara,2026-08-01 08:00:00+00:00,18.78443446428571,Moderate
airqo_g5481,Ruti Mbarara,2026-08-01 09:00:00+00:00,17.112087222222222,Moderate
airqo_g5481,Ruti Mbarara,2026-08-01 10:00:00+00:00,16.01573956349206,Moderate
airqo_g5481,Ruti Mbarara,2026-08-01 11:00:00+00:00,15.866273789682523,Moderate
airqo_g5481,Ruti Mbarara,2026-08-01 12:00:00+00:00,15.521270297619047,Moderate
airqo_g5481,Ruti Mbarara,2026-08-01 13:00:00+00:00,14.751208095238084,Moderate
airqo_g5481,Ruti Mbarara,2026-08-01 14:00:00+00:00,15.617706428571434,Moderate
airqo_g5481,Ruti Mbarara,2026-08-01 15:00:00+00:00,33.21652119047619,Moderate
airqo_g5481,Ruti Mbarara,2026-08-01 16:00:00+00:00,27.98895023809524,Moderate
airqo_g5481,Ruti Mbarara,2026-08-01 17:00:00+00:00,23.537560178571425,Moderate
airqo_g5481,Ruti Mbarara,2026-08-01 18:00:00+00:00,21.046871071428576,Moderate
airqo_g5481,Ruti Mbarara,2026-08-01 19:00:00+00:00,22.205248751803754,Moderate
airqo_g5481,Ruti Mbarara,2026-08-01 20:00:00+00:00,30.007103630952383,Moderate
airqo_g5481,Ruti Mbarara,2026-08-01 21:00:00+00:00,29.18566603174603,Moderate
airqo_g5481,Ruti Mbarara,2026-08-01 22:00:00+00:00,25.441630833333335,Moderate
airqo_g5481,Ruti Mbarara,2026-08-01 23:00:00+00:00,20.766886428571425,Moderate
airqo_g5499,Nyabuhama,2026-08-01 00:00:00+00:00,15.689263809523815,Moderate
airqo_g5499,Nyabuhama,2026-08-01 01:00:00+00:00,15.14358025793651,Moderate
airqo_g5499,Nyabuhama,2026-08-01 02:00:00+00:00,14.759804007936495,Moderate
airqo_g5499,Nyabuhama,2026-08-01 03:00:00+00:00,21.496470773809527,Moderate
airqo_g5499,Nyabuhama,2026-08-01 04:00:00+00:00,19.17990998015872,Moderate
airqo_g5499,Nyabuhama,2026-08-01 05:00:00+00:00,22.86910613095238,Moderate
airqo_g5499,Nyabuhama,2026-08-01 06:00:00+00:00,19.925576697330442,Moderate
airqo_g5499,Nyabuhama,2026-08-01 07:00:00+00:00,14.328791488095241,Moderate
airqo_g5499,Nyabuhama,2026-08-01 08:00:00+00:00,15.679773457792212,Moderate
airqo_g5499,Nyabuhama,2026-08-01 09:00:00+00:00,14.915415833333334,Moderate
airqo_g5499,Nyabuhama,2026-08-01 10:00:00+00:00,15.856346011904758,Moderate
airqo_g5499,Nyabuhama,2026-08-01 11:00:00+00:00,16.006860535714296,Moderate
airqo_g5499,Nyabuhama,2026-08-01 12:00:00+00:00,15.79275214285715,Moderate
airqo_g5499,Nyabuhama,2026-08-01 13:00:00+00:00,12.37326906746032,Moderate
airqo_g5499,Nyabuhama,2026-08-01 14:00:00+00:00,16.565952757936508,Moderate
airqo_g5499,Nyabuhama,2026-08-01 15:00:00+00:00,14.1681855952381,Moderate
airqo_g5499,Nyabuhama,2026-08-01 16:00:00+00:00,15.53913631493505,Moderate
airqo_g5499,Nyabuhama,2026-08-01 17:00:00+00:00,20.472102658730158,Moderate
airqo_g5499,Nyabuhama,2026-08-01 18:00:00+00:00,20.426764801587296,Moderate
airqo_g5499,Nyabuhama,2026-08-01 19:00:00+00:00,29.15473628968254,Moderate
airqo_g5499,Nyabuhama,2026-08-01 20:00:00+00:00,13.258627182539673,Moderate
airqo_g5499,Nyabuhama,2026-08-01 21:00:00+00:00,13.479256230158725,Moderate
airqo_g5499,Nyabuhama,2026-08-01 22:00:00+00:00,12.686220753968257,Moderate
airqo_g5499,Nyabuhama,2026-08-01 23:00:00+00:00,14.332588650793646,Moderate
airqo_g5513,KCCA Central division HQ,2026-08-01 00:00:00+00:00,14.56835351190476,Moderate
airqo_g5513,KCCA Central division HQ,2026-08-01 01:00:00+00:00,16.18196406746032,Moderate
airqo_g5513,KCCA Central division HQ,2026-08-01 02:00:00+00:00,25.600886706349215,Moderate
airqo_g5513,KCCA Central division HQ,2026-08-01 03:00:00+00:00,26.320451964285716,Moderate
airqo_g5513,KCCA Central division HQ,2026-08-01 04:00:00+00:00,13.877608690476194,Moderate
airqo_g5513,KCCA Central division HQ,2026-08-01 05:00:00+00:00,19.93076940476191,Moderate
airqo_g5513,KCCA Central division HQ,2026-08-01 06:00:00+00:00,18.700800456349207,Moderate
airqo_g5513,KCCA Central division HQ,2026-08-01 07:00:00+00:00,21.67875674603174,Moderate
airqo_g5513,KCCA Central division HQ,2026-08-01 08:00:00+00:00,27.779549680735933,Moderate
airqo_g5513,KCCA Central division HQ,2026-08-01 09:00:00+00:00,30.67739690476191,Moderate
airqo_g5513,KCCA Central division HQ,2026-08-01 10:00:00+00:00,13.486747797619053,Moderate
airqo_g5513,KCCA Central division HQ,2026-08-01 11:00:00+00:00,13.943980497835508,Moderate
airqo_g5513,KCCA Central division HQ,2026-08-01 12:00:00+00:00,11.854554226190462,Moderate
airqo_g5513,KCCA Central division HQ,2026-08-01 13:00:00+00:00,11.379871845238092,Moderate
airqo_g5513,KCCA Central division HQ,2026-08-01 14:00:00+00:00,11.848411011904762,Moderate
airqo_g5513,KCCA Central division HQ,2026-08-01 15:00:00+00:00,13.0360911904762,Moderate
airqo_g5513,KCCA Central division HQ,2026-08-01 16:00:00+00:00,16.558260178571444,Moderate
airqo_g5513,KCCA Central division HQ,2026-08-01 17:00:00+00:00,20.104805178571432,Moderate
airqo_g5513,KCCA Central division HQ,2026-08-01 18:00:00+00:00,17.18188797619049,Moderate
airqo_g5513,KCCA Central division HQ,2026-08-01 19:00:00+00:00,21.561424523809528,Moderate
airqo_g5513,KCCA Central division HQ,2026-08-01 20:00:00+00:00,18.15608916666668,Moderate
airqo_g5513,KCCA Central division HQ,2026-08-01 21:00:00+00:00,27.328772083333334,Moderate
airqo_g5513,KCCA Central division HQ,2026-08-01 22:00:00+00:00,17.239579166666665,Moderate
airqo_g5513,KCCA Central division HQ,2026-08-01 23:00:00+00:00,12.351090952380947,Moderate
airqo_g5518,Golf Course Kampala. Site 1. Training Area,2026-08-01 00:00:00+00:00,37.24663005952381,Unhealthy for Sensitive Groups
airqo_g5518,Golf Course Kampala. Site 1. Training Area,2026-08-01 01:00:00+00:00,15.90778984126985,Moderate
airqo_g5518,Golf Course Kampala. Site 1. Training Area,2026-08-01 02:00:00+00:00,16.004186785714285,Moderate
airqo_g5518,Golf Course Kampala. Site 1. Training Area,2026-08-01 03:00:00+00:00,20.284395833333335,Moderate
airqo_g5518,Golf Course Kampala. Site 1. Training Area,2026-08-01 04:00:00+00:00,16.112592857142854,Moderate
airqo_g5518,Golf Course Kampala. Site 1. Training Area,2026-08-01 05:00:00+00:00,17.89513291666666,Moderate
airqo_g5518,Golf Course Kampala. Site 1. Training Area,2026-08-01 06:00:00+00:00,18.285580515873008,Moderate
airqo_g5518,Golf Course Kampala. Site 1. Training Area,2026-08-01 07:00:00+00:00,13.031457777777785,Moderate
airqo_g5518,Golf Course Kampala. Site 1. Training Area,2026-08-01 08:00:00+00:00,15.231608333333337,Moderate
airqo_g5518,Golf Course Kampala. Site 1. Training Area,2026-08-01 09:00:00+00:00,14.35910607142857,Moderate
airqo_g5518,Golf Course Kampala. Site 1. Training Area,2026-08-01 10:00:00+00:00,16.56505146825398,Moderate
airqo_g5518,Golf Course Kampala. Site 1. Training Area,2026-08-01 11:00:00+00:00,13.808747857142848,Moderate
airqo_g5518,Golf Course Kampala. Site 1. Training Area,2026-08-01 12:00:00+00:00,10.259416230158731,Moderate
airqo_g5518,Golf Course Kampala. Site 1. Training Area,2026-08-01 13:00:00+00:00,15.552828214285718,Moderate
airqo_g5518,Golf Course Kampala. Site 1. Training Area,2026-08-01 14:00:00+00:00,10.133078690476186,Moderate
airqo_g5518,Golf Course Kampala. Site 1. Training Area,2026-08-01 15:00:00+00:00,9.619518769841275,Moderate
airqo_g5518,Golf Course Kampala. Site 1. Training Area,2026-08-01 16:00:00+00:00,18.21263500000001,Moderate
airqo_g5518,Golf Course Kampala. Site 1. Training Area,2026-08-01 17:00:00+00:00,20.34318166666666,Moderate
airqo_g5518,Golf Course Kampala. Site 1. Training Area,2026-08-01 18:00:00+00:00,24.69402577380953,Moderate
airqo_g5518,Golf Course Kampala. Site 1. Training Area,2026-08-01 19:00:00+00:00,17.17629251984127,Moderate
airqo_g5518,Golf Course Kampala. Site 1. Training Area,2026-08-01 20:00:00+00:00,28.22546136141636,Moderate
airqo_g5518,Golf Course Kampala. Site 1. Training Area,2026-08-01 21:00:00+00:00,29.18387172619048,Moderate
airqo_g5518,Golf Course Kampala. Site 1. Training Area,2026-08-01 22:00:00+00:00,28.90983723443224,Moderate
airqo_g5518,Golf Course Kampala. Site 1. Training Area,2026-08-01 23:00:00+00:00,36.320004543650796,Unhealthy for Sensitive Groups
airqo_g5519,Nyamitanga,2026-08-01 00:00:00+00:00,14.69096273809524,Moderate
airqo_g5519,Nyamitanga,2026-08-01 01:00:00+00:00,15.882338253968246,Moderate
airqo_g5519,Nyamitanga,2026-08-01 02:00:00+00:00,17.997098055555554,Moderate
airqo_g5519,Nyamitanga,2026-08-01 03:00:00+00:00,47.52030450396826,Unhealthy for Sensitive Groups
airqo_g5519,Nyamitanga,2026-08-01 04:00:00+00:00,48.83445912698413,Unhealthy for Sensitive Groups
airqo_g5519,Nyamitanga,2026-08-01 05:00:00+00:00,22.648970892857136,Moderate
airqo_g5519,Nyamitanga,2026-08-01 06:00:00+00:00,17.769885555555557,Moderate
airqo_g5519,Nyamitanga,2026-08-01 07:00:00+00:00,15.42574755952382,Moderate
airqo_g5519,Nyamitanga,2026-08-01 08:00:00+00:00,10.730315753968252,Moderate
airqo_g5519,Nyamitanga,2026-08-01 09:00:00+00:00,11.661707817460307,Moderate
airqo_g5519,Nyamitanga,2026-08-01 10:00:00+00:00,16.11929488095238,Moderate
airqo_g5519,Nyamitanga,2026-08-01 11:00:00+00:00,15.52686386904762,Moderate
airqo_g5519,Nyamitanga,2026-08-01 12:00:00+00:00,14.625809603174602,Moderate
airqo_g5519,Nyamitanga,2026-08-01 13:00:00+00:00,14.488574426406924,Moderate
airqo_g5519,Nyamitanga,2026-08-01 14:00:00+00:00,14.583222996031736,Moderate
airqo_g5519,Nyamitanga,2026-08-01 15:00:00+00:00,29.349212023809525,Moderate
airqo_g5519,Nyamitanga,2026-08-01 16:00:00+00:00,31.6949664484127,Moderate
airqo_g5519,Nyamitanga,2026-08-01 17:00:00+00:00,29.27638630952381,Moderate
airqo_g5519,Nyamitanga,2026-08-01 18:00:00+00:00,17.589804642857143,Moderate
airqo_g5519,Nyamitanga,2026-08-01 19:00:00+00:00,22.621690932539686,Moderate
airqo_g5519,Nyamitanga,2026-08-01 20:00:00+00:00,18.23188055555556,Moderate
airqo_g5519,Nyamitanga,2026-08-01 21:00:00+00:00,15.925548888888894,Moderate
airqo_g5519,Nyamitanga,2026-08-01 22:00:00+00:00,15.430905515873018,Moderate
airqo_g5519,Nyamitanga,2026-08-01 23:00:00+00:00,15.002090119047619,Moderate
airqo_g5544,Katete,2026-08-01 00:00:00+00:00,24.275712023809525,Moderate
airqo_g5544,Katete,2026-08-01 01:00:00+00:00,37.293151408730154,Unhealthy for Sensitive Groups
airqo_g5544,Katete,2026-08-01 02:00:00+00:00,41.24094759920635,Unhealthy for Sensitive Groups
airqo_g5544,Katete,2026-08-01 03:00:00+00:00,71.72286444444444,Unhealthy
airqo_g5544,Katete,2026-08-01 04:00:00+00:00,83.79228898809524,Unhealthy
airqo_g5544,Katete,2026-08-01 05:00:00+00:00,47.84661577380952,Unhealthy for Sensitive Groups
airqo_g5544,Katete,2026-08-01 06:00:00+00:00,38.59650095238095,Unhealthy for Sensitive Groups
airqo_g5544,Katete,2026-08-01 07:00:00+00:00,21.2911046031746,Moderate
airqo_g5544,Katete,2026-08-01 08:00:00+00:00,16.7771164484127,Moderate
airqo_g5544,Katete,2026-08-01 09:00:00+00:00,16.973594642857144,Moderate
airqo_g5544,Katete,2026-08-01 10:00:00+00:00,15.685989702380944,Moderate
airqo_g5544,Katete,2026-08-01 11:00:00+00:00,14.90832021825397,Moderate
airqo_g5544,Katete,2026-08-01 12:00:00+00:00,15.790740535714281,Moderate
airqo_g5544,Katete,2026-08-01 13:00:00+00:00,15.455353134920639,Moderate
airqo_g5544,Katete,2026-08-01 14:00:00+00:00,14.994551904761892,Moderate
airqo_g5544,Katete,2026-08-01 15:00:00+00:00,23.359680357142864,Moderate
airqo_g5544,Katete,2026-08-01 16:00:00+00:00,23.192413293650795,Moderate
airqo_g5544,Katete,2026-08-01 17:00:00+00:00,22.255639285714285,Moderate
airqo_g5544,Katete,2026-08-01 18:00:00+00:00,66.19367869047619,Unhealthy
airqo_g5544,Katete,2026-08-01 19:00:00+00:00,36.684136646825394,Unhealthy for Sensitive Groups
airqo_g5544,Katete,2026-08-01 20:00:00+00:00,32.8988328968254,Moderate
airqo_g5544,Katete,2026-08-01 21:00:00+00:00,30.41118452380952,Moderate
airqo_g5544,Katete,2026-08-01 22:00:00+00:00,48.856651111111105,Unhealthy for Sensitive Groups
airqo_g5544,Katete,2026-08-01 23:00:00+00:00,50.04617825396826,Unhealthy for Sensitive Groups
airqo_g5545,Bishop Stuart University,2026-08-01 00:00:00+00:00,57.358005059523805,Unhealthy
airqo_g5545,Bishop Stuart University,2026-08-01 01:00:00+00:00,58.303044404761906,Unhealthy
airqo_g5545,Bishop Stuart University,2026-08-01 02:00:00+00:00,58.76543357142856,Unhealthy
airqo_g5545,Bishop Stuart University,2026-08-01 03:00:00+00:00,37.747740773809525,Unhealthy for Sensitive Groups
airqo_g5545,Bishop Stuart University,2026-08-01 04:00:00+00:00,57.26957547619047,Unhealthy
airqo_g5545,Bishop Stuart University,2026-08-01 05:00:00+00:00,52.89240089285714,Unhealthy for Sensitive Groups
airqo_g5545,Bishop Stuart University,2026-08-01 06:00:00+00:00,42.9969080952381,Unhealthy for Sensitive Groups
airqo_g5545,Bishop Stuart University,2026-08-01 07:00:00+00:00,27.910173313492074,Moderate
airqo_g5545,Bishop Stuart University,2026-08-01 08:00:00+00:00,19.099547440476186,Moderate
airqo_g5545,Bishop Stuart University,2026-08-01 09:00:00+00:00,20.787988650793647,Moderate
airqo_g5545,Bishop Stuart University,2026-08-01 10:00:00+00:00,17.35566853354979,Moderate
airqo_g5545,Bishop Stuart University,2026-08-01 11:00:00+00:00,17.594299922438676,Moderate
airqo_g5545,Bishop Stuart University,2026-08-01 12:00:00+00:00,18.075030238095245,Moderate
airqo_g5545,Bishop Stuart University,2026-08-01 13:00:00+00:00,16.30538623015872,Moderate
airqo_g5545,Bishop Stuart University,2026-08-01 14:00:00+00:00,16.40570974386725,Moderate
airqo_g5545,Bishop Stuart University,2026-08-01 15:00:00+00:00,17.35313944444446,Moderate
airqo_g5545,Bishop Stuart University,2026-08-01 16:00:00+00:00,19.64950652777779,Moderate
airqo_g5545,Bishop Stuart University,2026-08-01 17:00:00+00:00,23.386849404761907,Moderate
airqo_g5545,Bishop Stuart University,2026-08-01 18:00:00+00:00,53.55362079365079,Unhealthy for Sensitive Groups
airqo_g5545,Bishop Stuart University,2026-08-01 19:00:00+00:00,44.45879309343434,Unhealthy for Sensitive Groups
airqo_g5545,Bishop Stuart University,2026-08-01 20:00:00+00:00,42.07698992063492,Unhealthy for Sensitive Groups
airqo_g5545,Bishop Stuart University,2026-08-01 21:00:00+00:00,40.94130992063492,Unhealthy for Sensitive Groups
airqo_g5545,Bishop Stuart University,2026-08-01 22:00:00+00:00,49.90869232142856,Unhealthy for Sensitive Groups
airqo_g5545,Bishop Stuart University,2026-08-01 23:00:00+00:00,47.466735257936506,Unhealthy for Sensitive Groups
airqo_g5546,Kiteezi. Kampala,2026-08-01 00:00:00+00:00,16.913966369047625,Moderate
airqo_g5546,Kiteezi. Kampala,2026-08-01 01:00:00+00:00,39.72997505952381,Unhealthy for Sensitive Groups
airqo_g5546,Kiteezi. Kampala,2026-08-01 02:00:00+00:00,23.947734861111112,Moderate
airqo_g5546,Kiteezi. Kampala,2026-08-01 03:00:00+00:00,18.13804926587301,Moderate
airqo_g5546,Kiteezi. Kampala,2026-08-01 04:00:00+00:00,18.4175194047619,Moderate
airqo_g5546,Kiteezi. Kampala,2026-08-01 05:00:00+00:00,17.316562182539677,Moderate
airqo_g5546,Kiteezi. Kampala,2026-08-01 06:00:00+00:00,15.237061329365076,Moderate
airqo_g5546,Kiteezi. Kampala,2026-08-01 07:00:00+00:00,18.98759511904761,Moderate
airqo_g5546,Kiteezi. Kampala,2026-08-01 08:00:00+00:00,22.92198591269841,Moderate
airqo_g5546,Kiteezi. Kampala,2026-08-01 09:00:00+00:00,16.889083293650792,Moderate
airqo_g5546,Kiteezi. Kampala,2026-08-01 10:00:00+00:00,16.120261686507945,Moderate
airqo_g5546,Kiteezi. Kampala,2026-08-01 11:00:00+00:00,14.017121011904766,Moderate
airqo_g5546,Kiteezi. Kampala,2026-08-01 12:00:00+00:00,41.07994202380952,Unhealthy for Sensitive Groups
airqo_g5546,Kiteezi. Kampala,2026-08-01 13:00:00+00:00,13.95929660714286,Moderate
airqo_g5546,Kiteezi. Kampala,2026-08-01 14:00:00+00:00,16.170949900793648,Moderate
airqo_g5546,Kiteezi. Kampala,2026-08-01 15:00:00+00:00,18.50979666666667,Moderate
airqo_g5546,Kiteezi. Kampala,2026-08-01 16:00:00+00:00,68.94374482142857,Unhealthy
airqo_g5546,Kiteezi. Kampala,2026-08-01 17:00:00+00:00,48.243307678571426,Unhealthy for Sensitive Groups
airqo_g5546,Kiteezi. Kampala,2026-08-01 18:00:00+00:00,34.96734,Moderate
airqo_g5546,Kiteezi. Kampala,2026-08-01 19:00:00+00:00,33.12371724206349,Moderate
airqo_g5546,Kiteezi. Kampala,2026-08-01 20:00:00+00:00,24.819932857142852,Moderate
airqo_g5546,Kiteezi. Kampala,2026-08-01 21:00:00+00:00,33.589561686507935,Moderate
airqo_g5546,Kiteezi. Kampala,2026-08-01 22:00:00+00:00,18.900862976190474,Moderate
airqo_g5546,Kiteezi. Kampala,2026-08-01 23:00:00+00:00,13.273236785714264,Moderate
airqo_g5548,Mbuya_Nadiope,2026-08-01 00:00:00+00:00,14.030663412698416,Moderate
airqo_g5548,Mbuya_Nadiope,2026-08-01 01:00:00+00:00,12.229374821428575,Moderate
airqo_g5548,Mbuya_Nadiope,2026-08-01 02:00:00+00:00,16.307476170634917,Moderate
airqo_g5548,Mbuya_Nadiope,2026-08-01 03:00:00+00:00,18.367568730158727,Moderate
airqo_g5548,Mbuya_Nadiope,2026-08-01 04:00:00+00:00,15.886219940476188,Moderate
airqo_g5548,Mbuya_Nadiope,2026-08-01 05:00:00+00:00,18.365802361111108,Moderate
airqo_g5548,Mbuya_Nadiope,2026-08-01 06:00:00+00:00,13.70275035714285,Moderate
airqo_g5548,Mbuya_Nadiope,2026-08-01 07:00:00+00:00,13.131613253968265,Moderate
airqo_g5548,Mbuya_Nadiope,2026-08-01 08:00:00+00:00,14.415409940476184,Moderate
airqo_g5548,Mbuya_Nadiope,2026-08-01 09:00:00+00:00,13.848699285714275,Moderate
airqo_g5548,Mbuya_Nadiope,2026-08-01 10:00:00+00:00,13.77379333333333,Moderate
airqo_g5548,Mbuya_Nadiope,2026-08-01 11:00:00+00:00,15.639893214285728,Moderate
airqo_g5548,Mbuya_Nadiope,2026-08-01 12:00:00+00:00,10.306492281746024,Moderate
airqo_g5548,Mbuya_Nadiope,2026-08-01 13:00:00+00:00,12.214879007936513,Moderate
airqo_g5548,Mbuya_Nadiope,2026-08-01 14:00:00+00:00,13.079516284271286,Moderate
airqo_g5548,Mbuya_Nadiope,2026-08-01 15:00:00+00:00,16.56350764069264,Moderate
airqo_g5548,Mbuya_Nadiope,2026-08-01 16:00:00+00:00,19.370187976190476,Moderate
airqo_g5548,Mbuya_Nadiope,2026-08-01 17:00:00+00:00,28.437886904761907,Moderate
airqo_g5548,Mbuya_Nadiope,2026-08-01 18:00:00+00:00,35.846673333333335,Unhealthy for Sensitive Groups
airqo_g5548,Mbuya_Nadiope,2026-08-01 19:00:00+00:00,37.21446708333333,Unhealthy for Sensitive Groups
airqo_g5548,Mbuya_Nadiope,2026-08-01 20:00:00+00:00,27.690516626984127,Moderate
airqo_g5548,Mbuya_Nadiope,2026-08-01 21:00:00+00:00,21.76620904761905,Moderate
airqo_g5548,Mbuya_Nadiope,2026-08-01 22:00:00+00:00,22.244344166666664,Moderate
airqo_g5548,Mbuya_Nadiope,2026-08-01 23:00:00+00:00,16.66760676587301,Moderate
airqo_g5549,Munyonyo Site 1,2026-08-01 00:00:00+00:00,9.488258769841288,Moderate
airqo_g5549,Munyonyo Site 1,2026-08-01 01:00:00+00:00,33.77724986111111,Moderate
airqo_g5549,Munyonyo Site 1,2026-08-01 02:00:00+00:00,12.203473015873033,Moderate
airqo_g5549,Munyonyo Site 1,2026-08-01 03:00:00+00:00,12.967199960317458,Moderate
airqo_g5549,Munyonyo Site 1,2026-08-01 04:00:00+00:00,16.323657440476193,Moderate
airqo_g5549,Munyonyo Site 1,2026-08-01 05:00:00+00:00,28.563107063492062,Moderate
airqo_g5549,Munyonyo Site 1,2026-08-01 06:00:00+00:00,26.02095785714286,Moderate
airqo_g5549,Munyonyo Site 1,2026-08-01 07:00:00+00:00,15.575089126984125,Moderate
airqo_g5549,Munyonyo Site 1,2026-08-01 08:00:00+00:00,32.08761522907648,Moderate
airqo_g5549,Munyonyo Site 1,2026-08-01 09:00:00+00:00,11.684381369047642,Moderate
airqo_g5549,Munyonyo Site 1,2026-08-01 10:00:00+00:00,11.53642428571429,Moderate
airqo_g5549,Munyonyo Site 1,2026-08-01 11:00:00+00:00,13.771489404761898,Moderate
airqo_g5549,Munyonyo Site 1,2026-08-01 12:00:00+00:00,10.462576666666681,Moderate
airqo_g5549,Munyonyo Site 1,2026-08-01 13:00:00+00:00,8.782184503968281,Good
airqo_g5549,Munyonyo Site 1,2026-08-01 14:00:00+00:00,13.375984404761901,Moderate
airqo_g5549,Munyonyo Site 1,2026-08-01 15:00:00+00:00,15.830671964285717,Moderate
airqo_g5549,Munyonyo Site 1,2026-08-01 16:00:00+00:00,23.581099781746033,Moderate
airqo_g5549,Munyonyo Site 1,2026-08-01 17:00:00+00:00,18.02923309523811,Moderate
airqo_g5549,Munyonyo Site 1,2026-08-01 18:00:00+00:00,29.322030357142857,Moderate
airqo_g5549,Munyonyo Site 1,2026-08-01 19:00:00+00:00,25.18951345238095,Moderate
airqo_g5549,Munyonyo Site 1,2026-08-01 20:00:00+00:00,17.086942619047623,Moderate
airqo_g5549,Munyonyo Site 1,2026-08-01 21:00:00+00:00,24.630144821428566,Moderate
airqo_g5549,Munyonyo Site 1,2026-08-01 22:00:00+00:00,12.202500734126986,Moderate
airqo_g5549,Munyonyo Site 1,2026-08-01 23:00:00+00:00,12.386975257936516,Moderate
airqo_g5551,Golf course Kampala. Site 2. playing ground,2026-08-01 00:00:00+00:00,9.370199682539685,Moderate
airqo_g5551,Golf course Kampala. Site 2. playing ground,2026-08-01 01:00:00+00:00,22.567713273809524,Moderate
airqo_g5551,Golf course Kampala. Site 2. playing ground,2026-08-01 02:00:00+00:00,14.077090138888877,Moderate
airqo_g5551,Golf course Kampala. Site 2. playing ground,2026-08-01 03:00:00+00:00,12.692228948412694,Moderate
airqo_g5551,Golf course Kampala. Site 2. playing ground,2026-08-01 04:00:00+00:00,13.140383650793652,Moderate
airqo_g5551,Golf course Kampala. Site 2. playing ground,2026-08-01 05:00:00+00:00,54.26863345238095,Unhealthy for Sensitive Groups
airqo_g5551,Golf course Kampala. Site 2. playing ground,2026-08-01 06:00:00+00:00,39.381678809523805,Unhealthy for Sensitive Groups
airqo_g5551,Golf course Kampala. Site 2. playing ground,2026-08-01 07:00:00+00:00,18.561629305555552,Moderate
airqo_g5551,Golf course Kampala. Site 2. playing ground,2026-08-01 08:00:00+00:00,15.82615660714286,Moderate
airqo_g5551,Golf course Kampala. Site 2. playing ground,2026-08-01 09:00:00+00:00,15.683209047619052,Moderate
airqo_g5551,Golf course Kampala. Site 2. playing ground,2026-08-01 10:00:00+00:00,13.457889761904774,Moderate
airqo_g5551,Golf course Kampala. Site 2. playing ground,2026-08-01 11:00:00+00:00,29.537714166666667,Moderate
airqo_g5551,Golf course Kampala. Site 2. playing ground,2026-08-01 12:00:00+00:00,9.961714325396816,Moderate
airqo_g5551,Golf course Kampala. Site 2. playing ground,2026-08-01 13:00:00+00:00,13.235362202380955,Moderate
airqo_g5551,Golf course Kampala. Site 2. playing ground,2026-08-01 14:00:00+00:00,12.751578769841284,Moderate
airqo_g5551,Golf course Kampala. Site 2. playing ground,2026-08-01 15:00:00+00:00,13.763771666666663,Moderate
airqo_g5551,Golf course Kampala. Site 2. playing ground,2026-08-01 16:00:00+00:00,20.544216011904766,Moderate
airqo_g5551,Golf course Kampala. Site 2. playing ground,2026-08-01 17:00:00+00:00,25.18845267857143,Moderate
airqo_g5551,Golf course Kampala. Site 2. playing ground,2026-08-01 18:00:00+00:00,17.661609246031745,Moderate
airqo_g5551,Golf course Kampala. Site 2. playing ground,2026-08-01 19:00:00+00:00,27.921856845238093,Moderate
airqo_g5551,Golf course Kampala. Site 2. playing ground,2026-08-01 20:00:00+00:00,22.804792321428565,Moderate
airqo_g5551,Golf course Kampala. Site 2. playing ground,2026-08-01 21:00:00+00:00,20.10223392857143,Moderate
airqo_g5551,Golf course Kampala. Site 2. playing ground,2026-08-01 22:00:00+00:00,12.54224982142858,Moderate
airqo_g5551,Golf course Kampala. Site 2. playing ground,2026-08-01 23:00:00+00:00,10.082529980158725,Moderate
airqo_g5555,Munyonyo Site 2,2026-08-01 00:00:00+00:00,13.738678134920633,Moderate
airqo_g5555,Munyonyo Site 2,2026-08-01 01:00:00+00:00,12.651982499999988,Moderate
airqo_g5555,Munyonyo Site 2,2026-08-01 02:00:00+00:00,14.837006011904755,Moderate
airqo_g5555,Munyonyo Site 2,2026-08-01 03:00:00+00:00,15.545472440476193,Moderate
airqo_g5555,Munyonyo Site 2,2026-08-01 04:00:00+00:00,31.444230892857142,Moderate
airqo_g5555,Munyonyo Site 2,2026-08-01 05:00:00+00:00,11.186749047619053,Moderate
airqo_g5555,Munyonyo Site 2,2026-08-01 06:00:00+00:00,15.460447083333335,Moderate
airqo_g5555,Munyonyo Site 2,2026-08-01 07:00:00+00:00,14.517288928571428,Moderate
airqo_g5555,Munyonyo Site 2,2026-08-01 08:00:00+00:00,18.84180148809525,Moderate
airqo_g5555,Munyonyo Site 2,2026-08-01 09:00:00+00:00,18.102173015873017,Moderate
airqo_g5555,Munyonyo Site 2,2026-08-01 10:00:00+00:00,13.782238928571434,Moderate
airqo_g5555,Munyonyo Site 2,2026-08-01 11:00:00+00:00,14.186250952380938,Moderate
airqo_g5555,Munyonyo Site 2,2026-08-01 12:00:00+00:00,13.96040559523809,Moderate
airqo_g5555,Munyonyo Site 2,2026-08-01 13:00:00+00:00,10.788167162698421,Moderate
airqo_g5555,Munyonyo Site 2,2026-08-01 14:00:00+00:00,10.291364285714288,Moderate
airqo_g5555,Munyonyo Site 2,2026-08-01 15:00:00+00:00,13.649192341269831,Moderate
airqo_g5555,Munyonyo Site 2,2026-08-01 16:00:00+00:00,27.31096984126984,Moderate
airqo_g5555,Munyonyo Site 2,2026-08-01 17:00:00+00:00,35.07680706349206,Moderate
airqo_g5555,Munyonyo Site 2,2026-08-01 18:00:00+00:00,31.104499642857142,Moderate
airqo_g5555,Munyonyo Site 2,2026-08-01 19:00:00+00:00,24.56996418650793,Moderate
airqo_g5555,Munyonyo Site 2,2026-08-01 20:00:00+00:00,49.60842918650794,Unhealthy for Sensitive Groups
airqo_g5555,Munyonyo Site 2,2026-08-01 21:00:00+00:00,25.87625830586081,Moderate
airqo_g5555,Munyonyo Site 2,2026-08-01 22:00:00+00:00,13.805895238095228,Moderate
airqo_g5555,Munyonyo Site 2,2026-08-01 23:00:00+00:00,13.660929058441557,Moderate
airqo_g5558,Kyambogo University,2026-08-01 00:00:00+00:00,13.347137499999988,Moderate
airqo_g5558,Kyambogo University,2026-08-01 01:00:00+00:00,22.04737347222222,Moderate
airqo_g5558,Kyambogo University,2026-08-01 02:00:00+00:00,23.528171507936502,Moderate
airqo_g5558,Kyambogo University,2026-08-01 03:00:00+00:00,21.79011396825397,Moderate
airqo_g5558,Kyambogo University,2026-08-01 04:00:00+00:00,16.90954617063491,Moderate
airqo_g5558,Kyambogo University,2026-08-01 05:00:00+00:00,13.22232534632035,Moderate
airqo_g5558,Kyambogo University,2026-08-01 06:00:00+00:00,16.894243392857142,Moderate
airqo_g5558,Kyambogo University,2026-08-01 07:00:00+00:00,18.79702712301587,Moderate
airqo_g5558,Kyambogo University,2026-08-01 08:00:00+00:00,13.31420438492064,Moderate
airqo_g5558,Kyambogo University,2026-08-01 09:00:00+00:00,18.308166785714292,Moderate
airqo_g5558,Kyambogo University,2026-08-01 10:00:00+00:00,16.234297142857155,Moderate
airqo_g5558,Kyambogo University,2026-08-01 11:00:00+00:00,16.130298214285716,Moderate
airqo_g5558,Kyambogo University,2026-08-01 12:00:00+00:00,9.085615833333339,Moderate
airqo_g5558,Kyambogo University,2026-08-01 13:00:00+00:00,12.759990337301591,Moderate
airqo_g5558,Kyambogo University,2026-08-01 14:00:00+00:00,14.626054285714293,Moderate
airqo_g5558,Kyambogo University,2026-08-01 15:00:00+00:00,11.526786428571437,Moderate
airqo_g5558,Kyambogo University,2026-08-01 16:00:00+00:00,15.168115892857152,Moderate
airqo_g5558,Kyambogo University,2026-08-01 17:00:00+00:00,20.641763571428577,Moderate
airqo_g5558,Kyambogo University,2026-08-01 18:00:00+00:00,54.00231738095239,Unhealthy for Sensitive Groups
airqo_g5558,Kyambogo University,2026-08-01 19:00:00+00:00,67.6644411904762,Unhealthy
airqo_g5558,Kyambogo University,2026-08-01 20:00:00+00:00,27.881409742063497,Moderate
airqo_g5558,Kyambogo University,2026-08-01 21:00:00+00:00,14.920618115079368,Moderate
airqo_g5558,Kyambogo University,2026-08-01 22:00:00+00:00,10.60401640873015,Moderate
airqo_g5558,Kyambogo University,2026-08-01 23:00:00+00:00,10.422975158730154,Moderate
airqo_g5559,Kyarwabuganda,2026-08-01 00:00:00+00:00,72.67965916666665,Unhealthy
airqo_g5559,Kyarwabuganda,2026-08-01 01:00:00+00:00,71.52842813492066,Unhealthy
airqo_g5559,Kyarwabuganda,2026-08-01 02:00:00+00:00,66.44729958333333,Unhealthy
airqo_g5559,Kyarwabuganda,2026-08-01 03:00:00+00:00,99.6443408333333,Unhealthy
airqo_g5559,Kyarwabuganda,2026-08-01 04:00:00+00:00,108.7304685497835,Unhealthy
airqo_g5559,Kyarwabuganda,2026-08-01 05:00:00+00:00,69.70371813492063,Unhealthy
airqo_g5559,Kyarwabuganda,2026-08-01 06:00:00+00:00,63.52263172619047,Unhealthy
airqo_g5559,Kyarwabuganda,2026-08-01 07:00:00+00:00,46.17358678571429,Unhealthy for Sensitive Groups
airqo_g5559,Kyarwabuganda,2026-08-01 08:00:00+00:00,53.17032386904762,Unhealthy for Sensitive Groups
airqo_g5559,Kyarwabuganda,2026-08-01 09:00:00+00:00,37.69783410714285,Unhealthy for Sensitive Groups
airqo_g5559,Kyarwabuganda,2026-08-01 10:00:00+00:00,32.406777301587304,Moderate
airqo_g5559,Kyarwabuganda,2026-08-01 11:00:00+00:00,64.94644,Unhealthy
airqo_g5559,Kyarwabuganda,2026-08-01 12:00:00+00:00,57.4808417857143,Unhealthy
airqo_g5559,Kyarwabuganda,2026-08-01 13:00:00+00:00,60.74469734126983,Unhealthy
airqo_g5559,Kyarwabuganda,2026-08-01 14:00:00+00:00,41.2586875,Unhealthy for Sensitive Groups
airqo_g5559,Kyarwabuganda,2026-08-01 15:00:00+00:00,48.9188571626984,Unhealthy for Sensitive Groups
airqo_g5559,Kyarwabuganda,2026-08-01 16:00:00+00:00,63.28833779761906,Unhealthy
airqo_g5559,Kyarwabuganda,2026-08-01 17:00:00+00:00,67.91563720238096,Unhealthy
airqo_g5559,Kyarwabuganda,2026-08-01 18:00:00+00:00,73.36205345238096,Unhealthy
airqo_g5559,Kyarwabuganda,2026-08-01 19:00:00+00:00,76.30077706349209,Unhealthy
airqo_g5559,Kyarwabuganda,2026-08-01 20:00:00+00:00,91.5928296230159,Unhealthy
airqo_g5559,Kyarwabuganda,2026-08-01 21:00:00+00:00,67.05200970238096,Unhealthy
airqo_g5559,Kyarwabuganda,2026-08-01 22:00:00+00:00,58.61423865079365,Unhealthy
airqo_g5559,Kyarwabuganda,2026-08-01 23:00:00+00:00,57.1016811111111,Unhealthy
airqo_g5563,Bulange_Mengo,2026-08-01 00:00:00+00:00,46.56594196428571,Unhealthy for Sensitive Groups
airqo_g5563,Bulange_Mengo,2026-08-01 01:00:00+00:00,70.92181793650792,Unhealthy
airqo_g5563,Bulange_Mengo,2026-08-01 02:00:00+00:00,73.80842543650796,Unhealthy
airqo_g5563,Bulange_Mengo,2026-08-01 03:00:00+00:00,110.7990644426407,Unhealthy
airqo_g5563,Bulange_Mengo,2026-08-01 04:00:00+00:00,100.27626785714286,Unhealthy
airqo_g5563,Bulange_Mengo,2026-08-01 05:00:00+00:00,71.00310698412699,Unhealthy
airqo_g5563,Bulange_Mengo,2026-08-01 06:00:00+00:00,41.75844214285715,Unhealthy for Sensitive Groups
airqo_g5563,Bulange_Mengo,2026-08-01 07:00:00+00:00,19.086417440476183,Moderate
airqo_g5563,Bulange_Mengo,2026-08-01 08:00:00+00:00,15.904279563492064,Moderate
airqo_g5563,Bulange_Mengo,2026-08-01 09:00:00+00:00,17.941631587301597,Moderate
airqo_g5563,Bulange_Mengo,2026-08-01 10:00:00+00:00,16.112198908730154,Moderate
airqo_g5563,Bulange_Mengo,2026-08-01 11:00:00+00:00,16.400494702380946,Moderate
airqo_g5563,Bulange_Mengo,2026-08-01 12:00:00+00:00,17.4771323015873,Moderate
airqo_g5563,Bulange_Mengo,2026-08-01 13:00:00+00:00,17.390257499999997,Moderate
airqo_g5563,Bulange_Mengo,2026-08-01 14:00:00+00:00,18.10690333333333,Moderate
airqo_g5563,Bulange_Mengo,2026-08-01 15:00:00+00:00,18.858247976190476,Moderate
airqo_g5563,Bulange_Mengo,2026-08-01 16:00:00+00:00,35.367725138888886,Moderate
airqo_g5563,Bulange_Mengo,2026-08-01 17:00:00+00:00,24.242179027777777,Moderate
airqo_g5563,Bulange_Mengo,2026-08-01 18:00:00+00:00,63.507059265872996,Unhealthy
airqo_g5563,Bulange_Mengo,2026-08-01 19:00:00+00:00,58.72902472222223,Unhealthy
airqo_g5563,Bulange_Mengo,2026-08-01 20:00:00+00:00,61.82523333333334,Unhealthy
airqo_g5563,Bulange_Mengo,2026-08-01 21:00:00+00:00,54.06034728174603,Unhealthy for Sensitive Groups
airqo_g5563,Bulange_Mengo,2026-08-01 22:00:00+00:00,41.10695081349206,Unhealthy for Sensitive Groups
airqo_g5563,Bulange_Mengo,2026-08-01 23:00:00+00:00,54.07998674603175,Unhealthy for Sensitive Groups
airqo_g5564,"Busabala, Wakiso",2026-08-01 00:00:00+00:00,70.91703077380951,Unhealthy
airqo_g5564,"Busabala, Wakiso",2026-08-01 01:00:00+00:00,83.25852884920634,Unhealthy
airqo_g5564,"Busabala, Wakiso",2026-08-01 02:00:00+00:00,138.07776706349202,Very Unhealthy
airqo_g5564,"Busabala, Wakiso",2026-08-01 03:00:00+00:00,118.21929323412695,Unhealthy
airqo_g5564,"Busabala, Wakiso",2026-08-01 04:00:00+00:00,57.531827321428565,Unhealthy
airqo_g5564,"Busabala, Wakiso",2026-08-01 05:00:00+00:00,43.44001398809524,Unhealthy for Sensitive Groups
airqo_g5564,"Busabala, Wakiso",2026-08-01 06:00:00+00:00,26.392761666666665,Moderate
airqo_g5564,"Busabala, Wakiso",2026-08-01 07:00:00+00:00,45.130306567460316,Unhealthy for Sensitive Groups
airqo_g5564,"Busabala, Wakiso",2026-08-01 08:00:00+00:00,31.85805628968254,Moderate
airqo_g5564,"Busabala, Wakiso",2026-08-01 09:00:00+00:00,15.92107374999999,Moderate
airqo_g5564,"Busabala, Wakiso",2026-08-01 10:00:00+00:00,14.059483392857139,Moderate
airqo_g5564,"Busabala, Wakiso",2026-08-01 11:00:00+00:00,25.102155833333335,Moderate
airqo_g5564,"Busabala, Wakiso",2026-08-01 12:00:00+00:00,16.57646831349206,Moderate
airqo_g5564,"Busabala, Wakiso",2026-08-01 13:00:00+00:00,15.372602678571429,Moderate
airqo_g5564,"Busabala, Wakiso",2026-08-01 14:00:00+00:00,18.931017519841262,Moderate
airqo_g5564,"Busabala, Wakiso",2026-08-01 15:00:00+00:00,8.722466706349195,Good
airqo_g5564,"Busabala, Wakiso",2026-08-01 16:00:00+00:00,32.29953166666667,Moderate
airqo_g5564,"Busabala, Wakiso",2026-08-01 17:00:00+00:00,39.495627341269845,Unhealthy for Sensitive Groups
airqo_g5564,"Busabala, Wakiso",2026-08-01 18:00:00+00:00,49.34332284992786,Unhealthy for Sensitive Groups
airqo_g5564,"Busabala, Wakiso",2026-08-01 19:00:00+00:00,47.81566963564214,Unhealthy for Sensitive Groups
airqo_g5564,"Busabala, Wakiso",2026-08-01 20:00:00+00:00,45.24759777777778,Unhealthy for Sensitive Groups
airqo_g5564,"Busabala, Wakiso",2026-08-01 21:00:00+00:00,40.98954154761905,Unhealthy for Sensitive Groups
airqo_g5564,"Busabala, Wakiso",2026-08-01 22:00:00+00:00,35.070212023809525,Moderate
airqo_g5564,"Busabala, Wakiso",2026-08-01 23:00:00+00:00,34.28566724206349,Moderate
airqo_g5566,Makerere University Business School(MUBS) Nakawa,2026-08-01 00:00:00+00:00,14.120453710317463,Moderate
airqo_g5566,Makerere University Business School(MUBS) Nakawa,2026-08-01 01:00:00+00:00,11.61949771825396,Moderate
airqo_g5566,Makerere University Business School(MUBS) Nakawa,2026-08-01 02:00:00+00:00,15.913281011904772,Moderate
airqo_g5566,Makerere University Business School(MUBS) Nakawa,2026-08-01 03:00:00+00:00,27.408940535714287,Moderate
airqo_g5566,Makerere University Business School(MUBS) Nakawa,2026-08-01 04:00:00+00:00,39.25647783730159,Unhealthy for Sensitive Groups
airqo_g5566,Makerere University Business School(MUBS) Nakawa,2026-08-01 05:00:00+00:00,53.198311845238095,Unhealthy for Sensitive Groups
airqo_g5566,Makerere University Business School(MUBS) Nakawa,2026-08-01 06:00:00+00:00,37.95109496031746,Unhealthy for Sensitive Groups
airqo_g5566,Makerere University Business School(MUBS) Nakawa,2026-08-01 07:00:00+00:00,16.447638690476186,Moderate
airqo_g5566,Makerere University Business School(MUBS) Nakawa,2026-08-01 08:00:00+00:00,12.668009325396838,Moderate
airqo_g5566,Makerere University Business School(MUBS) Nakawa,2026-08-01 09:00:00+00:00,10.41177333333335,Moderate
airqo_g5566,Makerere University Business School(MUBS) Nakawa,2026-08-01 10:00:00+00:00,12.70580607142858,Moderate
airqo_g5566,Makerere University Business School(MUBS) Nakawa,2026-08-01 11:00:00+00:00,11.120961785714286,Moderate
airqo_g5566,Makerere University Business School(MUBS) Nakawa,2026-08-01 12:00:00+00:00,11.31535869047621,Moderate
airqo_g5566,Makerere University Business School(MUBS) Nakawa,2026-08-01 13:00:00+00:00,12.303438605699863,Moderate
airqo_g5566,Makerere University Business School(MUBS) Nakawa,2026-08-01 14:00:00+00:00,10.75912928571428,Moderate
airqo_g5566,Makerere University Business School(MUBS) Nakawa,2026-08-01 15:00:00+00:00,11.886605238095232,Moderate
airqo_g5566,Makerere University Business School(MUBS) Nakawa,2026-08-01 16:00:00+00:00,40.77655255952381,Unhealthy for Sensitive Groups
airqo_g5566,Makerere University Business School(MUBS) Nakawa,2026-08-01 17:00:00+00:00,32.63812251082251,Moderate
airqo_g5566,Makerere University Business School(MUBS) Nakawa,2026-08-01 18:00:00+00:00,14.993116320346314,Moderate
airqo_g5566,Makerere University Business School(MUBS) Nakawa,2026-08-01 19:00:00+00:00,54.48102910714286,Unhealthy for Sensitive Groups
airqo_g5566,Makerere University Business School(MUBS) Nakawa,2026-08-01 20:00:00+00:00,47.09962581349207,Unhealthy for Sensitive Groups
airqo_g5566,Makerere University Business School(MUBS) Nakawa,2026-08-01 21:00:00+00:00,14.149294197330441,Moderate
airqo_g5566,Makerere University Business School(MUBS) Nakawa,2026-08-01 22:00:00+00:00,13.631613589466088,Moderate
airqo_g5566,Makerere University Business School(MUBS) Nakawa,2026-08-01 23:00:00+00:00,15.939054384920638,Moderate
airqo_g5567,Kamwokya_OldKiira,2026-08-01 00:00:00+00:00,24.229332599206344,Moderate
airqo_g5567,Kamwokya_OldKiira,2026-08-01 01:00:00+00:00,29.47711297619048,Moderate
airqo_g5567,Kamwokya_OldKiira,2026-08-01 02:00:00+00:00,43.85369363095238,Unhealthy for Sensitive Groups
airqo_g5567,Kamwokya_OldKiira,2026-08-01 03:00:00+00:00,36.77426583333333,Unhealthy for Sensitive Groups
airqo_g5567,Kamwokya_OldKiira,2026-08-01 04:00:00+00:00,57.16688279761904,Unhealthy
airqo_g5567,Kamwokya_OldKiira,2026-08-01 05:00:00+00:00,59.509397757936505,Unhealthy
airqo_g5567,Kamwokya_OldKiira,2026-08-01 06:00:00+00:00,52.459482202380954,Unhealthy for Sensitive Groups
airqo_g5567,Kamwokya_OldKiira,2026-08-01 07:00:00+00:00,19.050219166666658,Moderate
airqo_g5567,Kamwokya_OldKiira,2026-08-01 08:00:00+00:00,17.789648115079363,Moderate
airqo_g5567,Kamwokya_OldKiira,2026-08-01 09:00:00+00:00,14.911185476190486,Moderate
airqo_g5567,Kamwokya_OldKiira,2026-08-01 10:00:00+00:00,16.478652996031748,Moderate
airqo_g5567,Kamwokya_OldKiira,2026-08-01 11:00:00+00:00,13.913892896825406,Moderate
airqo_g5567,Kamwokya_OldKiira,2026-08-01 12:00:00+00:00,18.58480714285714,Moderate
airqo_g5567,Kamwokya_OldKiira,2026-08-01 13:00:00+00:00,15.462585595238103,Moderate
airqo_g5567,Kamwokya_OldKiira,2026-08-01 14:00:00+00:00,31.822819384920635,Moderate
airqo_g5567,Kamwokya_OldKiira,2026-08-01 15:00:00+00:00,32.364754365079364,Moderate
airqo_g5567,Kamwokya_OldKiira,2026-08-01 16:00:00+00:00,19.979265714285717,Moderate
airqo_g5567,Kamwokya_OldKiira,2026-08-01 17:00:00+00:00,29.352901845238094,Moderate
airqo_g5567,Kamwokya_OldKiira,2026-08-01 18:00:00+00:00,46.57664404761905,Unhealthy for Sensitive Groups
airqo_g5567,Kamwokya_OldKiira,2026-08-01 19:00:00+00:00,33.107047797619046,Moderate
airqo_g5567,Kamwokya_OldKiira,2026-08-01 20:00:00+00:00,36.25483142857143,Unhealthy for Sensitive Groups
airqo_g5567,Kamwokya_OldKiira,2026-08-01 21:00:00+00:00,36.29322097222222,Unhealthy for Sensitive Groups
airqo_g5567,Kamwokya_OldKiira,2026-08-01 22:00:00+00:00,33.088321904761905,Moderate
airqo_g5567,Kamwokya_OldKiira,2026-08-01 23:00:00+00:00,36.86079015873016,Unhealthy for Sensitive Groups
airqo_g5568,Kakiika,2026-08-01 00:00:00+00:00,52.84438573412697,Unhealthy for Sensitive Groups
airqo_g5568,Kakiika,2026-08-01 01:00:00+00:00,61.48314496031744,Unhealthy
airqo_g5568,Kakiika,2026-08-01 02:00:00+00:00,63.835936904761894,Unhealthy
airqo_g5568,Kakiika,2026-08-01 03:00:00+00:00,63.24420904761905,Unhealthy
airqo_g5568,Kakiika,2026-08-01 04:00:00+00:00,52.674823630952375,Unhealthy for Sensitive Groups
airqo_g5568,Kakiika,2026-08-01 05:00:00+00:00,56.24919380952382,Unhealthy
airqo_g5568,Kakiika,2026-08-01 06:00:00+00:00,47.34979428571428,Unhealthy for Sensitive Groups
airqo_g5568,Kakiika,2026-08-01 07:00:00+00:00,63.75604414682539,Unhealthy
airqo_g5568,Kakiika,2026-08-01 08:00:00+00:00,66.56728863095236,Unhealthy
airqo_g5568,Kakiika,2026-08-01 09:00:00+00:00,82.0479848809524,Unhealthy
airqo_g5568,Kakiika,2026-08-01 10:00:00+00:00,55.00067166666666,Unhealthy for Sensitive Groups
airqo_g5568,Kakiika,2026-08-01 11:00:00+00:00,49.228757559523814,Unhealthy for Sensitive Groups
airqo_g5568,Kakiika,2026-08-01 12:00:00+00:00,31.080676845238095,Moderate
airqo_g5568,Kakiika,2026-08-01 13:00:00+00:00,33.345917599206345,Moderate
airqo_g5568,Kakiika,2026-08-01 14:00:00+00:00,32.334110436507935,Moderate
airqo_g5568,Kakiika,2026-08-01 15:00:00+00:00,49.29130238095238,Unhealthy for Sensitive Groups
airqo_g5568,Kakiika,2026-08-01 16:00:00+00:00,58.02017769841269,Unhealthy
airqo_g5568,Kakiika,2026-08-01 17:00:00+00:00,68.51587702380954,Unhealthy
airqo_g5568,Kakiika,2026-08-01 18:00:00+00:00,67.27589773809524,Unhealthy
airqo_g5568,Kakiika,2026-08-01 19:00:00+00:00,61.24849691017316,Unhealthy
airqo_g5568,Kakiika,2026-08-01 20:00:00+00:00,109.21359055555554,Unhealthy
airqo_g5568,Kakiika,2026-08-01 21:00:00+00:00,89.6520467261905,Unhealthy
airqo_g5568,Kakiika,2026-08-01 22:00:00+00:00,76.74889321428574,Unhealthy
airqo_g5568,Kakiika,2026-08-01 23:00:00+00:00,66.18998291666666,Unhealthy
airqo_g5569,"Buyala 2, Mpigi",2026-08-01 00:00:00+00:00,47.14447160714287,Unhealthy for Sensitive Groups
airqo_g5569,"Buyala 2, Mpigi",2026-08-01 01:00:00+00:00,41.37996107142857,Unhealthy for Sensitive Groups
airqo_g5569,"Buyala 2, Mpigi",2026-08-01 02:00:00+00:00,40.44878660714286,Unhealthy for Sensitive Groups
airqo_g5569,"Buyala 2, Mpigi",2026-08-01 03:00:00+00:00,42.814891488095235,Unhealthy for Sensitive Groups
airqo_g5569,"Buyala 2, Mpigi",2026-08-01 04:00:00+00:00,41.627036547619056,Unhealthy for Sensitive Groups
airqo_g5569,"Buyala 2, Mpigi",2026-08-01 05:00:00+00:00,43.579369404761906,Unhealthy for Sensitive Groups
airqo_g5569,"Buyala 2, Mpigi",2026-08-01 06:00:00+00:00,42.39539535714286,Unhealthy for Sensitive Groups
airqo_g5569,"Buyala 2, Mpigi",2026-08-01 07:00:00+00:00,43.370856567460315,Unhealthy for Sensitive Groups
airqo_g5569,"Buyala 2, Mpigi",2026-08-01 08:00:00+00:00,24.492922380952386,Moderate
airqo_g5569,"Buyala 2, Mpigi",2026-08-01 09:00:00+00:00,20.203895357142855,Moderate
airqo_g5569,"Buyala 2, Mpigi",2026-08-01 10:00:00+00:00,16.951508749999995,Moderate
airqo_g5569,"Buyala 2, Mpigi",2026-08-01 11:00:00+00:00,15.928989583333326,Moderate
airqo_g5569,"Buyala 2, Mpigi",2026-08-01 12:00:00+00:00,13.294459166666677,Moderate
airqo_g5569,"Buyala 2, Mpigi",2026-08-01 13:00:00+00:00,28.78020470238095,Moderate
airqo_g5569,"Buyala 2, Mpigi",2026-08-01 14:00:00+00:00,24.28026523809524,Moderate
airqo_g5569,"Buyala 2, Mpigi",2026-08-01 15:00:00+00:00,16.92661303571429,Moderate
airqo_g5569,"Buyala 2, Mpigi",2026-08-01 16:00:00+00:00,18.565095833333338,Moderate
airqo_g5569,"Buyala 2, Mpigi",2026-08-01 17:00:00+00:00,27.81516505189255,Moderate
airqo_g5569,"Buyala 2, Mpigi",2026-08-01 18:00:00+00:00,36.67175748015873,Unhealthy for Sensitive Groups
airqo_g5569,"Buyala 2, Mpigi",2026-08-01 19:00:00+00:00,45.516092797619045,Unhealthy for Sensitive Groups
airqo_g5569,"Buyala 2, Mpigi",2026-08-01 20:00:00+00:00,27.929045972222223,Moderate
airqo_g5569,"Buyala 2, Mpigi",2026-08-01 21:00:00+00:00,35.58948906746032,Unhealthy for Sensitive Groups
airqo_g5569,"Buyala 2, Mpigi",2026-08-01 22:00:00+00:00,29.838728511904762,Moderate
airqo_g5569,"Buyala 2, Mpigi",2026-08-01 23:00:00+00:00,13.648389404761915,Moderate
airqo_g5570,Biharwe,2026-08-01 00:00:00+00:00,87.16489420634923,Unhealthy
airqo_g5570,Biharwe,2026-08-01 01:00:00+00:00,87.44222087301591,Unhealthy
airqo_g5570,Biharwe,2026-08-01 02:00:00+00:00,86.3263169444445,Unhealthy
airqo_g5570,Biharwe,2026-08-01 03:00:00+00:00,70.50406569444445,Unhealthy
airqo_g5570,Biharwe,2026-08-01 04:00:00+00:00,107.50944735930734,Unhealthy
airqo_g5570,Biharwe,2026-08-01 05:00:00+00:00,59.10880726190476,Unhealthy
airqo_g5570,Biharwe,2026-08-01 06:00:00+00:00,38.64149267857143,Unhealthy for Sensitive Groups
airqo_g5570,Biharwe,2026-08-01 07:00:00+00:00,25.40841021825397,Moderate
airqo_g5570,Biharwe,2026-08-01 08:00:00+00:00,19.32241749999999,Moderate
airqo_g5570,Biharwe,2026-08-01 09:00:00+00:00,23.33034250000001,Moderate
airqo_g5570,Biharwe,2026-08-01 10:00:00+00:00,15.752241011904758,Moderate
airqo_g5570,Biharwe,2026-08-01 11:00:00+00:00,17.06401049603175,Moderate
airqo_g5570,Biharwe,2026-08-01 12:00:00+00:00,23.818261785714306,Moderate
airqo_g5570,Biharwe,2026-08-01 13:00:00+00:00,17.098563809523814,Moderate
airqo_g5570,Biharwe,2026-08-01 14:00:00+00:00,64.75411166666665,Unhealthy
airqo_g5570,Biharwe,2026-08-01 15:00:00+00:00,41.2014375,Unhealthy for Sensitive Groups
airqo_g5570,Biharwe,2026-08-01 16:00:00+00:00,55.55484529761906,Unhealthy
airqo_g5570,Biharwe,2026-08-01 17:00:00+00:00,55.07376930555556,Unhealthy for Sensitive Groups
airqo_g5570,Biharwe,2026-08-01 18:00:00+00:00,53.919695892857135,Unhealthy for Sensitive Groups
airqo_g5570,Biharwe,2026-08-01 19:00:00+00:00,47.49557880952381,Unhealthy for Sensitive Groups
airqo_g5570,Biharwe,2026-08-01 20:00:00+00:00,83.8840174404762,Unhealthy
airqo_g5570,Biharwe,2026-08-01 21:00:00+00:00,80.22625261904761,Unhealthy
airqo_g5570,Biharwe,2026-08-01 22:00:00+00:00,75.02427595238096,Unhealthy
airqo_g5570,Biharwe,2026-08-01 23:00:00+00:00,73.48910142857144,Unhealthy
airqo_g5573,Buyala 1 Mpigi,2026-08-01 00:00:00+00:00,11.797599126984128,Moderate
airqo_g5573,Buyala 1 Mpigi,2026-08-01 01:00:00+00:00,12.860076666666668,Moderate
airqo_g5573,Buyala 1 Mpigi,2026-08-01 02:00:00+00:00,13.14973212301588,Moderate
airqo_g5573,Buyala 1 Mpigi,2026-08-01 03:00:00+00:00,11.818882301587312,Moderate
airqo_g5573,Buyala 1 Mpigi,2026-08-01 04:00:00+00:00,17.96809380952382,Moderate
airqo_g5573,Buyala 1 Mpigi,2026-08-01 05:00:00+00:00,36.546443571428576,Unhealthy for Sensitive Groups
airqo_g5573,Buyala 1 Mpigi,2026-08-01 06:00:00+00:00,13.052384166666663,Moderate
airqo_g5573,Buyala 1 Mpigi,2026-08-01 07:00:00+00:00,15.782197857142858,Moderate
airqo_g5573,Buyala 1 Mpigi,2026-08-01 08:00:00+00:00,11.984949246031753,Moderate
airqo_g5573,Buyala 1 Mpigi,2026-08-01 09:00:00+00:00,10.570997440476198,Moderate
airqo_g5573,Buyala 1 Mpigi,2026-08-01 10:00:00+00:00,10.916363630952372,Moderate
airqo_g5573,Buyala 1 Mpigi,2026-08-01 11:00:00+00:00,11.530200734126982,Moderate
airqo_g5573,Buyala 1 Mpigi,2026-08-01 12:00:00+00:00,11.597939781746021,Moderate
airqo_g5573,Buyala 1 Mpigi,2026-08-01 13:00:00+00:00,11.756959404761915,Moderate
airqo_g5573,Buyala 1 Mpigi,2026-08-01 14:00:00+00:00,12.009530436507951,Moderate
airqo_g5573,Buyala 1 Mpigi,2026-08-01 15:00:00+00:00,21.984518849206346,Moderate
airqo_g5573,Buyala 1 Mpigi,2026-08-01 16:00:00+00:00,55.642149960317454,Unhealthy
airqo_g5573,Buyala 1 Mpigi,2026-08-01 17:00:00+00:00,45.01670551587302,Unhealthy for Sensitive Groups
airqo_g5573,Buyala 1 Mpigi,2026-08-01 18:00:00+00:00,32.14439268939394,Moderate
airqo_g5573,Buyala 1 Mpigi,2026-08-01 19:00:00+00:00,18.645357976190475,Moderate
airqo_g5573,Buyala 1 Mpigi,2026-08-01 20:00:00+00:00,14.382860813492062,Moderate
airqo_g5573,Buyala 1 Mpigi,2026-08-01 21:00:00+00:00,20.081615178571422,Moderate
airqo_g5573,Buyala 1 Mpigi,2026-08-01 22:00:00+00:00,25.34980625,Moderate
airqo_g5573,Buyala 1 Mpigi,2026-08-01 23:00:00+00:00,23.09871624999999,Moderate
aq_04,St.Paul Kyebando C/U Primary School,2026-08-01 00:00:00+00:00,32.40992115079365,Moderate
aq_04,St.Paul Kyebando C/U Primary School,2026-08-01 01:00:00+00:00,34.75706380952381,Moderate
aq_04,St.Paul Kyebando C/U Primary School,2026-08-01 02:00:00+00:00,35.19479740079365,Moderate
aq_04,St.Paul Kyebando C/U Primary School,2026-08-01 03:00:00+00:00,43.27363880952382,Unhealthy for Sensitive Groups
aq_04,St.Paul Kyebando C/U Primary School,2026-08-01 04:00:00+00:00,50.98372494047618,Unhealthy for Sensitive Groups
aq_04,St.Paul Kyebando C/U Primary School,2026-08-01 05:00:00+00:00,52.83803603174603,Unhealthy for Sensitive Groups
aq_04,St.Paul Kyebando C/U Primary School,2026-08-01 06:00:00+00:00,18.73171809523809,Moderate
aq_04,St.Paul Kyebando C/U Primary School,2026-08-01 07:00:00+00:00,13.633238333333324,Moderate
aq_04,St.Paul Kyebando C/U Primary School,2026-08-01 08:00:00+00:00,12.49010640873016,Moderate
aq_04,St.Paul Kyebando C/U Primary School,2026-08-01 09:00:00+00:00,13.304433611111097,Moderate
aq_04,St.Paul Kyebando C/U Primary School,2026-08-01 10:00:00+00:00,14.430850396825406,Moderate
aq_04,St.Paul Kyebando C/U Primary School,2026-08-01 11:00:00+00:00,12.25212476190475,Moderate
aq_04,St.Paul Kyebando C/U Primary School,2026-08-01 12:00:00+00:00,12.525059642857144,Moderate
aq_04,St.Paul Kyebando C/U Primary School,2026-08-01 13:00:00+00:00,29.37090531135531,Moderate
aq_04,St.Paul Kyebando C/U Primary School,2026-08-01 14:00:00+00:00,33.10626416416916,Moderate
aq_04,St.Paul Kyebando C/U Primary School,2026-08-01 15:00:00+00:00,22.70877878968255,Moderate
aq_04,St.Paul Kyebando C/U Primary School,2026-08-01 16:00:00+00:00,16.549992678571428,Moderate
aq_04,St.Paul Kyebando C/U Primary School,2026-08-01 17:00:00+00:00,14.391622698412696,Moderate
aq_04,St.Paul Kyebando C/U Primary School,2026-08-01 18:00:00+00:00,36.772586845238095,Unhealthy for Sensitive Groups
aq_04,St.Paul Kyebando C/U Primary School,2026-08-01 19:00:00+00:00,44.948550952380955,Unhealthy for Sensitive Groups
aq_04,St.Paul Kyebando C/U Primary School,2026-08-01 20:00:00+00:00,41.74803261904762,Unhealthy for Sensitive Groups
aq_04,St.Paul Kyebando C/U Primary School,2026-08-01 21:00:00+00:00,38.93449478174603,Unhealthy for Sensitive Groups
aq_04,St.Paul Kyebando C/U Primary School,2026-08-01 22:00:00+00:00,32.33419234126984,Moderate
aq_04,St.Paul Kyebando C/U Primary School,2026-08-01 23:00:00+00:00,31.840006130952382,Moderate
aq_10,"Rwengoma, Kabarole",2026-08-01 00:00:00+00:00,17.97707160353535,Moderate
aq_10,"Rwengoma, Kabarole",2026-08-01 01:00:00+00:00,24.683462619047617,Moderate
aq_10,"Rwengoma, Kabarole",2026-08-01 02:00:00+00:00,35.336626911976914,Moderate
aq_10,"Rwengoma, Kabarole",2026-08-01 03:00:00+00:00,60.978990178571436,Unhealthy
aq_10,"Rwengoma, Kabarole",2026-08-01 04:00:00+00:00,49.92440359126984,Unhealthy for Sensitive Groups
aq_10,"Rwengoma, Kabarole",2026-08-01 05:00:00+00:00,28.204682559523807,Moderate
aq_10,"Rwengoma, Kabarole",2026-08-01 06:00:00+00:00,18.63344922619048,Moderate
aq_10,"Rwengoma, Kabarole",2026-08-01 07:00:00+00:00,17.90718970238095,Moderate
aq_10,"Rwengoma, Kabarole",2026-08-01 08:00:00+00:00,18.02063880952381,Moderate
aq_10,"Rwengoma, Kabarole",2026-08-01 09:00:00+00:00,20.77917253968254,Moderate
aq_10,"Rwengoma, Kabarole",2026-08-01 10:00:00+00:00,23.04110377705628,Moderate
aq_10,"Rwengoma, Kabarole",2026-08-01 11:00:00+00:00,17.042616984126983,Moderate
aq_10,"Rwengoma, Kabarole",2026-08-01 12:00:00+00:00,18.533007976190483,Moderate
aq_10,"Rwengoma, Kabarole",2026-08-01 13:00:00+00:00,18.21509720238095,Moderate
aq_10,"Rwengoma, Kabarole",2026-08-01 14:00:00+00:00,17.923495914502148,Moderate
aq_10,"Rwengoma, Kabarole",2026-08-01 15:00:00+00:00,22.094479107142853,Moderate
aq_10,"Rwengoma, Kabarole",2026-08-01 16:00:00+00:00,22.77697464285714,Moderate
aq_10,"Rwengoma, Kabarole",2026-08-01 17:00:00+00:00,40.38655718253968,Unhealthy for Sensitive Groups
aq_10,"Rwengoma, Kabarole",2026-08-01 18:00:00+00:00,20.799848214285714,Moderate
aq_10,"Rwengoma, Kabarole",2026-08-01 19:00:00+00:00,27.185606984126984,Moderate
aq_10,"Rwengoma, Kabarole",2026-08-01 20:00:00+00:00,32.15937797619048,Moderate
aq_10,"Rwengoma, Kabarole",2026-08-01 21:00:00+00:00,30.24423482142857,Moderate
aq_10,"Rwengoma, Kabarole",2026-08-01 22:00:00+00:00,28.528799880952377,Moderate
aq_10,"Rwengoma, Kabarole",2026-08-01 23:00:00+00:00,28.423953214285717,Moderate
aq_18,"Pramukh steel Limited, Njeru ,Jinja",2026-08-01 00:00:00+00:00,29.308521785714284,Moderate
aq_18,"Pramukh steel Limited, Njeru ,Jinja",2026-08-01 01:00:00+00:00,32.68515452380952,Moderate
aq_18,"Pramukh steel Limited, Njeru ,Jinja",2026-08-01 02:00:00+00:00,33.9542726984127,Moderate
aq_18,"Pramukh steel Limited, Njeru ,Jinja",2026-08-01 03:00:00+00:00,41.65636839285714,Unhealthy for Sensitive Groups
aq_18,"Pramukh steel Limited, Njeru ,Jinja",2026-08-01 04:00:00+00:00,48.58430535714286,Unhealthy for Sensitive Groups
aq_18,"Pramukh steel Limited, Njeru ,Jinja",2026-08-01 05:00:00+00:00,52.130038531746024,Unhealthy for Sensitive Groups
aq_18,"Pramukh steel Limited, Njeru ,Jinja",2026-08-01 06:00:00+00:00,35.49740329365079,Unhealthy for Sensitive Groups
aq_18,"Pramukh steel Limited, Njeru ,Jinja",2026-08-01 07:00:00+00:00,34.22004880952381,Moderate
aq_18,"Pramukh steel Limited, Njeru ,Jinja",2026-08-01 08:00:00+00:00,28.261459345238094,Moderate
aq_18,"Pramukh steel Limited, Njeru ,Jinja",2026-08-01 09:00:00+00:00,18.149416626984127,Moderate
aq_18,"Pramukh steel Limited, Njeru ,Jinja",2026-08-01 10:00:00+00:00,23.77540496031746,Moderate
aq_18,"Pramukh steel Limited, Njeru ,Jinja",2026-08-01 11:00:00+00:00,15.876784404761914,Moderate
aq_18,"Pramukh steel Limited, Njeru ,Jinja",2026-08-01 12:00:00+00:00,16.273711130952393,Moderate
aq_18,"Pramukh steel Limited, Njeru ,Jinja",2026-08-01 13:00:00+00:00,16.25495167748918,Moderate
aq_18,"Pramukh steel Limited, Njeru ,Jinja",2026-08-01 14:00:00+00:00,22.845291726190478,Moderate
aq_18,"Pramukh steel Limited, Njeru ,Jinja",2026-08-01 15:00:00+00:00,19.65496174603173,Moderate
aq_18,"Pramukh steel Limited, Njeru ,Jinja",2026-08-01 16:00:00+00:00,27.853848194444446,Moderate
aq_18,"Pramukh steel Limited, Njeru ,Jinja",2026-08-01 17:00:00+00:00,24.161828293650792,Moderate
aq_18,"Pramukh steel Limited, Njeru ,Jinja",2026-08-01 18:00:00+00:00,59.69583123015874,Unhealthy
aq_18,"Pramukh steel Limited, Njeru ,Jinja",2026-08-01 19:00:00+00:00,47.021127500000006,Unhealthy for Sensitive Groups
aq_18,"Pramukh steel Limited, Njeru ,Jinja",2026-08-01 20:00:00+00:00,22.590935515873014,Moderate
aq_18,"Pramukh steel Limited, Njeru ,Jinja",2026-08-01 21:00:00+00:00,18.503376130952375,Moderate
aq_18,"Pramukh steel Limited, Njeru ,Jinja",2026-08-01 22:00:00+00:00,17.723990595238103,Moderate
aq_18,"Pramukh steel Limited, Njeru ,Jinja",2026-08-01 23:00:00+00:00,24.594958154761905,Moderate
aq_23,"Jinja Main Street, Jinja",2026-08-01 00:00:00+00:00,19.32459263888889,Moderate
aq_23,"Jinja Main Street, Jinja",2026-08-01 01:00:00+00:00,20.079710019841265,Moderate
aq_23,"Jinja Main Street, Jinja",2026-08-01 02:00:00+00:00,15.322798035714289,Moderate
aq_23,"Jinja Main Street, Jinja",2026-08-01 03:00:00+00:00,15.037907040043287,Moderate
aq_23,"Jinja Main Street, Jinja",2026-08-01 04:00:00+00:00,20.6486006547619,Moderate
aq_23,"Jinja Main Street, Jinja",2026-08-01 05:00:00+00:00,37.086613353174606,Unhealthy for Sensitive Groups
aq_23,"Jinja Main Street, Jinja",2026-08-01 06:00:00+00:00,37.78060168831169,Unhealthy for Sensitive Groups
aq_23,"Jinja Main Street, Jinja",2026-08-01 07:00:00+00:00,18.397533492063488,Moderate
aq_23,"Jinja Main Street, Jinja",2026-08-01 08:00:00+00:00,27.724284503968256,Moderate
aq_23,"Jinja Main Street, Jinja",2026-08-01 09:00:00+00:00,17.931478115079372,Moderate
aq_23,"Jinja Main Street, Jinja",2026-08-01 10:00:00+00:00,16.756627068903324,Moderate
aq_23,"Jinja Main Street, Jinja",2026-08-01 11:00:00+00:00,16.6416364484127,Moderate
aq_23,"Jinja Main Street, Jinja",2026-08-01 12:00:00+00:00,16.954895335497827,Moderate
aq_23,"Jinja Main Street, Jinja",2026-08-01 13:00:00+00:00,50.92477208333334,Unhealthy for Sensitive Groups
aq_23,"Jinja Main Street, Jinja",2026-08-01 14:00:00+00:00,17.684366230158727,Moderate
aq_23,"Jinja Main Street, Jinja",2026-08-01 15:00:00+00:00,16.568551329365082,Moderate
aq_23,"Jinja Main Street, Jinja",2026-08-01 16:00:00+00:00,22.925272440476196,Moderate
aq_23,"Jinja Main Street, Jinja",2026-08-01 17:00:00+00:00,35.07666275974026,Moderate
aq_23,"Jinja Main Street, Jinja",2026-08-01 18:00:00+00:00,40.055357956349205,Unhealthy for Sensitive Groups
aq_23,"Jinja Main Street, Jinja",2026-08-01 19:00:00+00:00,17.652110773809508,Moderate
aq_23,"Jinja Main Street, Jinja",2026-08-01 20:00:00+00:00,29.83113648809524,Moderate
aq_23,"Jinja Main Street, Jinja",2026-08-01 21:00:00+00:00,32.91136791666666,Moderate
aq_23,"Jinja Main Street, Jinja",2026-08-01 22:00:00+00:00,31.562594523809523,Moderate
aq_23,"Jinja Main Street, Jinja",2026-08-01 23:00:00+00:00,31.66511285714286,Moderate
aq_27,"Njeru PSL 2(Pramukh steel limited, Jinja)",2026-08-01 00:00:00+00:00,54.07298240079365,Unhealthy for Sensitive Groups
aq_27,"Njeru PSL 2(Pramukh steel limited, Jinja)",2026-08-01 01:00:00+00:00,52.28614732142856,Unhealthy for Sensitive Groups
aq_27,"Njeru PSL 2(Pramukh steel limited, Jinja)",2026-08-01 02:00:00+00:00,33.8921726984127,Moderate
aq_27,"Njeru PSL 2(Pramukh steel limited, Jinja)",2026-08-01 03:00:00+00:00,41.672567797619045,Unhealthy for Sensitive Groups
aq_27,"Njeru PSL 2(Pramukh steel limited, Jinja)",2026-08-01 04:00:00+00:00,48.58430535714286,Unhealthy for Sensitive Groups
aq_27,"Njeru PSL 2(Pramukh steel limited, Jinja)",2026-08-01 05:00:00+00:00,18.54140817460317,Moderate
aq_27,"Njeru PSL 2(Pramukh steel limited, Jinja)",2026-08-01 06:00:00+00:00,17.27645305555555,Moderate
aq_27,"Njeru PSL 2(Pramukh steel limited, Jinja)",2026-08-01 07:00:00+00:00,15.919996567460323,Moderate
aq_27,"Njeru PSL 2(Pramukh steel limited, Jinja)",2026-08-01 08:00:00+00:00,15.437799464285721,Moderate
aq_27,"Njeru PSL 2(Pramukh steel limited, Jinja)",2026-08-01 09:00:00+00:00,19.580360476190467,Moderate
aq_27,"Njeru PSL 2(Pramukh steel limited, Jinja)",2026-08-01 10:00:00+00:00,19.251790198412692,Moderate
aq_27,"Njeru PSL 2(Pramukh steel limited, Jinja)",2026-08-01 11:00:00+00:00,17.75583591269842,Moderate
aq_27,"Njeru PSL 2(Pramukh steel limited, Jinja)",2026-08-01 12:00:00+00:00,18.057522996031746,Moderate
aq_27,"Njeru PSL 2(Pramukh steel limited, Jinja)",2026-08-01 13:00:00+00:00,16.781647500000002,Moderate
aq_27,"Njeru PSL 2(Pramukh steel limited, Jinja)",2026-08-01 14:00:00+00:00,18.077966031746033,Moderate
aq_27,"Njeru PSL 2(Pramukh steel limited, Jinja)",2026-08-01 15:00:00+00:00,19.789447638888888,Moderate
aq_27,"Njeru PSL 2(Pramukh steel limited, Jinja)",2026-08-01 16:00:00+00:00,39.33935821428572,Unhealthy for Sensitive Groups
aq_27,"Njeru PSL 2(Pramukh steel limited, Jinja)",2026-08-01 17:00:00+00:00,27.39812267857143,Moderate
aq_27,"Njeru PSL 2(Pramukh steel limited, Jinja)",2026-08-01 18:00:00+00:00,31.66158785714286,Moderate
aq_27,"Njeru PSL 2(Pramukh steel limited, Jinja)",2026-08-01 19:00:00+00:00,30.52830880952381,Moderate
aq_27,"Njeru PSL 2(Pramukh steel limited, Jinja)",2026-08-01 20:00:00+00:00,25.153500416666667,Moderate
aq_27,"Njeru PSL 2(Pramukh steel limited, Jinja)",2026-08-01 21:00:00+00:00,30.786689345238095,Moderate
aq_27,"Njeru PSL 2(Pramukh steel limited, Jinja)",2026-08-01 22:00:00+00:00,57.196914960317486,Unhealthy
aq_27,"Njeru PSL 2(Pramukh steel limited, Jinja)",2026-08-01 23:00:00+00:00,45.23764154761905,Unhealthy for Sensitive Groups
aq_39,"Rubaga, Kampala",2026-08-01 00:00:00+00:00,36.51836176587302,Unhealthy for Sensitive Groups
aq_39,"Rubaga, Kampala",2026-08-01 01:00:00+00:00,37.13616563492064,Unhealthy for Sensitive Groups
aq_39,"Rubaga, Kampala",2026-08-01 02:00:00+00:00,37.27033970238095,Unhealthy for Sensitive Groups
aq_39,"Rubaga, Kampala",2026-08-01 03:00:00+00:00,44.27572297619048,Unhealthy for Sensitive Groups
aq_39,"Rubaga, Kampala",2026-08-01 04:00:00+00:00,52.673336547619044,Unhealthy for Sensitive Groups
aq_39,"Rubaga, Kampala",2026-08-01 05:00:00+00:00,52.98508694444443,Unhealthy for Sensitive Groups
aq_39,"Rubaga, Kampala",2026-08-01 06:00:00+00:00,36.0009766017316,Unhealthy for Sensitive Groups
aq_39,"Rubaga, Kampala",2026-08-01 07:00:00+00:00,47.054443571428564,Unhealthy for Sensitive Groups
aq_39,"Rubaga, Kampala",2026-08-01 08:00:00+00:00,51.075924761904744,Unhealthy for Sensitive Groups
aq_39,"Rubaga, Kampala",2026-08-01 09:00:00+00:00,45.889666488095244,Unhealthy for Sensitive Groups
aq_39,"Rubaga, Kampala",2026-08-01 10:00:00+00:00,38.44262501984127,Unhealthy for Sensitive Groups
aq_39,"Rubaga, Kampala",2026-08-01 11:00:00+00:00,38.34234251984127,Unhealthy for Sensitive Groups
aq_39,"Rubaga, Kampala",2026-08-01 12:00:00+00:00,28.485554999999998,Moderate
aq_39,"Rubaga, Kampala",2026-08-01 13:00:00+00:00,28.741664523809522,Moderate
aq_39,"Rubaga, Kampala",2026-08-01 14:00:00+00:00,36.169191726190476,Unhealthy for Sensitive Groups
aq_39,"Rubaga, Kampala",2026-08-01 15:00:00+00:00,61.85623615079366,Unhealthy
aq_39,"Rubaga, Kampala",2026-08-01 16:00:00+00:00,29.633620476190472,Moderate
aq_39,"Rubaga, Kampala",2026-08-01 17:00:00+00:00,49.305015714285716,Unhealthy for Sensitive Groups
aq_39,"Rubaga, Kampala",2026-08-01 18:00:00+00:00,76.7222324404762,Unhealthy
aq_39,"Rubaga, Kampala",2026-08-01 19:00:00+00:00,51.34979035714285,Unhealthy for Sensitive Groups
aq_39,"Rubaga, Kampala",2026-08-01 20:00:00+00:00,69.02313863095236,Unhealthy
aq_39,"Rubaga, Kampala",2026-08-01 21:00:00+00:00,63.39227172619046,Unhealthy
aq_39,"Rubaga, Kampala",2026-08-01 22:00:00+00:00,35.44587416666667,Moderate
aq_39,"Rubaga, Kampala",2026-08-01 23:00:00+00:00,34.96130027777778,Moderate
aq_40,"Central Ward, Mityana",2026-08-01 00:00:00+00:00,56.18675128968253,Unhealthy
aq_40,"Central Ward, Mityana",2026-08-01 01:00:00+00:00,36.075595892857145,Unhealthy for Sensitive Groups
aq_40,"Central Ward, Mityana",2026-08-01 02:00:00+00:00,55.35124422619046,Unhealthy for Sensitive Groups
aq_40,"Central Ward, Mityana",2026-08-01 03:00:00+00:00,65.09545638888888,Unhealthy
aq_40,"Central Ward, Mityana",2026-08-01 04:00:00+00:00,62.970091369047616,Unhealthy
aq_40,"Central Ward, Mityana",2026-08-01 05:00:00+00:00,93.746272063492,Unhealthy
aq_40,"Central Ward, Mityana",2026-08-01 06:00:00+00:00,84.4953125595238,Unhealthy
aq_40,"Central Ward, Mityana",2026-08-01 07:00:00+00:00,40.22300976190476,Unhealthy for Sensitive Groups
aq_40,"Central Ward, Mityana",2026-08-01 08:00:00+00:00,39.93591309523809,Unhealthy for Sensitive Groups
aq_40,"Central Ward, Mityana",2026-08-01 09:00:00+00:00,29.27074702380952,Moderate
aq_40,"Central Ward, Mityana",2026-08-01 10:00:00+00:00,33.875795198412696,Moderate
aq_40,"Central Ward, Mityana",2026-08-01 11:00:00+00:00,27.637487896825398,Moderate
aq_40,"Central Ward, Mityana",2026-08-01 12:00:00+00:00,42.45332819444444,Unhealthy for Sensitive Groups
aq_40,"Central Ward, Mityana",2026-08-01 13:00:00+00:00,30.395979107142857,Moderate
aq_40,"Central Ward, Mityana",2026-08-01 14:00:00+00:00,34.15530214646465,Moderate
aq_40,"Central Ward, Mityana",2026-08-01 15:00:00+00:00,32.01574886904762,Moderate
aq_40,"Central Ward, Mityana",2026-08-01 16:00:00+00:00,43.43944196428572,Unhealthy for Sensitive Groups
aq_40,"Central Ward, Mityana",2026-08-01 17:00:00+00:00,46.882239365079364,Unhealthy for Sensitive Groups
aq_40,"Central Ward, Mityana",2026-08-01 18:00:00+00:00,55.82159913419912,Unhealthy
aq_40,"Central Ward, Mityana",2026-08-01 19:00:00+00:00,48.90709337301587,Unhealthy for Sensitive Groups
aq_40,"Central Ward, Mityana",2026-08-01 20:00:00+00:00,57.5004767857143,Unhealthy
aq_40,"Central Ward, Mityana",2026-08-01 21:00:00+00:00,51.00279886904761,Unhealthy for Sensitive Groups
aq_40,"Central Ward, Mityana",2026-08-01 22:00:00+00:00,40.5614955952381,Unhealthy for Sensitive Groups
aq_40,"Central Ward, Mityana",2026-08-01 23:00:00+00:00,36.96808199134199,Unhealthy for Sensitive Groups
aq_43,"Makindye, Lukuli Makindye",2026-08-01 00:00:00+00:00,70.6956270238095,Unhealthy
aq_43,"Makindye, Lukuli Makindye",2026-08-01 01:00:00+00:00,91.80116067460318,Unhealthy
aq_43,"Makindye, Lukuli Makindye",2026-08-01 02:00:00+00:00,69.90323982142856,Unhealthy
aq_43,"Makindye, Lukuli Makindye",2026-08-01 03:00:00+00:00,66.72216488095238,Unhealthy
aq_43,"Makindye, Lukuli Makindye",2026-08-01 04:00:00+00:00,90.61357117063491,Unhealthy
aq_43,"Makindye, Lukuli Makindye",2026-08-01 05:00:00+00:00,93.18697398809525,Unhealthy
aq_43,"Makindye, Lukuli Makindye",2026-08-01 06:00:00+00:00,73.88572023809525,Unhealthy
aq_43,"Makindye, Lukuli Makindye",2026-08-01 07:00:00+00:00,69.36334672619047,Unhealthy
aq_43,"Makindye, Lukuli Makindye",2026-08-01 08:00:00+00:00,52.38876938311688,Unhealthy for Sensitive Groups
aq_43,"Makindye, Lukuli Makindye",2026-08-01 09:00:00+00:00,47.56272634920636,Unhealthy for Sensitive Groups
aq_43,"Makindye, Lukuli Makindye",2026-08-01 10:00:00+00:00,65.38278839285715,Unhealthy
aq_43,"Makindye, Lukuli Makindye",2026-08-01 11:00:00+00:00,71.57494851190475,Unhealthy
aq_43,"Makindye, Lukuli Makindye",2026-08-01 12:00:00+00:00,57.9031575,Unhealthy
aq_43,"Makindye, Lukuli Makindye",2026-08-01 13:00:00+00:00,46.22761998015873,Unhealthy for Sensitive Groups
aq_43,"Makindye, Lukuli Makindye",2026-08-01 14:00:00+00:00,45.87453831349207,Unhealthy for Sensitive Groups
aq_43,"Makindye, Lukuli Makindye",2026-08-01 15:00:00+00:00,54.61329615079365,Unhealthy for Sensitive Groups
aq_43,"Makindye, Lukuli Makindye",2026-08-01 16:00:00+00:00,61.178964247835516,Unhealthy
aq_43,"Makindye, Lukuli Makindye",2026-08-01 17:00:00+00:00,70.08407529761902,Unhealthy
aq_43,"Makindye, Lukuli Makindye",2026-08-01 18:00:00+00:00,70.93577190476194,Unhealthy
aq_43,"Makindye, Lukuli Makindye",2026-08-01 19:00:00+00:00,70.38466333333334,Unhealthy
aq_43,"Makindye, Lukuli Makindye",2026-08-01 20:00:00+00:00,70.37381916666665,Unhealthy
aq_43,"Makindye, Lukuli Makindye",2026-08-01 21:00:00+00:00,74.9259769047619,Unhealthy
aq_43,"Makindye, Lukuli Makindye",2026-08-01 22:00:00+00:00,68.01225640873017,Unhealthy
aq_43,"Makindye, Lukuli Makindye",2026-08-01 23:00:00+00:00,66.92399658730159,Unhealthy
aq_44,"Naguru II, Nakawa",2026-08-01 00:00:00+00:00,42.62006462301588,Unhealthy for Sensitive Groups
aq_44,"Naguru II, Nakawa",2026-08-01 01:00:00+00:00,33.645270753968255,Moderate
aq_44,"Naguru II, Nakawa",2026-08-01 02:00:00+00:00,32.969976884920634,Moderate
aq_44,"Naguru II, Nakawa",2026-08-01 03:00:00+00:00,40.07948724206349,Unhealthy for Sensitive Groups
aq_44,"Naguru II, Nakawa",2026-08-01 04:00:00+00:00,41.27295767857143,Unhealthy for Sensitive Groups
aq_44,"Naguru II, Nakawa",2026-08-01 05:00:00+00:00,45.91742968614718,Unhealthy for Sensitive Groups
aq_44,"Naguru II, Nakawa",2026-08-01 06:00:00+00:00,36.6162044047619,Unhealthy for Sensitive Groups
aq_44,"Naguru II, Nakawa",2026-08-01 07:00:00+00:00,20.841216388888895,Moderate
aq_44,"Naguru II, Nakawa",2026-08-01 08:00:00+00:00,19.091581249999997,Moderate
aq_44,"Naguru II, Nakawa",2026-08-01 09:00:00+00:00,18.66581482142858,Moderate
aq_44,"Naguru II, Nakawa",2026-08-01 10:00:00+00:00,15.280923095238109,Moderate
aq_44,"Naguru II, Nakawa",2026-08-01 11:00:00+00:00,13.165519285714279,Moderate
aq_44,"Naguru II, Nakawa",2026-08-01 12:00:00+00:00,21.521720952380953,Moderate
aq_44,"Naguru II, Nakawa",2026-08-01 13:00:00+00:00,18.10901113095238,Moderate
aq_44,"Naguru II, Nakawa",2026-08-01 14:00:00+00:00,23.82110569444444,Moderate
aq_44,"Naguru II, Nakawa",2026-08-01 15:00:00+00:00,27.973100357142865,Moderate
aq_44,"Naguru II, Nakawa",2026-08-01 16:00:00+00:00,27.984786309523813,Moderate
aq_44,"Naguru II, Nakawa",2026-08-01 17:00:00+00:00,32.527125,Moderate
aq_44,"Naguru II, Nakawa",2026-08-01 18:00:00+00:00,46.36643380952381,Unhealthy for Sensitive Groups
aq_44,"Naguru II, Nakawa",2026-08-01 19:00:00+00:00,37.52414283730159,Unhealthy for Sensitive Groups
aq_44,"Naguru II, Nakawa",2026-08-01 20:00:00+00:00,42.422988551587295,Unhealthy for Sensitive Groups
aq_44,"Naguru II, Nakawa",2026-08-01 21:00:00+00:00,34.08075926587301,Moderate
aq_44,"Naguru II, Nakawa",2026-08-01 22:00:00+00:00,34.545098452380955,Moderate
aq_44,"Naguru II, Nakawa",2026-08-01 23:00:00+00:00,41.573592182539684,Unhealthy for Sensitive Groups
aq_46,ACCACIA ACADEMY MUYENGA,2026-08-01 00:00:00+00:00,107.5337914285714,Unhealthy
aq_46,ACCACIA ACADEMY MUYENGA,2026-08-01 01:00:00+00:00,112.820585,Unhealthy
aq_46,ACCACIA ACADEMY MUYENGA,2026-08-01 02:00:00+00:00,104.67039720238093,Unhealthy
aq_46,ACCACIA ACADEMY MUYENGA,2026-08-01 03:00:00+00:00,102.1890438690476,Unhealthy
aq_46,ACCACIA ACADEMY MUYENGA,2026-08-01 04:00:00+00:00,93.59235523809525,Unhealthy
aq_46,ACCACIA ACADEMY MUYENGA,2026-08-01 05:00:00+00:00,103.13014904761903,Unhealthy
aq_46,ACCACIA ACADEMY MUYENGA,2026-08-01 06:00:00+00:00,99.31362172619049,Unhealthy
aq_46,ACCACIA ACADEMY MUYENGA,2026-08-01 07:00:00+00:00,69.50141581349206,Unhealthy
aq_46,ACCACIA ACADEMY MUYENGA,2026-08-01 08:00:00+00:00,64.64223446428572,Unhealthy
aq_46,ACCACIA ACADEMY MUYENGA,2026-08-01 09:00:00+00:00,64.98787970238098,Unhealthy
aq_46,ACCACIA ACADEMY MUYENGA,2026-08-01 10:00:00+00:00,66.12860547619049,Unhealthy
aq_46,ACCACIA ACADEMY MUYENGA,2026-08-01 11:00:00+00:00,67.32413837301587,Unhealthy
aq_46,ACCACIA ACADEMY MUYENGA,2026-08-01 12:00:00+00:00,70.06348446428572,Unhealthy
aq_46,ACCACIA ACADEMY MUYENGA,2026-08-01 13:00:00+00:00,69.90551462301586,Unhealthy
aq_46,ACCACIA ACADEMY MUYENGA,2026-08-01 14:00:00+00:00,64.54319416666667,Unhealthy
aq_46,ACCACIA ACADEMY MUYENGA,2026-08-01 15:00:00+00:00,63.16457325396824,Unhealthy
aq_46,ACCACIA ACADEMY MUYENGA,2026-08-01 16:00:00+00:00,64.7037344047619,Unhealthy
aq_46,ACCACIA ACADEMY MUYENGA,2026-08-01 17:00:00+00:00,74.1847335515873,Unhealthy
aq_46,ACCACIA ACADEMY MUYENGA,2026-08-01 18:00:00+00:00,100.01335232142853,Unhealthy
aq_46,ACCACIA ACADEMY MUYENGA,2026-08-01 19:00:00+00:00,107.79587230158731,Unhealthy
aq_46,ACCACIA ACADEMY MUYENGA,2026-08-01 20:00:00+00:00,108.22993575396825,Unhealthy
aq_46,ACCACIA ACADEMY MUYENGA,2026-08-01 21:00:00+00:00,102.90583851190473,Unhealthy
aq_46,ACCACIA ACADEMY MUYENGA,2026-08-01 22:00:00+00:00,88.0105061309524,Unhealthy
aq_46,ACCACIA ACADEMY MUYENGA,2026-08-01 23:00:00+00:00,80.17985414682539,Unhealthy
aq_47,"Bukoto I, Kawempe",2026-08-01 00:00:00+00:00,70.75249988095239,Unhealthy
aq_47,"Bukoto I, Kawempe",2026-08-01 01:00:00+00:00,68.77122755952381,Unhealthy
aq_47,"Bukoto I, Kawempe",2026-08-01 02:00:00+00:00,66.84578791666667,Unhealthy
aq_47,"Bukoto I, Kawempe",2026-08-01 03:00:00+00:00,67.3944601984127,Unhealthy
aq_47,"Bukoto I, Kawempe",2026-08-01 04:00:00+00:00,67.0453039484127,Unhealthy
aq_47,"Bukoto I, Kawempe",2026-08-01 05:00:00+00:00,71.86542874999998,Unhealthy
aq_47,"Bukoto I, Kawempe",2026-08-01 06:00:00+00:00,67.0867491468254,Unhealthy
aq_47,"Bukoto I, Kawempe",2026-08-01 07:00:00+00:00,52.79681115079365,Unhealthy for Sensitive Groups
aq_47,"Bukoto I, Kawempe",2026-08-01 08:00:00+00:00,29.54443702380952,Moderate
aq_47,"Bukoto I, Kawempe",2026-08-01 09:00:00+00:00,34.536956884920635,Moderate
aq_47,"Bukoto I, Kawempe",2026-08-01 10:00:00+00:00,38.71922,Unhealthy for Sensitive Groups
aq_47,"Bukoto I, Kawempe",2026-08-01 11:00:00+00:00,41.26305857142857,Unhealthy for Sensitive Groups
aq_47,"Bukoto I, Kawempe",2026-08-01 12:00:00+00:00,33.472652424242426,Moderate
aq_47,"Bukoto I, Kawempe",2026-08-01 13:00:00+00:00,48.72589119047618,Unhealthy for Sensitive Groups
aq_47,"Bukoto I, Kawempe",2026-08-01 14:00:00+00:00,44.13758989163614,Unhealthy for Sensitive Groups
aq_47,"Bukoto I, Kawempe",2026-08-01 15:00:00+00:00,54.35778607142856,Unhealthy for Sensitive Groups
aq_47,"Bukoto I, Kawempe",2026-08-01 16:00:00+00:00,73.15475279761907,Unhealthy
aq_47,"Bukoto I, Kawempe",2026-08-01 17:00:00+00:00,82.87142480158732,Unhealthy
aq_47,"Bukoto I, Kawempe",2026-08-01 18:00:00+00:00,100.55129684523801,Unhealthy
aq_47,"Bukoto I, Kawempe",2026-08-01 19:00:00+00:00,86.9614666666667,Unhealthy
aq_47,"Bukoto I, Kawempe",2026-08-01 20:00:00+00:00,85.18943492063494,Unhealthy
aq_47,"Bukoto I, Kawempe",2026-08-01 21:00:00+00:00,76.53428964285715,Unhealthy
aq_47,"Bukoto I, Kawempe",2026-08-01 22:00:00+00:00,77.2702167857143,Unhealthy
aq_47,"Bukoto I, Kawempe",2026-08-01 23:00:00+00:00,71.19902142857143,Unhealthy
aq_48,"Seguku, Makindye-Ssabagabo",2026-08-01 00:00:00+00:00,31.306573333333336,Moderate
aq_48,"Seguku, Makindye-Ssabagabo",2026-08-01 01:00:00+00:00,29.634528333333336,Moderate
aq_48,"Seguku, Makindye-Ssabagabo",2026-08-01 02:00:00+00:00,40.13707517857142,Unhealthy for Sensitive Groups
aq_48,"Seguku, Makindye-Ssabagabo",2026-08-01 03:00:00+00:00,36.55233976190476,Unhealthy for Sensitive Groups
aq_48,"Seguku, Makindye-Ssabagabo",2026-08-01 04:00:00+00:00,10.286706269841275,Moderate
aq_48,"Seguku, Makindye-Ssabagabo",2026-08-01 05:00:00+00:00,10.399762420634929,Moderate
aq_48,"Seguku, Makindye-Ssabagabo",2026-08-01 06:00:00+00:00,38.839879583333335,Unhealthy for Sensitive Groups
aq_48,"Seguku, Makindye-Ssabagabo",2026-08-01 07:00:00+00:00,18.430202539682536,Moderate
aq_48,"Seguku, Makindye-Ssabagabo",2026-08-01 08:00:00+00:00,13.9924565873016,Moderate
aq_48,"Seguku, Makindye-Ssabagabo",2026-08-01 09:00:00+00:00,15.935390396825401,Moderate
aq_48,"Seguku, Makindye-Ssabagabo",2026-08-01 10:00:00+00:00,11.224578888888885,Moderate
aq_48,"Seguku, Makindye-Ssabagabo",2026-08-01 11:00:00+00:00,11.200139523809526,Moderate
aq_48,"Seguku, Makindye-Ssabagabo",2026-08-01 12:00:00+00:00,18.06193452380952,Moderate
aq_48,"Seguku, Makindye-Ssabagabo",2026-08-01 13:00:00+00:00,15.555808095238095,Moderate
aq_48,"Seguku, Makindye-Ssabagabo",2026-08-01 14:00:00+00:00,14.219252083333334,Moderate
aq_48,"Seguku, Makindye-Ssabagabo",2026-08-01 15:00:00+00:00,60.13733601190476,Unhealthy
aq_48,"Seguku, Makindye-Ssabagabo",2026-08-01 16:00:00+00:00,53.28202446428571,Unhealthy for Sensitive Groups
aq_48,"Seguku, Makindye-Ssabagabo",2026-08-01 17:00:00+00:00,65.57884071428572,Unhealthy
aq_48,"Seguku, Makindye-Ssabagabo",2026-08-01 18:00:00+00:00,64.43977964285715,Unhealthy
aq_48,"Seguku, Makindye-Ssabagabo",2026-08-01 19:00:00+00:00,63.373905119047635,Unhealthy
aq_48,"Seguku, Makindye-Ssabagabo",2026-08-01 20:00:00+00:00,43.772656031746024,Unhealthy for Sensitive Groups
aq_48,"Seguku, Makindye-Ssabagabo",2026-08-01 21:00:00+00:00,35.47460261904762,Moderate
aq_48,"Seguku, Makindye-Ssabagabo",2026-08-01 22:00:00+00:00,58.61396815476192,Unhealthy
aq_48,"Seguku, Makindye-Ssabagabo",2026-08-01 23:00:00+00:00,56.12907882936508,Unhealthy
aq_54,"Kalerwe, Kawempe",2026-08-01 00:00:00+00:00,81.77777964285718,Unhealthy
aq_54,"Kalerwe, Kawempe",2026-08-01 01:00:00+00:00,119.77236599025977,Unhealthy
aq_54,"Kalerwe, Kawempe",2026-08-01 02:00:00+00:00,120.14756575216451,Unhealthy
aq_54,"Kalerwe, Kawempe",2026-08-01 03:00:00+00:00,119.54297277597404,Unhealthy
aq_54,"Kalerwe, Kawempe",2026-08-01 04:00:00+00:00,115.58417686327563,Unhealthy
aq_54,"Kalerwe, Kawempe",2026-08-01 05:00:00+00:00,105.3812732738096,Unhealthy
aq_54,"Kalerwe, Kawempe",2026-08-01 06:00:00+00:00,97.00312097222223,Unhealthy
aq_54,"Kalerwe, Kawempe",2026-08-01 07:00:00+00:00,71.67049738095237,Unhealthy
aq_54,"Kalerwe, Kawempe",2026-08-01 08:00:00+00:00,69.46780220238095,Unhealthy
aq_54,"Kalerwe, Kawempe",2026-08-01 09:00:00+00:00,64.14481343253966,Unhealthy
aq_54,"Kalerwe, Kawempe",2026-08-01 10:00:00+00:00,64.34061847222223,Unhealthy
aq_54,"Kalerwe, Kawempe",2026-08-01 11:00:00+00:00,54.5277088095238,Unhealthy for Sensitive Groups
aq_54,"Kalerwe, Kawempe",2026-08-01 12:00:00+00:00,52.806043041125534,Unhealthy for Sensitive Groups
aq_54,"Kalerwe, Kawempe",2026-08-01 13:00:00+00:00,55.165006726190484,Unhealthy for Sensitive Groups
aq_54,"Kalerwe, Kawempe",2026-08-01 14:00:00+00:00,54.53249997835498,Unhealthy for Sensitive Groups
aq_54,"Kalerwe, Kawempe",2026-08-01 15:00:00+00:00,23.575465396825397,Moderate
aq_54,"Kalerwe, Kawempe",2026-08-01 16:00:00+00:00,68.08867940476189,Unhealthy
aq_54,"Kalerwe, Kawempe",2026-08-01 17:00:00+00:00,77.65965801587299,Unhealthy
aq_54,"Kalerwe, Kawempe",2026-08-01 18:00:00+00:00,43.986795297619054,Unhealthy for Sensitive Groups
aq_54,"Kalerwe, Kawempe",2026-08-01 19:00:00+00:00,77.78131759920637,Unhealthy
aq_54,"Kalerwe, Kawempe",2026-08-01 20:00:00+00:00,77.6666776785714,Unhealthy
aq_54,"Kalerwe, Kawempe",2026-08-01 21:00:00+00:00,79.50201892857143,Unhealthy
aq_54,"Kalerwe, Kawempe",2026-08-01 22:00:00+00:00,68.92677549603177,Unhealthy
aq_54,"Kalerwe, Kawempe",2026-08-01 23:00:00+00:00,68.54929646825396,Unhealthy
aq_58,"Nansana east ward, Wakiso",2026-08-01 00:00:00+00:00,27.23653797619048,Moderate
aq_58,"Nansana east ward, Wakiso",2026-08-01 01:00:00+00:00,29.496070595238095,Moderate
aq_58,"Nansana east ward, Wakiso",2026-08-01 02:00:00+00:00,30.734649067460317,Moderate
aq_58,"Nansana east ward, Wakiso",2026-08-01 03:00:00+00:00,30.298416249999995,Moderate
aq_58,"Nansana east ward, Wakiso",2026-08-01 04:00:00+00:00,39.6522981547619,Unhealthy for Sensitive Groups
aq_58,"Nansana east ward, Wakiso",2026-08-01 05:00:00+00:00,44.268174226190474,Unhealthy for Sensitive Groups
aq_58,"Nansana east ward, Wakiso",2026-08-01 06:00:00+00:00,35.823626369047616,Unhealthy for Sensitive Groups
aq_58,"Nansana east ward, Wakiso",2026-08-01 07:00:00+00:00,18.028701785714304,Moderate
aq_58,"Nansana east ward, Wakiso",2026-08-01 08:00:00+00:00,17.053992797619046,Moderate
aq_58,"Nansana east ward, Wakiso",2026-08-01 09:00:00+00:00,17.005962519841272,Moderate
aq_58,"Nansana east ward, Wakiso",2026-08-01 10:00:00+00:00,23.2537473015873,Moderate
aq_58,"Nansana east ward, Wakiso",2026-08-01 11:00:00+00:00,20.636947202380956,Moderate
aq_58,"Nansana east ward, Wakiso",2026-08-01 12:00:00+00:00,17.389157757936506,Moderate
aq_58,"Nansana east ward, Wakiso",2026-08-01 13:00:00+00:00,16.241164365079364,Moderate
aq_58,"Nansana east ward, Wakiso",2026-08-01 14:00:00+00:00,16.81908276334776,Moderate
aq_58,"Nansana east ward, Wakiso",2026-08-01 15:00:00+00:00,18.599335000000004,Moderate
aq_58,"Nansana east ward, Wakiso",2026-08-01 16:00:00+00:00,19.121288214285727,Moderate
aq_58,"Nansana east ward, Wakiso",2026-08-01 17:00:00+00:00,26.928999642857143,Moderate
aq_58,"Nansana east ward, Wakiso",2026-08-01 18:00:00+00:00,35.99028642857143,Unhealthy for Sensitive Groups
aq_58,"Nansana east ward, Wakiso",2026-08-01 19:00:00+00:00,26.897926428571427,Moderate
aq_58,"Nansana east ward, Wakiso",2026-08-01 20:00:00+00:00,19.658471369047618,Moderate
aq_58,"Nansana east ward, Wakiso",2026-08-01 21:00:00+00:00,23.521181845238097,Moderate
aq_58,"Nansana east ward, Wakiso",2026-08-01 22:00:00+00:00,19.959206369047635,Moderate
aq_58,"Nansana east ward, Wakiso",2026-08-01 23:00:00+00:00,17.18257228174603,Moderate
aq_59,"Kyaliwajala, Kira Municipality",2026-08-01 00:00:00+00:00,75.18137107142854,Unhealthy
aq_59,"Kyaliwajala, Kira Municipality",2026-08-01 01:00:00+00:00,67.02523351190474,Unhealthy
aq_59,"Kyaliwajala, Kira Municipality",2026-08-01 02:00:00+00:00,90.78757565476192,Unhealthy
aq_59,"Kyaliwajala, Kira Municipality",2026-08-01 03:00:00+00:00,94.76479303571428,Unhealthy
aq_59,"Kyaliwajala, Kira Municipality",2026-08-01 04:00:00+00:00,93.40131367063488,Unhealthy
aq_59,"Kyaliwajala, Kira Municipality",2026-08-01 05:00:00+00:00,90.54254539682535,Unhealthy
aq_59,"Kyaliwajala, Kira Municipality",2026-08-01 06:00:00+00:00,70.61365156746032,Unhealthy
aq_59,"Kyaliwajala, Kira Municipality",2026-08-01 07:00:00+00:00,64.79282619047619,Unhealthy
aq_59,"Kyaliwajala, Kira Municipality",2026-08-01 08:00:00+00:00,62.24256317460318,Unhealthy
aq_59,"Kyaliwajala, Kira Municipality",2026-08-01 09:00:00+00:00,71.3700644047619,Unhealthy
aq_59,"Kyaliwajala, Kira Municipality",2026-08-01 10:00:00+00:00,59.258635595238104,Unhealthy
aq_59,"Kyaliwajala, Kira Municipality",2026-08-01 11:00:00+00:00,57.36642263888889,Unhealthy
aq_59,"Kyaliwajala, Kira Municipality",2026-08-01 12:00:00+00:00,63.72423738095236,Unhealthy
aq_59,"Kyaliwajala, Kira Municipality",2026-08-01 13:00:00+00:00,64.4582175,Unhealthy
aq_59,"Kyaliwajala, Kira Municipality",2026-08-01 14:00:00+00:00,67.77952238095236,Unhealthy
aq_59,"Kyaliwajala, Kira Municipality",2026-08-01 15:00:00+00:00,69.83653357142857,Unhealthy
aq_59,"Kyaliwajala, Kira Municipality",2026-08-01 16:00:00+00:00,56.36038049603175,Unhealthy
aq_59,"Kyaliwajala, Kira Municipality",2026-08-01 17:00:00+00:00,61.199104444444444,Unhealthy
aq_59,"Kyaliwajala, Kira Municipality",2026-08-01 18:00:00+00:00,66.94498271825395,Unhealthy
aq_59,"Kyaliwajala, Kira Municipality",2026-08-01 19:00:00+00:00,68.29570779761906,Unhealthy
aq_59,"Kyaliwajala, Kira Municipality",2026-08-01 20:00:00+00:00,66.51442577380953,Unhealthy
aq_59,"Kyaliwajala, Kira Municipality",2026-08-01 21:00:00+00:00,69.41517077380952,Unhealthy
aq_59,"Kyaliwajala, Kira Municipality",2026-08-01 22:00:00+00:00,66.37351422619048,Unhealthy
aq_59,"Kyaliwajala, Kira Municipality",2026-08-01 23:00:00+00:00,67.6182476190476,Unhealthy
aq_60,"Butabika, Nakawa",2026-08-01 00:00:00+00:00,33.88311146825397,Moderate
aq_60,"Butabika, Nakawa",2026-08-01 01:00:00+00:00,45.513107023809525,Unhealthy for Sensitive Groups
aq_60,"Butabika, Nakawa",2026-08-01 02:00:00+00:00,35.64385982142857,Unhealthy for Sensitive Groups
aq_60,"Butabika, Nakawa",2026-08-01 03:00:00+00:00,46.721003690476195,Unhealthy for Sensitive Groups
aq_60,"Butabika, Nakawa",2026-08-01 04:00:00+00:00,56.83808829365081,Unhealthy
aq_60,"Butabika, Nakawa",2026-08-01 05:00:00+00:00,54.83902379870129,Unhealthy for Sensitive Groups
aq_60,"Butabika, Nakawa",2026-08-01 06:00:00+00:00,43.42791869047619,Unhealthy for Sensitive Groups
aq_60,"Butabika, Nakawa",2026-08-01 07:00:00+00:00,25.936065773809528,Moderate
aq_60,"Butabika, Nakawa",2026-08-01 08:00:00+00:00,12.97781196428571,Moderate
aq_60,"Butabika, Nakawa",2026-08-01 09:00:00+00:00,17.942297638888885,Moderate
aq_60,"Butabika, Nakawa",2026-08-01 10:00:00+00:00,20.627114702380958,Moderate
aq_60,"Butabika, Nakawa",2026-08-01 11:00:00+00:00,21.067915654761897,Moderate
aq_60,"Butabika, Nakawa",2026-08-01 12:00:00+00:00,26.339061190476194,Moderate
aq_60,"Butabika, Nakawa",2026-08-01 13:00:00+00:00,23.34444428571428,Moderate
aq_60,"Butabika, Nakawa",2026-08-01 14:00:00+00:00,20.7013093452381,Moderate
aq_60,"Butabika, Nakawa",2026-08-01 15:00:00+00:00,26.829763452380945,Moderate
aq_60,"Butabika, Nakawa",2026-08-01 16:00:00+00:00,34.62928255952381,Moderate
aq_60,"Butabika, Nakawa",2026-08-01 17:00:00+00:00,44.97701587301587,Unhealthy for Sensitive Groups
aq_60,"Butabika, Nakawa",2026-08-01 18:00:00+00:00,47.218507619047614,Unhealthy for Sensitive Groups
aq_60,"Butabika, Nakawa",2026-08-01 19:00:00+00:00,49.55405525793651,Unhealthy for Sensitive Groups
aq_60,"Butabika, Nakawa",2026-08-01 20:00:00+00:00,53.62491103174604,Unhealthy for Sensitive Groups
aq_60,"Butabika, Nakawa",2026-08-01 21:00:00+00:00,54.01335240079365,Unhealthy for Sensitive Groups
aq_60,"Butabika, Nakawa",2026-08-01 22:00:00+00:00,39.24849672619048,Unhealthy for Sensitive Groups
aq_60,"Butabika, Nakawa",2026-08-01 23:00:00+00:00,41.06042869047619,Unhealthy for Sensitive Groups
aq_62,"Makerere University_01, Kawempe",2026-08-01 00:00:00+00:00,73.47812345238097,Unhealthy
aq_62,"Makerere University_01, Kawempe",2026-08-01 01:00:00+00:00,73.04633011904761,Unhealthy
aq_62,"Makerere University_01, Kawempe",2026-08-01 02:00:00+00:00,65.57806273809524,Unhealthy
aq_62,"Makerere University_01, Kawempe",2026-08-01 03:00:00+00:00,71.05984363095239,Unhealthy
aq_62,"Makerere University_01, Kawempe",2026-08-01 04:00:00+00:00,95.21645874999999,Unhealthy
aq_62,"Makerere University_01, Kawempe",2026-08-01 05:00:00+00:00,97.50444869047615,Unhealthy
aq_62,"Makerere University_01, Kawempe",2026-08-01 06:00:00+00:00,82.5363092261905,Unhealthy
aq_62,"Makerere University_01, Kawempe",2026-08-01 07:00:00+00:00,67.30079569444445,Unhealthy
aq_62,"Makerere University_01, Kawempe",2026-08-01 08:00:00+00:00,59.372946130952386,Unhealthy
aq_62,"Makerere University_01, Kawempe",2026-08-01 09:00:00+00:00,62.34847994227994,Unhealthy
aq_62,"Makerere University_01, Kawempe",2026-08-01 10:00:00+00:00,38.85804839285714,Unhealthy for Sensitive Groups
aq_62,"Makerere University_01, Kawempe",2026-08-01 11:00:00+00:00,36.8835119047619,Unhealthy for Sensitive Groups
aq_62,"Makerere University_01, Kawempe",2026-08-01 12:00:00+00:00,62.63538547619046,Unhealthy
aq_62,"Makerere University_01, Kawempe",2026-08-01 13:00:00+00:00,56.54829984126984,Unhealthy
aq_62,"Makerere University_01, Kawempe",2026-08-01 14:00:00+00:00,46.99464422619049,Unhealthy for Sensitive Groups
aq_62,"Makerere University_01, Kawempe",2026-08-01 15:00:00+00:00,49.44496773809524,Unhealthy for Sensitive Groups
aq_62,"Makerere University_01, Kawempe",2026-08-01 16:00:00+00:00,64.97954906746031,Unhealthy
aq_62,"Makerere University_01, Kawempe",2026-08-01 17:00:00+00:00,72.77836607142856,Unhealthy
aq_62,"Makerere University_01, Kawempe",2026-08-01 18:00:00+00:00,77.51927503968255,Unhealthy
aq_62,"Makerere University_01, Kawempe",2026-08-01 19:00:00+00:00,77.78031214285716,Unhealthy
aq_62,"Makerere University_01, Kawempe",2026-08-01 20:00:00+00:00,76.05850214285715,Unhealthy
aq_62,"Makerere University_01, Kawempe",2026-08-01 21:00:00+00:00,73.38843446428572,Unhealthy
aq_62,"Makerere University_01, Kawempe",2026-08-01 22:00:00+00:00,62.32477367063494,Unhealthy
aq_62,"Makerere University_01, Kawempe",2026-08-01 23:00:00+00:00,61.689352638888906,Unhealthy
aq_66,"Nakasero II, Kampala 66",2026-08-01 00:00:00+00:00,40.63342720238095,Unhealthy for Sensitive Groups
aq_66,"Nakasero II, Kampala 66",2026-08-01 01:00:00+00:00,48.78894638888889,Unhealthy for Sensitive Groups
aq_66,"Nakasero II, Kampala 66",2026-08-01 02:00:00+00:00,45.51318575396826,Unhealthy for Sensitive Groups
aq_66,"Nakasero II, Kampala 66",2026-08-01 03:00:00+00:00,39.826076388888886,Unhealthy for Sensitive Groups
aq_66,"Nakasero II, Kampala 66",2026-08-01 04:00:00+00:00,51.18147761904762,Unhealthy for Sensitive Groups
aq_66,"Nakasero II, Kampala 66",2026-08-01 05:00:00+00:00,59.494281488095226,Unhealthy
aq_66,"Nakasero II, Kampala 66",2026-08-01 06:00:00+00:00,44.19594390873016,Unhealthy for Sensitive Groups
aq_66,"Nakasero II, Kampala 66",2026-08-01 07:00:00+00:00,28.15966452380952,Moderate
aq_66,"Nakasero II, Kampala 66",2026-08-01 08:00:00+00:00,27.001694303751805,Moderate
aq_66,"Nakasero II, Kampala 66",2026-08-01 09:00:00+00:00,22.726386547619057,Moderate
aq_66,"Nakasero II, Kampala 66",2026-08-01 10:00:00+00:00,17.568743988095246,Moderate
aq_66,"Nakasero II, Kampala 66",2026-08-01 11:00:00+00:00,17.329459404761906,Moderate
aq_66,"Nakasero II, Kampala 66",2026-08-01 12:00:00+00:00,18.65635595238095,Moderate
aq_66,"Nakasero II, Kampala 66",2026-08-01 13:00:00+00:00,16.52852422619048,Moderate
aq_66,"Nakasero II, Kampala 66",2026-08-01 14:00:00+00:00,18.202032619047603,Moderate
aq_66,"Nakasero II, Kampala 66",2026-08-01 15:00:00+00:00,21.697303035714295,Moderate
aq_66,"Nakasero II, Kampala 66",2026-08-01 16:00:00+00:00,36.150237817460315,Unhealthy for Sensitive Groups
aq_66,"Nakasero II, Kampala 66",2026-08-01 17:00:00+00:00,46.418716448412695,Unhealthy for Sensitive Groups
aq_66,"Nakasero II, Kampala 66",2026-08-01 18:00:00+00:00,68.75288813492064,Unhealthy
aq_66,"Nakasero II, Kampala 66",2026-08-01 19:00:00+00:00,47.51074410714286,Unhealthy for Sensitive Groups
aq_66,"Nakasero II, Kampala 66",2026-08-01 20:00:00+00:00,50.263409642857134,Unhealthy for Sensitive Groups
aq_66,"Nakasero II, Kampala 66",2026-08-01 21:00:00+00:00,46.216439246031754,Unhealthy for Sensitive Groups
aq_66,"Nakasero II, Kampala 66",2026-08-01 22:00:00+00:00,41.57279662698412,Unhealthy for Sensitive Groups
aq_66,"Nakasero II, Kampala 66",2026-08-01 23:00:00+00:00,44.12235938492063,Unhealthy for Sensitive Groups
aq_69,"Ntinda Junction, Kampala Uganda",2026-08-01 00:00:00+00:00,62.36294636904759,Unhealthy
aq_69,"Ntinda Junction, Kampala Uganda",2026-08-01 01:00:00+00:00,64.60861101190477,Unhealthy
aq_69,"Ntinda Junction, Kampala Uganda",2026-08-01 02:00:00+00:00,65.2047744642857,Unhealthy
aq_69,"Ntinda Junction, Kampala Uganda",2026-08-01 03:00:00+00:00,70.9807024404762,Unhealthy
aq_69,"Ntinda Junction, Kampala Uganda",2026-08-01 04:00:00+00:00,64.45157793650793,Unhealthy
aq_69,"Ntinda Junction, Kampala Uganda",2026-08-01 05:00:00+00:00,63.96697805555554,Unhealthy
aq_69,"Ntinda Junction, Kampala Uganda",2026-08-01 06:00:00+00:00,62.73642345238093,Unhealthy
aq_69,"Ntinda Junction, Kampala Uganda",2026-08-01 07:00:00+00:00,59.13130874999999,Unhealthy
aq_69,"Ntinda Junction, Kampala Uganda",2026-08-01 08:00:00+00:00,47.00041410714286,Unhealthy for Sensitive Groups
aq_69,"Ntinda Junction, Kampala Uganda",2026-08-01 09:00:00+00:00,39.74967583333334,Unhealthy for Sensitive Groups
aq_69,"Ntinda Junction, Kampala Uganda",2026-08-01 10:00:00+00:00,41.94159988095238,Unhealthy for Sensitive Groups
aq_69,"Ntinda Junction, Kampala Uganda",2026-08-01 11:00:00+00:00,32.81077226190476,Moderate
aq_69,"Ntinda Junction, Kampala Uganda",2026-08-01 12:00:00+00:00,47.79524767857143,Unhealthy for Sensitive Groups
aq_69,"Ntinda Junction, Kampala Uganda",2026-08-01 13:00:00+00:00,53.00684714285713,Unhealthy for Sensitive Groups
aq_69,"Ntinda Junction, Kampala Uganda",2026-08-01 14:00:00+00:00,31.065403115079366,Moderate
aq_69,"Ntinda Junction, Kampala Uganda",2026-08-01 15:00:00+00:00,34.95483986111111,Moderate
aq_69,"Ntinda Junction, Kampala Uganda",2026-08-01 16:00:00+00:00,45.4377795436508,Unhealthy for Sensitive Groups
aq_69,"Ntinda Junction, Kampala Uganda",2026-08-01 17:00:00+00:00,63.711049404761916,Unhealthy
aq_69,"Ntinda Junction, Kampala Uganda",2026-08-01 18:00:00+00:00,67.88273767857144,Unhealthy
aq_69,"Ntinda Junction, Kampala Uganda",2026-08-01 19:00:00+00:00,66.31140136904764,Unhealthy
aq_69,"Ntinda Junction, Kampala Uganda",2026-08-01 20:00:00+00:00,69.39582249999998,Unhealthy
aq_69,"Ntinda Junction, Kampala Uganda",2026-08-01 21:00:00+00:00,40.43248138888889,Unhealthy for Sensitive Groups
aq_69,"Ntinda Junction, Kampala Uganda",2026-08-01 22:00:00+00:00,30.125295833333332,Moderate
aq_69,"Ntinda Junction, Kampala Uganda",2026-08-01 23:00:00+00:00,39.217270337301585,Unhealthy for Sensitive Groups
aq_70,"Kasenge, Wakiso",2026-08-01 00:00:00+00:00,107.8588762878788,Unhealthy
aq_70,"Kasenge, Wakiso",2026-08-01 01:00:00+00:00,109.51647920454549,Unhealthy
aq_70,"Kasenge, Wakiso",2026-08-01 02:00:00+00:00,110.82720277777779,Unhealthy
aq_70,"Kasenge, Wakiso",2026-08-01 03:00:00+00:00,107.9716668235931,Unhealthy
aq_70,"Kasenge, Wakiso",2026-08-01 04:00:00+00:00,107.37696920454546,Unhealthy
aq_70,"Kasenge, Wakiso",2026-08-01 05:00:00+00:00,109.24417360930735,Unhealthy
aq_70,"Kasenge, Wakiso",2026-08-01 06:00:00+00:00,107.5439158694084,Unhealthy
aq_70,"Kasenge, Wakiso",2026-08-01 07:00:00+00:00,75.12801222222224,Unhealthy
aq_70,"Kasenge, Wakiso",2026-08-01 08:00:00+00:00,70.68191077380952,Unhealthy
aq_70,"Kasenge, Wakiso",2026-08-01 09:00:00+00:00,70.7464138095238,Unhealthy
aq_70,"Kasenge, Wakiso",2026-08-01 10:00:00+00:00,67.70641613095239,Unhealthy
aq_70,"Kasenge, Wakiso",2026-08-01 11:00:00+00:00,69.3337217857143,Unhealthy
aq_70,"Kasenge, Wakiso",2026-08-01 12:00:00+00:00,71.69510785714286,Unhealthy
aq_70,"Kasenge, Wakiso",2026-08-01 13:00:00+00:00,73.14043791666666,Unhealthy
aq_70,"Kasenge, Wakiso",2026-08-01 14:00:00+00:00,72.74677386904764,Unhealthy
aq_70,"Kasenge, Wakiso",2026-08-01 15:00:00+00:00,72.94072113095238,Unhealthy
aq_70,"Kasenge, Wakiso",2026-08-01 16:00:00+00:00,99.19709009920633,Unhealthy
aq_70,"Kasenge, Wakiso",2026-08-01 17:00:00+00:00,100.092158015873,Unhealthy
aq_70,"Kasenge, Wakiso",2026-08-01 18:00:00+00:00,103.4903700595238,Unhealthy
aq_70,"Kasenge, Wakiso",2026-08-01 19:00:00+00:00,105.49595410714284,Unhealthy
aq_70,"Kasenge, Wakiso",2026-08-01 20:00:00+00:00,106.47778964285715,Unhealthy
aq_70,"Kasenge, Wakiso",2026-08-01 21:00:00+00:00,110.30144339285714,Unhealthy
aq_70,"Kasenge, Wakiso",2026-08-01 22:00:00+00:00,106.26163749999999,Unhealthy
aq_70,"Kasenge, Wakiso",2026-08-01 23:00:00+00:00,103.17313119047624,Unhealthy
aq_71,"Mbalwa, Kira Municipality",2026-08-01 00:00:00+00:00,89.82822529761903,Unhealthy
aq_71,"Mbalwa, Kira Municipality",2026-08-01 01:00:00+00:00,107.21667017857142,Unhealthy
aq_71,"Mbalwa, Kira Municipality",2026-08-01 02:00:00+00:00,91.25195202380954,Unhealthy
aq_71,"Mbalwa, Kira Municipality",2026-08-01 03:00:00+00:00,88.2069720833333,Unhealthy
aq_71,"Mbalwa, Kira Municipality",2026-08-01 04:00:00+00:00,91.52569474206348,Unhealthy
aq_71,"Mbalwa, Kira Municipality",2026-08-01 05:00:00+00:00,87.820202797619,Unhealthy
aq_71,"Mbalwa, Kira Municipality",2026-08-01 06:00:00+00:00,55.51310871031747,Unhealthy
aq_71,"Mbalwa, Kira Municipality",2026-08-01 07:00:00+00:00,47.69422583333332,Unhealthy for Sensitive Groups
aq_71,"Mbalwa, Kira Municipality",2026-08-01 08:00:00+00:00,52.09063029761904,Unhealthy for Sensitive Groups
aq_71,"Mbalwa, Kira Municipality",2026-08-01 09:00:00+00:00,45.84691587662337,Unhealthy for Sensitive Groups
aq_71,"Mbalwa, Kira Municipality",2026-08-01 10:00:00+00:00,42.734110416666674,Unhealthy for Sensitive Groups
aq_71,"Mbalwa, Kira Municipality",2026-08-01 11:00:00+00:00,42.79099761904762,Unhealthy for Sensitive Groups
aq_71,"Mbalwa, Kira Municipality",2026-08-01 12:00:00+00:00,17.86996438492063,Moderate
aq_71,"Mbalwa, Kira Municipality",2026-08-01 13:00:00+00:00,23.658499007936506,Moderate
aq_71,"Mbalwa, Kira Municipality",2026-08-01 14:00:00+00:00,18.05689581349206,Moderate
aq_71,"Mbalwa, Kira Municipality",2026-08-01 15:00:00+00:00,18.603846865079376,Moderate
aq_71,"Mbalwa, Kira Municipality",2026-08-01 16:00:00+00:00,39.5556301984127,Unhealthy for Sensitive Groups
aq_71,"Mbalwa, Kira Municipality",2026-08-01 17:00:00+00:00,51.017095773809515,Unhealthy for Sensitive Groups
aq_71,"Mbalwa, Kira Municipality",2026-08-01 18:00:00+00:00,74.95484803571429,Unhealthy
aq_71,"Mbalwa, Kira Municipality",2026-08-01 19:00:00+00:00,75.9333756547619,Unhealthy
aq_71,"Mbalwa, Kira Municipality",2026-08-01 20:00:00+00:00,54.37176210317459,Unhealthy for Sensitive Groups
aq_71,"Mbalwa, Kira Municipality",2026-08-01 21:00:00+00:00,52.07250892857142,Unhealthy for Sensitive Groups
aq_71,"Mbalwa, Kira Municipality",2026-08-01 22:00:00+00:00,55.866723988095245,Unhealthy
aq_71,"Mbalwa, Kira Municipality",2026-08-01 23:00:00+00:00,57.36794234126985,Unhealthy
aq_72,"Luwafu, Makindye",2026-08-01 00:00:00+00:00,33.20358011904762,Moderate
aq_72,"Luwafu, Makindye",2026-08-01 01:00:00+00:00,33.000239642857146,Moderate
aq_72,"Luwafu, Makindye",2026-08-01 02:00:00+00:00,34.90718476190476,Moderate
aq_72,"Luwafu, Makindye",2026-08-01 03:00:00+00:00,55.55997327380954,Unhealthy
aq_72,"Luwafu, Makindye",2026-08-01 04:00:00+00:00,77.69120196428572,Unhealthy
aq_72,"Luwafu, Makindye",2026-08-01 05:00:00+00:00,62.1751125,Unhealthy
aq_72,"Luwafu, Makindye",2026-08-01 06:00:00+00:00,47.91297583333335,Unhealthy for Sensitive Groups
aq_72,"Luwafu, Makindye",2026-08-01 07:00:00+00:00,36.967315535714285,Unhealthy for Sensitive Groups
aq_72,"Luwafu, Makindye",2026-08-01 08:00:00+00:00,27.484194345238095,Moderate
aq_72,"Luwafu, Makindye",2026-08-01 09:00:00+00:00,12.346596249999997,Moderate
aq_72,"Luwafu, Makindye",2026-08-01 10:00:00+00:00,13.04248644841271,Moderate
aq_72,"Luwafu, Makindye",2026-08-01 11:00:00+00:00,13.036836269841277,Moderate
aq_72,"Luwafu, Makindye",2026-08-01 12:00:00+00:00,10.89874853174604,Moderate
aq_72,"Luwafu, Makindye",2026-08-01 13:00:00+00:00,14.206170357142867,Moderate
aq_72,"Luwafu, Makindye",2026-08-01 14:00:00+00:00,16.271062738095235,Moderate
aq_72,"Luwafu, Makindye",2026-08-01 15:00:00+00:00,31.89930373015873,Moderate
aq_72,"Luwafu, Makindye",2026-08-01 16:00:00+00:00,32.49728291666667,Moderate
aq_72,"Luwafu, Makindye",2026-08-01 17:00:00+00:00,27.739663750000002,Moderate
aq_72,"Luwafu, Makindye",2026-08-01 18:00:00+00:00,28.728246304112552,Moderate
aq_72,"Luwafu, Makindye",2026-08-01 19:00:00+00:00,27.91194791666667,Moderate
aq_72,"Luwafu, Makindye",2026-08-01 20:00:00+00:00,46.36700217532467,Unhealthy for Sensitive Groups
aq_72,"Luwafu, Makindye",2026-08-01 21:00:00+00:00,52.446411369047624,Unhealthy for Sensitive Groups
aq_72,"Luwafu, Makindye",2026-08-01 22:00:00+00:00,43.7599590079365,Unhealthy for Sensitive Groups
aq_72,"Luwafu, Makindye",2026-08-01 23:00:00+00:00,29.41984556776557,Moderate
aq_78,"Lubanga Road, Mubende",2026-08-01 00:00:00+00:00,30.054905595238097,Moderate
aq_78,"Lubanga Road, Mubende",2026-08-01 01:00:00+00:00,31.169742261904762,Moderate
aq_78,"Lubanga Road, Mubende",2026-08-01 02:00:00+00:00,35.68461086038961,Unhealthy for Sensitive Groups
aq_78,"Lubanga Road, Mubende",2026-08-01 03:00:00+00:00,39.115129107142856,Unhealthy for Sensitive Groups
aq_78,"Lubanga Road, Mubende",2026-08-01 04:00:00+00:00,32.80293331349206,Moderate
aq_78,"Lubanga Road, Mubende",2026-08-01 05:00:00+00:00,38.930430158730154,Unhealthy for Sensitive Groups
aq_78,"Lubanga Road, Mubende",2026-08-01 06:00:00+00:00,30.83295013888889,Moderate
aq_78,"Lubanga Road, Mubende",2026-08-01 07:00:00+00:00,23.01513779761904,Moderate
aq_78,"Lubanga Road, Mubende",2026-08-01 08:00:00+00:00,18.614503690476184,Moderate
aq_78,"Lubanga Road, Mubende",2026-08-01 09:00:00+00:00,16.894386428571423,Moderate
aq_78,"Lubanga Road, Mubende",2026-08-01 10:00:00+00:00,16.790461190476183,Moderate
aq_78,"Lubanga Road, Mubende",2026-08-01 11:00:00+00:00,26.530617261904766,Moderate
aq_78,"Lubanga Road, Mubende",2026-08-01 12:00:00+00:00,17.870229404761908,Moderate
aq_78,"Lubanga Road, Mubende",2026-08-01 13:00:00+00:00,18.36518720238096,Moderate
aq_78,"Lubanga Road, Mubende",2026-08-01 14:00:00+00:00,18.660423888888886,Moderate
aq_78,"Lubanga Road, Mubende",2026-08-01 15:00:00+00:00,20.027251845238098,Moderate
aq_78,"Lubanga Road, Mubende",2026-08-01 16:00:00+00:00,27.585639226190473,Moderate
aq_78,"Lubanga Road, Mubende",2026-08-01 17:00:00+00:00,32.641046884920634,Moderate
aq_78,"Lubanga Road, Mubende",2026-08-01 18:00:00+00:00,38.83570146825397,Unhealthy for Sensitive Groups
aq_78,"Lubanga Road, Mubende",2026-08-01 19:00:00+00:00,43.79523309523809,Unhealthy for Sensitive Groups
aq_78,"Lubanga Road, Mubende",2026-08-01 20:00:00+00:00,43.29482880952381,Unhealthy for Sensitive Groups
aq_78,"Lubanga Road, Mubende",2026-08-01 21:00:00+00:00,34.91530613095238,Moderate
aq_78,"Lubanga Road, Mubende",2026-08-01 22:00:00+00:00,25.917643849206353,Moderate
aq_78,"Lubanga Road, Mubende",2026-08-01 23:00:00+00:00,26.918103571428567,Moderate
aq_79,"Ntinda, Nakawa",2026-08-01 00:00:00+00:00,81.90551732142859,Unhealthy
aq_79,"Ntinda, Nakawa",2026-08-01 01:00:00+00:00,90.27338674603175,Unhealthy
aq_79,"Ntinda, Nakawa",2026-08-01 02:00:00+00:00,101.6618421230159,Unhealthy
aq_79,"Ntinda, Nakawa",2026-08-01 03:00:00+00:00,117.35498198232325,Unhealthy
aq_79,"Ntinda, Nakawa",2026-08-01 04:00:00+00:00,93.89504529761905,Unhealthy
aq_79,"Ntinda, Nakawa",2026-08-01 05:00:00+00:00,96.98852773809521,Unhealthy
aq_79,"Ntinda, Nakawa",2026-08-01 06:00:00+00:00,92.5876790873016,Unhealthy
aq_79,"Ntinda, Nakawa",2026-08-01 07:00:00+00:00,66.63282909451661,Unhealthy
aq_79,"Ntinda, Nakawa",2026-08-01 08:00:00+00:00,55.358733948412706,Unhealthy for Sensitive Groups
aq_79,"Ntinda, Nakawa",2026-08-01 09:00:00+00:00,52.94510482683981,Unhealthy for Sensitive Groups
aq_79,"Ntinda, Nakawa",2026-08-01 10:00:00+00:00,52.91922517857144,Unhealthy for Sensitive Groups
aq_79,"Ntinda, Nakawa",2026-08-01 11:00:00+00:00,62.77301777777778,Unhealthy
aq_79,"Ntinda, Nakawa",2026-08-01 12:00:00+00:00,63.958842023809524,Unhealthy
aq_79,"Ntinda, Nakawa",2026-08-01 13:00:00+00:00,56.715781626984125,Unhealthy
aq_79,"Ntinda, Nakawa",2026-08-01 14:00:00+00:00,48.88624617424243,Unhealthy for Sensitive Groups
aq_79,"Ntinda, Nakawa",2026-08-01 15:00:00+00:00,54.54353166666667,Unhealthy for Sensitive Groups
aq_79,"Ntinda, Nakawa",2026-08-01 16:00:00+00:00,63.91341996212121,Unhealthy
aq_79,"Ntinda, Nakawa",2026-08-01 17:00:00+00:00,67.43933230158729,Unhealthy
aq_79,"Ntinda, Nakawa",2026-08-01 18:00:00+00:00,72.13478827380953,Unhealthy
aq_79,"Ntinda, Nakawa",2026-08-01 19:00:00+00:00,77.49831313492064,Unhealthy
aq_79,"Ntinda, Nakawa",2026-08-01 20:00:00+00:00,72.32566892857142,Unhealthy
aq_79,"Ntinda, Nakawa",2026-08-01 21:00:00+00:00,63.084233591269836,Unhealthy
aq_79,"Ntinda, Nakawa",2026-08-01 22:00:00+00:00,60.424600496031765,Unhealthy
aq_79,"Ntinda, Nakawa",2026-08-01 23:00:00+00:00,99.01695000000001,Unhealthy
aq_82,"Kamwokya, Kira Road, Kampala, Uganda",2026-08-01 00:00:00+00:00,34.32934061507937,Moderate
aq_82,"Kamwokya, Kira Road, Kampala, Uganda",2026-08-01 01:00:00+00:00,48.11213638888889,Unhealthy for Sensitive Groups
aq_82,"Kamwokya, Kira Road, Kampala, Uganda",2026-08-01 02:00:00+00:00,45.512377519841266,Unhealthy for Sensitive Groups
aq_82,"Kamwokya, Kira Road, Kampala, Uganda",2026-08-01 03:00:00+00:00,58.59485488095237,Unhealthy
aq_82,"Kamwokya, Kira Road, Kampala, Uganda",2026-08-01 04:00:00+00:00,68.32996353174605,Unhealthy
aq_82,"Kamwokya, Kira Road, Kampala, Uganda",2026-08-01 05:00:00+00:00,49.2491488095238,Unhealthy for Sensitive Groups
aq_82,"Kamwokya, Kira Road, Kampala, Uganda",2026-08-01 06:00:00+00:00,41.67181755952381,Unhealthy for Sensitive Groups
aq_82,"Kamwokya, Kira Road, Kampala, Uganda",2026-08-01 07:00:00+00:00,25.89022869047619,Moderate
aq_82,"Kamwokya, Kira Road, Kampala, Uganda",2026-08-01 08:00:00+00:00,23.557286428571423,Moderate
aq_82,"Kamwokya, Kira Road, Kampala, Uganda",2026-08-01 09:00:00+00:00,19.78879755952383,Moderate
aq_82,"Kamwokya, Kira Road, Kampala, Uganda",2026-08-01 10:00:00+00:00,30.3738685515873,Moderate
aq_82,"Kamwokya, Kira Road, Kampala, Uganda",2026-08-01 11:00:00+00:00,19.33326410714286,Moderate
aq_82,"Kamwokya, Kira Road, Kampala, Uganda",2026-08-01 12:00:00+00:00,32.876839861111115,Moderate
aq_82,"Kamwokya, Kira Road, Kampala, Uganda",2026-08-01 13:00:00+00:00,24.93796349206349,Moderate
aq_82,"Kamwokya, Kira Road, Kampala, Uganda",2026-08-01 14:00:00+00:00,32.1585394047619,Moderate
aq_82,"Kamwokya, Kira Road, Kampala, Uganda",2026-08-01 15:00:00+00:00,18.441036190476186,Moderate
aq_82,"Kamwokya, Kira Road, Kampala, Uganda",2026-08-01 16:00:00+00:00,23.166393149350647,Moderate
aq_82,"Kamwokya, Kira Road, Kampala, Uganda",2026-08-01 17:00:00+00:00,29.391944226190475,Moderate
aq_82,"Kamwokya, Kira Road, Kampala, Uganda",2026-08-01 18:00:00+00:00,39.34165759920634,Unhealthy for Sensitive Groups
aq_82,"Kamwokya, Kira Road, Kampala, Uganda",2026-08-01 19:00:00+00:00,37.13970694444445,Unhealthy for Sensitive Groups
aq_82,"Kamwokya, Kira Road, Kampala, Uganda",2026-08-01 20:00:00+00:00,33.44095992063492,Moderate
aq_82,"Kamwokya, Kira Road, Kampala, Uganda",2026-08-01 21:00:00+00:00,31.88844261904762,Moderate
aq_82,"Kamwokya, Kira Road, Kampala, Uganda",2026-08-01 22:00:00+00:00,23.259228095238097,Moderate
aq_82,"Kamwokya, Kira Road, Kampala, Uganda",2026-08-01 23:00:00+00:00,42.75363067460318,Unhealthy for Sensitive Groups
aq_88,"Makerere, Kawempe",2026-08-01 00:00:00+00:00,62.624628392857154,Unhealthy
aq_88,"Makerere, Kawempe",2026-08-01 01:00:00+00:00,66.25140940476189,Unhealthy
aq_88,"Makerere, Kawempe",2026-08-01 02:00:00+00:00,64.89318041666664,Unhealthy
aq_88,"Makerere, Kawempe",2026-08-01 03:00:00+00:00,54.38378214285714,Unhealthy for Sensitive Groups
aq_88,"Makerere, Kawempe",2026-08-01 04:00:00+00:00,65.61397327380953,Unhealthy
aq_88,"Makerere, Kawempe",2026-08-01 05:00:00+00:00,93.23023172619048,Unhealthy
aq_88,"Makerere, Kawempe",2026-08-01 06:00:00+00:00,70.06571761904763,Unhealthy
aq_88,"Makerere, Kawempe",2026-08-01 07:00:00+00:00,63.97203708333332,Unhealthy
aq_88,"Makerere, Kawempe",2026-08-01 08:00:00+00:00,59.421612976190474,Unhealthy
aq_88,"Makerere, Kawempe",2026-08-01 09:00:00+00:00,27.561276347402597,Moderate
aq_88,"Makerere, Kawempe",2026-08-01 10:00:00+00:00,18.14777494047619,Moderate
aq_88,"Makerere, Kawempe",2026-08-01 11:00:00+00:00,30.941084146825396,Moderate
aq_88,"Makerere, Kawempe",2026-08-01 12:00:00+00:00,34.46644740079365,Moderate
aq_88,"Makerere, Kawempe",2026-08-01 13:00:00+00:00,28.967446406926413,Moderate
aq_88,"Makerere, Kawempe",2026-08-01 14:00:00+00:00,19.96868321428572,Moderate
aq_88,"Makerere, Kawempe",2026-08-01 15:00:00+00:00,34.33766333333333,Moderate
aq_88,"Makerere, Kawempe",2026-08-01 16:00:00+00:00,65.65348238095237,Unhealthy
aq_88,"Makerere, Kawempe",2026-08-01 17:00:00+00:00,68.33661444444442,Unhealthy
aq_88,"Makerere, Kawempe",2026-08-01 18:00:00+00:00,70.97199916666669,Unhealthy
aq_88,"Makerere, Kawempe",2026-08-01 19:00:00+00:00,74.21092791666666,Unhealthy
aq_88,"Makerere, Kawempe",2026-08-01 20:00:00+00:00,96.40787470238094,Unhealthy
aq_88,"Makerere, Kawempe",2026-08-01 21:00:00+00:00,78.79856827380951,Unhealthy
aq_88,"Makerere, Kawempe",2026-08-01 22:00:00+00:00,70.64202083333333,Unhealthy
aq_88,"Makerere, Kawempe",2026-08-01 23:00:00+00:00,62.16354317460318,Unhealthy
aq_93,"Nyendo, Masaka",2026-08-01 00:00:00+00:00,48.04242837301587,Unhealthy for Sensitive Groups
aq_93,"Nyendo, Masaka",2026-08-01 01:00:00+00:00,37.83446904761905,Unhealthy for Sensitive Groups
aq_93,"Nyendo, Masaka",2026-08-01 02:00:00+00:00,39.79254196428572,Unhealthy for Sensitive Groups
aq_93,"Nyendo, Masaka",2026-08-01 03:00:00+00:00,45.303108928571426,Unhealthy for Sensitive Groups
aq_93,"Nyendo, Masaka",2026-08-01 04:00:00+00:00,52.90808710317461,Unhealthy for Sensitive Groups
aq_93,"Nyendo, Masaka",2026-08-01 05:00:00+00:00,56.09531375000001,Unhealthy
aq_93,"Nyendo, Masaka",2026-08-01 06:00:00+00:00,36.23110908730159,Unhealthy for Sensitive Groups
aq_93,"Nyendo, Masaka",2026-08-01 07:00:00+00:00,26.95565626984127,Moderate
aq_93,"Nyendo, Masaka",2026-08-01 08:00:00+00:00,18.651629642857138,Moderate
aq_93,"Nyendo, Masaka",2026-08-01 09:00:00+00:00,26.064125952380955,Moderate
aq_93,"Nyendo, Masaka",2026-08-01 10:00:00+00:00,23.430248273809532,Moderate
aq_93,"Nyendo, Masaka",2026-08-01 11:00:00+00:00,26.765898611111112,Moderate
aq_93,"Nyendo, Masaka",2026-08-01 12:00:00+00:00,20.34345109126985,Moderate
aq_93,"Nyendo, Masaka",2026-08-01 13:00:00+00:00,18.374853095238095,Moderate
aq_93,"Nyendo, Masaka",2026-08-01 14:00:00+00:00,18.447676964285716,Moderate
aq_93,"Nyendo, Masaka",2026-08-01 15:00:00+00:00,22.498233641774885,Moderate
aq_93,"Nyendo, Masaka",2026-08-01 16:00:00+00:00,34.21652738095238,Moderate
aq_93,"Nyendo, Masaka",2026-08-01 17:00:00+00:00,48.41151452380952,Unhealthy for Sensitive Groups
aq_93,"Nyendo, Masaka",2026-08-01 18:00:00+00:00,59.591047406204886,Unhealthy
aq_93,"Nyendo, Masaka",2026-08-01 19:00:00+00:00,55.35341000000001,Unhealthy for Sensitive Groups
aq_93,"Nyendo, Masaka",2026-08-01 20:00:00+00:00,43.213713472222224,Unhealthy for Sensitive Groups
aq_93,"Nyendo, Masaka",2026-08-01 21:00:00+00:00,40.46311134920635,Unhealthy for Sensitive Groups
aq_93,"Nyendo, Masaka",2026-08-01 22:00:00+00:00,43.22976740079365,Unhealthy for Sensitive Groups
aq_93,"Nyendo, Masaka",2026-08-01 23:00:00+00:00,48.07663910714285,Unhealthy for Sensitive Groups
aq_g4_95,"YMCA, Jinja",2026-08-01 00:00:00+00:00,36.02161501984127,Unhealthy for Sensitive Groups
aq_g4_95,"YMCA, Jinja",2026-08-01 01:00:00+00:00,27.56018267857143,Moderate
aq_g4_95,"YMCA, Jinja",2026-08-01 02:00:00+00:00,28.010813630952384,Moderate
aq_g4_95,"YMCA, Jinja",2026-08-01 03:00:00+00:00,35.123968035714284,Moderate
aq_g4_95,"YMCA, Jinja",2026-08-01 04:00:00+00:00,43.24078992424242,Unhealthy for Sensitive Groups
aq_g4_95,"YMCA, Jinja",2026-08-01 05:00:00+00:00,41.77035867424242,Unhealthy for Sensitive Groups
aq_g4_95,"YMCA, Jinja",2026-08-01 06:00:00+00:00,32.118214503968254,Moderate
aq_g4_95,"YMCA, Jinja",2026-08-01 07:00:00+00:00,20.920464226190465,Moderate
aq_g4_95,"YMCA, Jinja",2026-08-01 08:00:00+00:00,17.17869654761905,Moderate
aq_g4_95,"YMCA, Jinja",2026-08-01 09:00:00+00:00,16.60067817460317,Moderate
aq_g4_95,"YMCA, Jinja",2026-08-01 10:00:00+00:00,16.851695456349198,Moderate
aq_g4_95,"YMCA, Jinja",2026-08-01 11:00:00+00:00,15.895645119047614,Moderate
aq_g4_95,"YMCA, Jinja",2026-08-01 12:00:00+00:00,16.428644217171723,Moderate
aq_g4_95,"YMCA, Jinja",2026-08-01 13:00:00+00:00,16.656470308441556,Moderate
aq_g4_95,"YMCA, Jinja",2026-08-01 14:00:00+00:00,19.23058865079365,Moderate
aq_g4_95,"YMCA, Jinja",2026-08-01 15:00:00+00:00,20.574255097402588,Moderate
aq_g4_95,"YMCA, Jinja",2026-08-01 16:00:00+00:00,25.97490950396826,Moderate
aq_g4_95,"YMCA, Jinja",2026-08-01 17:00:00+00:00,35.89167095238095,Unhealthy for Sensitive Groups
aq_g4_95,"YMCA, Jinja",2026-08-01 18:00:00+00:00,34.244806845238095,Moderate
aq_g4_95,"YMCA, Jinja",2026-08-01 19:00:00+00:00,33.73228970238095,Moderate
aq_g4_95,"YMCA, Jinja",2026-08-01 20:00:00+00:00,47.45132220238094,Unhealthy for Sensitive Groups
aq_g4_95,"YMCA, Jinja",2026-08-01 21:00:00+00:00,47.25584474206349,Unhealthy for Sensitive Groups
aq_g4_95,"YMCA, Jinja",2026-08-01 22:00:00+00:00,48.682506726190475,Unhealthy for Sensitive Groups
aq_g4_95,"YMCA, Jinja",2026-08-01 23:00:00+00:00,37.755924285714286,Unhealthy for Sensitive Groups
aq_g4_99,"Rubaga Ward, Jinja City",2026-08-01 00:00:00+00:00,62.75189307539684,Unhealthy
aq_g4_99,"Rubaga Ward, Jinja City",2026-08-01 01:00:00+00:00,93.06542249999995,Unhealthy
aq_g4_99,"Rubaga Ward, Jinja City",2026-08-01 02:00:00+00:00,62.34132222222223,Unhealthy
aq_g4_99,"Rubaga Ward, Jinja City",2026-08-01 03:00:00+00:00,79.39884202380952,Unhealthy
aq_g4_99,"Rubaga Ward, Jinja City",2026-08-01 04:00:00+00:00,89.02612273809521,Unhealthy
aq_g4_99,"Rubaga Ward, Jinja City",2026-08-01 05:00:00+00:00,93.19337587301584,Unhealthy
aq_g4_99,"Rubaga Ward, Jinja City",2026-08-01 06:00:00+00:00,82.03248123015871,Unhealthy
aq_g4_99,"Rubaga Ward, Jinja City",2026-08-01 07:00:00+00:00,67.09958492063492,Unhealthy
aq_g4_99,"Rubaga Ward, Jinja City",2026-08-01 08:00:00+00:00,54.795492738095234,Unhealthy for Sensitive Groups
aq_g4_99,"Rubaga Ward, Jinja City",2026-08-01 09:00:00+00:00,49.39736662698414,Unhealthy for Sensitive Groups
aq_g4_99,"Rubaga Ward, Jinja City",2026-08-01 10:00:00+00:00,42.348679931318685,Unhealthy for Sensitive Groups
aq_g4_99,"Rubaga Ward, Jinja City",2026-08-01 11:00:00+00:00,33.951423313492064,Moderate
aq_g4_99,"Rubaga Ward, Jinja City",2026-08-01 12:00:00+00:00,34.077598134920635,Moderate
aq_g4_99,"Rubaga Ward, Jinja City",2026-08-01 13:00:00+00:00,31.756368095238095,Moderate
aq_g4_99,"Rubaga Ward, Jinja City",2026-08-01 14:00:00+00:00,29.693664722222223,Moderate
aq_g4_99,"Rubaga Ward, Jinja City",2026-08-01 15:00:00+00:00,30.92980992063492,Moderate
aq_g4_99,"Rubaga Ward, Jinja City",2026-08-01 16:00:00+00:00,45.90440785714286,Unhealthy for Sensitive Groups
aq_g4_99,"Rubaga Ward, Jinja City",2026-08-01 17:00:00+00:00,39.667390674603176,Unhealthy for Sensitive Groups
aq_g4_99,"Rubaga Ward, Jinja City",2026-08-01 18:00:00+00:00,72.67937357142858,Unhealthy
aq_g4_99,"Rubaga Ward, Jinja City",2026-08-01 19:00:00+00:00,67.64222291666667,Unhealthy
aq_g4_99,"Rubaga Ward, Jinja City",2026-08-01 20:00:00+00:00,66.12244858766236,Unhealthy
aq_g4_99,"Rubaga Ward, Jinja City",2026-08-01 21:00:00+00:00,64.46049023448776,Unhealthy
aq_g4_99,"Rubaga Ward, Jinja City",2026-08-01 22:00:00+00:00,59.94945865079364,Unhealthy
aq_g4_99,"Rubaga Ward, Jinja City",2026-08-01 23:00:00+00:00,59.656326210317445,Unhealthy
aq_g501,Makerere University Weather Station 94,2026-08-01 00:00:00+00:00,23.203787673160175,Moderate
aq_g501,Makerere University Weather Station 94,2026-08-01 01:00:00+00:00,29.712925,Moderate
aq_g501,Makerere University Weather Station 94,2026-08-01 02:00:00+00:00,28.303031607142856,Moderate
aq_g501,Makerere University Weather Station 94,2026-08-01 03:00:00+00:00,29.892094523809526,Moderate
aq_g501,Makerere University Weather Station 94,2026-08-01 04:00:00+00:00,29.57910511904762,Moderate
aq_g501,Makerere University Weather Station 94,2026-08-01 05:00:00+00:00,46.55509766233767,Unhealthy for Sensitive Groups
aq_g501,Makerere University Weather Station 94,2026-08-01 06:00:00+00:00,35.26244142857143,Moderate
aq_g501,Makerere University Weather Station 94,2026-08-01 07:00:00+00:00,17.732478630952382,Moderate
aq_g501,Makerere University Weather Station 94,2026-08-01 08:00:00+00:00,17.49449749999999,Moderate
aq_g501,Makerere University Weather Station 94,2026-08-01 09:00:00+00:00,16.52855023809524,Moderate
aq_g501,Makerere University Weather Station 94,2026-08-01 10:00:00+00:00,14.07601390331892,Moderate
aq_g501,Makerere University Weather Station 94,2026-08-01 11:00:00+00:00,12.544669603174594,Moderate
aq_g501,Makerere University Weather Station 94,2026-08-01 12:00:00+00:00,15.665326309523799,Moderate
aq_g501,Makerere University Weather Station 94,2026-08-01 13:00:00+00:00,12.680091369047624,Moderate
aq_g501,Makerere University Weather Station 94,2026-08-01 14:00:00+00:00,12.818726388888894,Moderate
aq_g501,Makerere University Weather Station 94,2026-08-01 15:00:00+00:00,15.255463452380955,Moderate
aq_g501,Makerere University Weather Station 94,2026-08-01 16:00:00+00:00,26.990074642857135,Moderate
aq_g501,Makerere University Weather Station 94,2026-08-01 17:00:00+00:00,26.037990476190473,Moderate
aq_g501,Makerere University Weather Station 94,2026-08-01 18:00:00+00:00,29.702703392857146,Moderate
aq_g501,Makerere University Weather Station 94,2026-08-01 19:00:00+00:00,52.53705083333334,Unhealthy for Sensitive Groups
aq_g501,Makerere University Weather Station 94,2026-08-01 20:00:00+00:00,35.10718958333333,Moderate
aq_g501,Makerere University Weather Station 94,2026-08-01 21:00:00+00:00,48.16524535714286,Unhealthy for Sensitive Groups
aq_g501,Makerere University Weather Station 94,2026-08-01 22:00:00+00:00,19.15390575396825,Moderate
aq_g501,Makerere University Weather Station 94,2026-08-01 23:00:00+00:00,22.578142142857143,Moderate
aq_g502,"Katende Ward, Jinja",2026-08-01 00:00:00+00:00,33.37293863095238,Moderate
aq_g502,"Katende Ward, Jinja",2026-08-01 01:00:00+00:00,35.85943549603175,Unhealthy for Sensitive Groups
aq_g502,"Katende Ward, Jinja",2026-08-01 02:00:00+00:00,39.479687222222225,Unhealthy for Sensitive Groups
aq_g502,"Katende Ward, Jinja",2026-08-01 03:00:00+00:00,40.49100166666667,Unhealthy for Sensitive Groups
aq_g502,"Katende Ward, Jinja",2026-08-01 04:00:00+00:00,30.29121132936508,Moderate
aq_g502,"Katende Ward, Jinja",2026-08-01 05:00:00+00:00,42.628378138528134,Unhealthy for Sensitive Groups
aq_g502,"Katende Ward, Jinja",2026-08-01 06:00:00+00:00,34.65261773809524,Moderate
aq_g502,"Katende Ward, Jinja",2026-08-01 07:00:00+00:00,26.73797591269841,Moderate
aq_g502,"Katende Ward, Jinja",2026-08-01 08:00:00+00:00,19.974434801587293,Moderate
aq_g502,"Katende Ward, Jinja",2026-08-01 09:00:00+00:00,24.953538452380954,Moderate
aq_g502,"Katende Ward, Jinja",2026-08-01 10:00:00+00:00,18.835374365079353,Moderate
aq_g502,"Katende Ward, Jinja",2026-08-01 11:00:00+00:00,23.179864583333337,Moderate
aq_g502,"Katende Ward, Jinja",2026-08-01 12:00:00+00:00,38.43989761904762,Unhealthy for Sensitive Groups
aq_g502,"Katende Ward, Jinja",2026-08-01 13:00:00+00:00,46.1361044047619,Unhealthy for Sensitive Groups
aq_g502,"Katende Ward, Jinja",2026-08-01 14:00:00+00:00,25.554114404761904,Moderate
aq_g502,"Katende Ward, Jinja",2026-08-01 15:00:00+00:00,42.74835249084249,Unhealthy for Sensitive Groups
aq_g502,"Katende Ward, Jinja",2026-08-01 16:00:00+00:00,55.78939625000001,Unhealthy
aq_g502,"Katende Ward, Jinja",2026-08-01 17:00:00+00:00,62.18330251984126,Unhealthy
aq_g502,"Katende Ward, Jinja",2026-08-01 18:00:00+00:00,45.608459543650795,Unhealthy for Sensitive Groups
aq_g502,"Katende Ward, Jinja",2026-08-01 19:00:00+00:00,56.54855136904762,Unhealthy
aq_g502,"Katende Ward, Jinja",2026-08-01 20:00:00+00:00,73.32064047619048,Unhealthy
aq_g502,"Katende Ward, Jinja",2026-08-01 21:00:00+00:00,62.383935198412715,Unhealthy
aq_g502,"Katende Ward, Jinja",2026-08-01 22:00:00+00:00,56.1706576388889,Unhealthy
aq_g502,"Katende Ward, Jinja",2026-08-01 23:00:00+00:00,58.51567668650793,Unhealthy
aq_g503,"Nakawa, KCCA Head Office",2026-08-01 00:00:00+00:00,12.36866791666666,Moderate
aq_g503,"Nakawa, KCCA Head Office",2026-08-01 01:00:00+00:00,15.00953055555556,Moderate
aq_g503,"Nakawa, KCCA Head Office",2026-08-01 02:00:00+00:00,17.384241626984128,Moderate
aq_g503,"Nakawa, KCCA Head Office",2026-08-01 03:00:00+00:00,20.362493809523805,Moderate
aq_g503,"Nakawa, KCCA Head Office",2026-08-01 04:00:00+00:00,15.94608208333334,Moderate
aq_g503,"Nakawa, KCCA Head Office",2026-08-01 05:00:00+00:00,30.41144507936508,Moderate
aq_g503,"Nakawa, KCCA Head Office",2026-08-01 06:00:00+00:00,15.655386230158737,Moderate
aq_g503,"Nakawa, KCCA Head Office",2026-08-01 07:00:00+00:00,15.348968452380955,Moderate
aq_g503,"Nakawa, KCCA Head Office",2026-08-01 08:00:00+00:00,14.746952123015877,Moderate
aq_g503,"Nakawa, KCCA Head Office",2026-08-01 09:00:00+00:00,16.845814761904762,Moderate
aq_g503,"Nakawa, KCCA Head Office",2026-08-01 10:00:00+00:00,14.514940853174593,Moderate
aq_g503,"Nakawa, KCCA Head Office",2026-08-01 11:00:00+00:00,15.185724960317469,Moderate
aq_g503,"Nakawa, KCCA Head Office",2026-08-01 12:00:00+00:00,10.302392142857158,Moderate
aq_g503,"Nakawa, KCCA Head Office",2026-08-01 13:00:00+00:00,13.30357470959596,Moderate
aq_g503,"Nakawa, KCCA Head Office",2026-08-01 14:00:00+00:00,13.57210357864357,Moderate
aq_g503,"Nakawa, KCCA Head Office",2026-08-01 15:00:00+00:00,18.29547220238096,Moderate
aq_g503,"Nakawa, KCCA Head Office",2026-08-01 16:00:00+00:00,22.808475059523808,Moderate
aq_g503,"Nakawa, KCCA Head Office",2026-08-01 17:00:00+00:00,25.202439444444444,Moderate
aq_g503,"Nakawa, KCCA Head Office",2026-08-01 18:00:00+00:00,47.802164642857136,Unhealthy for Sensitive Groups
aq_g503,"Nakawa, KCCA Head Office",2026-08-01 19:00:00+00:00,42.102140416666664,Unhealthy for Sensitive Groups
aq_g503,"Nakawa, KCCA Head Office",2026-08-01 20:00:00+00:00,60.033196091269836,Unhealthy
aq_g503,"Nakawa, KCCA Head Office",2026-08-01 21:00:00+00:00,60.8196552579365,Unhealthy
aq_g503,"Nakawa, KCCA Head Office",2026-08-01 22:00:00+00:00,35.33121380952381,Moderate
aq_g503,"Nakawa, KCCA Head Office",2026-08-01 23:00:00+00:00,46.26428452380952,Unhealthy for Sensitive Groups
aq_g505,Bukasa Kira Municipality Wakiso,2026-08-01 00:00:00+00:00,56.063533869047625,Unhealthy
aq_g505,Bukasa Kira Municipality Wakiso,2026-08-01 01:00:00+00:00,57.587810496031736,Unhealthy
aq_g505,Bukasa Kira Municipality Wakiso,2026-08-01 02:00:00+00:00,55.031005734126985,Unhealthy for Sensitive Groups
aq_g505,Bukasa Kira Municipality Wakiso,2026-08-01 03:00:00+00:00,55.32890216269841,Unhealthy for Sensitive Groups
aq_g505,Bukasa Kira Municipality Wakiso,2026-08-01 04:00:00+00:00,66.64675960317459,Unhealthy
aq_g505,Bukasa Kira Municipality Wakiso,2026-08-01 05:00:00+00:00,67.1539484722222,Unhealthy
aq_g505,Bukasa Kira Municipality Wakiso,2026-08-01 06:00:00+00:00,59.955232499999994,Unhealthy
aq_g505,Bukasa Kira Municipality Wakiso,2026-08-01 07:00:00+00:00,67.55948009920635,Unhealthy
aq_g505,Bukasa Kira Municipality Wakiso,2026-08-01 08:00:00+00:00,28.253465297619048,Moderate
aq_g505,Bukasa Kira Municipality Wakiso,2026-08-01 09:00:00+00:00,26.939061125541123,Moderate
aq_g505,Bukasa Kira Municipality Wakiso,2026-08-01 10:00:00+00:00,15.730977996031758,Moderate
aq_g505,Bukasa Kira Municipality Wakiso,2026-08-01 11:00:00+00:00,14.713395912698417,Moderate
aq_g505,Bukasa Kira Municipality Wakiso,2026-08-01 12:00:00+00:00,15.281957976190473,Moderate
aq_g505,Bukasa Kira Municipality Wakiso,2026-08-01 13:00:00+00:00,12.429216765873019,Moderate
aq_g505,Bukasa Kira Municipality Wakiso,2026-08-01 14:00:00+00:00,27.68040428030303,Moderate
aq_g505,Bukasa Kira Municipality Wakiso,2026-08-01 15:00:00+00:00,24.65943791666667,Moderate
aq_g505,Bukasa Kira Municipality Wakiso,2026-08-01 16:00:00+00:00,39.14467376984127,Unhealthy for Sensitive Groups
aq_g505,Bukasa Kira Municipality Wakiso,2026-08-01 17:00:00+00:00,54.21714166666667,Unhealthy for Sensitive Groups
aq_g505,Bukasa Kira Municipality Wakiso,2026-08-01 18:00:00+00:00,67.55138374999999,Unhealthy
aq_g505,Bukasa Kira Municipality Wakiso,2026-08-01 19:00:00+00:00,70.97070476190476,Unhealthy
aq_g505,Bukasa Kira Municipality Wakiso,2026-08-01 20:00:00+00:00,64.05925249999999,Unhealthy
aq_g505,Bukasa Kira Municipality Wakiso,2026-08-01 21:00:00+00:00,46.50950305555556,Unhealthy for Sensitive Groups
aq_g505,Bukasa Kira Municipality Wakiso,2026-08-01 22:00:00+00:00,38.27991990079365,Unhealthy for Sensitive Groups
aq_g505,Bukasa Kira Municipality Wakiso,2026-08-01 23:00:00+00:00,66.76368857142856,Unhealthy
aq_g507,"Lower Nsooba, Kawempe",2026-08-01 00:00:00+00:00,57.603547182539685,Unhealthy
aq_g507,"Lower Nsooba, Kawempe",2026-08-01 01:00:00+00:00,57.48598154761905,Unhealthy
aq_g507,"Lower Nsooba, Kawempe",2026-08-01 02:00:00+00:00,57.35973500000001,Unhealthy
aq_g507,"Lower Nsooba, Kawempe",2026-08-01 03:00:00+00:00,61.78136875,Unhealthy
aq_g507,"Lower Nsooba, Kawempe",2026-08-01 04:00:00+00:00,66.46933023809524,Unhealthy
aq_g507,"Lower Nsooba, Kawempe",2026-08-01 05:00:00+00:00,70.74872339285716,Unhealthy
aq_g507,"Lower Nsooba, Kawempe",2026-08-01 06:00:00+00:00,44.240967976190475,Unhealthy for Sensitive Groups
aq_g507,"Lower Nsooba, Kawempe",2026-08-01 07:00:00+00:00,34.06810345238095,Moderate
aq_g507,"Lower Nsooba, Kawempe",2026-08-01 08:00:00+00:00,26.94388080627706,Moderate
aq_g507,"Lower Nsooba, Kawempe",2026-08-01 09:00:00+00:00,21.580101488095245,Moderate
aq_g507,"Lower Nsooba, Kawempe",2026-08-01 10:00:00+00:00,22.75461777777778,Moderate
aq_g507,"Lower Nsooba, Kawempe",2026-08-01 11:00:00+00:00,18.493173739177482,Moderate
aq_g507,"Lower Nsooba, Kawempe",2026-08-01 12:00:00+00:00,24.260122876984127,Moderate
aq_g507,"Lower Nsooba, Kawempe",2026-08-01 13:00:00+00:00,18.515389940476183,Moderate
aq_g507,"Lower Nsooba, Kawempe",2026-08-01 14:00:00+00:00,24.498586170634923,Moderate
aq_g507,"Lower Nsooba, Kawempe",2026-08-01 15:00:00+00:00,18.359917976190484,Moderate
aq_g507,"Lower Nsooba, Kawempe",2026-08-01 16:00:00+00:00,23.030117638888893,Moderate
aq_g507,"Lower Nsooba, Kawempe",2026-08-01 17:00:00+00:00,47.731405873015866,Unhealthy for Sensitive Groups
aq_g507,"Lower Nsooba, Kawempe",2026-08-01 18:00:00+00:00,50.99471321428571,Unhealthy for Sensitive Groups
aq_g507,"Lower Nsooba, Kawempe",2026-08-01 19:00:00+00:00,57.17119982142859,Unhealthy
aq_g507,"Lower Nsooba, Kawempe",2026-08-01 20:00:00+00:00,57.32085353174605,Unhealthy
aq_g507,"Lower Nsooba, Kawempe",2026-08-01 21:00:00+00:00,62.8713765873016,Unhealthy
aq_g507,"Lower Nsooba, Kawempe",2026-08-01 22:00:00+00:00,51.55037886904761,Unhealthy for Sensitive Groups
aq_g507,"Lower Nsooba, Kawempe",2026-08-01 23:00:00+00:00,35.16356208333333,Moderate
aq_g508,"Bahai, Kawempe",2026-08-01 00:00:00+00:00,24.278768392857142,Moderate
aq_g508,"Bahai, Kawempe",2026-08-01 01:00:00+00:00,30.09023130952381,Moderate
aq_g508,"Bahai, Kawempe",2026-08-01 02:00:00+00:00,29.214058928571433,Moderate
aq_g508,"Bahai, Kawempe",2026-08-01 03:00:00+00:00,37.372290811688316,Unhealthy for Sensitive Groups
aq_g508,"Bahai, Kawempe",2026-08-01 04:00:00+00:00,37.91459845238096,Unhealthy for Sensitive Groups
aq_g508,"Bahai, Kawempe",2026-08-01 05:00:00+00:00,36.92138896825397,Unhealthy for Sensitive Groups
aq_g508,"Bahai, Kawempe",2026-08-01 06:00:00+00:00,34.518460833333336,Moderate
aq_g508,"Bahai, Kawempe",2026-08-01 07:00:00+00:00,18.590287658730176,Moderate
aq_g508,"Bahai, Kawempe",2026-08-01 08:00:00+00:00,24.757958452380954,Moderate
aq_g508,"Bahai, Kawempe",2026-08-01 09:00:00+00:00,23.22543869047619,Moderate
aq_g508,"Bahai, Kawempe",2026-08-01 10:00:00+00:00,16.254392996031747,Moderate
aq_g508,"Bahai, Kawempe",2026-08-01 11:00:00+00:00,16.03310404761904,Moderate
aq_g508,"Bahai, Kawempe",2026-08-01 12:00:00+00:00,13.215006726190477,Moderate
aq_g508,"Bahai, Kawempe",2026-08-01 13:00:00+00:00,14.25767642857144,Moderate
aq_g508,"Bahai, Kawempe",2026-08-01 14:00:00+00:00,13.653040892857138,Moderate
aq_g508,"Bahai, Kawempe",2026-08-01 15:00:00+00:00,13.631310447330442,Moderate
aq_g508,"Bahai, Kawempe",2026-08-01 16:00:00+00:00,26.031182559523813,Moderate
aq_g508,"Bahai, Kawempe",2026-08-01 17:00:00+00:00,32.99233430555556,Moderate
aq_g508,"Bahai, Kawempe",2026-08-01 18:00:00+00:00,40.60177941558442,Unhealthy for Sensitive Groups
aq_g508,"Bahai, Kawempe",2026-08-01 19:00:00+00:00,29.89933154761905,Moderate
aq_g508,"Bahai, Kawempe",2026-08-01 20:00:00+00:00,32.641195753968255,Moderate
aq_g508,"Bahai, Kawempe",2026-08-01 21:00:00+00:00,27.050595952380952,Moderate
aq_g508,"Bahai, Kawempe",2026-08-01 22:00:00+00:00,22.1926803968254,Moderate
aq_g508,"Bahai, Kawempe",2026-08-01 23:00:00+00:00,25.32256202380953,Moderate
aq_g510,"Mpererwe, Kawempe",2026-08-01 00:00:00+00:00,58.73738130952382,Unhealthy
aq_g510,"Mpererwe, Kawempe",2026-08-01 01:00:00+00:00,48.219731269841276,Unhealthy for Sensitive Groups
aq_g510,"Mpererwe, Kawempe",2026-08-01 02:00:00+00:00,34.48598220238095,Moderate
aq_g510,"Mpererwe, Kawempe",2026-08-01 03:00:00+00:00,44.612271746031745,Unhealthy for Sensitive Groups
aq_g510,"Mpererwe, Kawempe",2026-08-01 04:00:00+00:00,54.08721142857142,Unhealthy for Sensitive Groups
aq_g510,"Mpererwe, Kawempe",2026-08-01 05:00:00+00:00,55.52942601190476,Unhealthy
aq_g510,"Mpererwe, Kawempe",2026-08-01 06:00:00+00:00,82.39669136904762,Unhealthy
aq_g510,"Mpererwe, Kawempe",2026-08-01 07:00:00+00:00,47.557180833333334,Unhealthy for Sensitive Groups
aq_g510,"Mpererwe, Kawempe",2026-08-01 08:00:00+00:00,26.951882817460312,Moderate
aq_g510,"Mpererwe, Kawempe",2026-08-01 09:00:00+00:00,18.704109087301596,Moderate
aq_g510,"Mpererwe, Kawempe",2026-08-01 10:00:00+00:00,20.10538648809524,Moderate
aq_g510,"Mpererwe, Kawempe",2026-08-01 11:00:00+00:00,18.675198143939387,Moderate
aq_g510,"Mpererwe, Kawempe",2026-08-01 12:00:00+00:00,18.143597985209237,Moderate
aq_g510,"Mpererwe, Kawempe",2026-08-01 13:00:00+00:00,16.086747361111115,Moderate
aq_g510,"Mpererwe, Kawempe",2026-08-01 14:00:00+00:00,18.692688809523805,Moderate
aq_g510,"Mpererwe, Kawempe",2026-08-01 15:00:00+00:00,31.370006332972583,Moderate
aq_g510,"Mpererwe, Kawempe",2026-08-01 16:00:00+00:00,44.093474642857146,Unhealthy for Sensitive Groups
aq_g510,"Mpererwe, Kawempe",2026-08-01 17:00:00+00:00,47.10847375,Unhealthy for Sensitive Groups
aq_g510,"Mpererwe, Kawempe",2026-08-01 18:00:00+00:00,56.0626694047619,Unhealthy
aq_g510,"Mpererwe, Kawempe",2026-08-01 19:00:00+00:00,59.35275583333332,Unhealthy
aq_g510,"Mpererwe, Kawempe",2026-08-01 20:00:00+00:00,63.229178888888896,Unhealthy
aq_g510,"Mpererwe, Kawempe",2026-08-01 21:00:00+00:00,61.51683194444445,Unhealthy
aq_g510,"Mpererwe, Kawempe",2026-08-01 22:00:00+00:00,60.120923412698424,Unhealthy
aq_g510,"Mpererwe, Kawempe",2026-08-01 23:00:00+00:00,59.451716488095215,Unhealthy
aq_g512,Kawempe,2026-08-01 00:00:00+00:00,27.47964904761905,Moderate
aq_g512,Kawempe,2026-08-01 01:00:00+00:00,64.75712416666669,Unhealthy
aq_g512,Kawempe,2026-08-01 02:00:00+00:00,66.11331922619047,Unhealthy
aq_g512,Kawempe,2026-08-01 03:00:00+00:00,66.33686732142857,Unhealthy
aq_g512,Kawempe,2026-08-01 04:00:00+00:00,64.91767,Unhealthy
aq_g512,Kawempe,2026-08-01 05:00:00+00:00,64.33965251984125,Unhealthy
aq_g512,Kawempe,2026-08-01 06:00:00+00:00,42.46101077380952,Unhealthy for Sensitive Groups
aq_g512,Kawempe,2026-08-01 07:00:00+00:00,31.878304345238096,Moderate
aq_g512,Kawempe,2026-08-01 08:00:00+00:00,26.0998819047619,Moderate
aq_g512,Kawempe,2026-08-01 09:00:00+00:00,21.478115119047622,Moderate
aq_g512,Kawempe,2026-08-01 10:00:00+00:00,15.835936626984125,Moderate
aq_g512,Kawempe,2026-08-01 11:00:00+00:00,16.193225,Moderate
aq_g512,Kawempe,2026-08-01 12:00:00+00:00,14.393981904761908,Moderate
aq_g512,Kawempe,2026-08-01 13:00:00+00:00,13.758076428571432,Moderate
aq_g512,Kawempe,2026-08-01 14:00:00+00:00,36.820263035714284,Unhealthy for Sensitive Groups
aq_g512,Kawempe,2026-08-01 15:00:00+00:00,68.5623263095238,Unhealthy
aq_g512,Kawempe,2026-08-01 16:00:00+00:00,109.21969361111107,Unhealthy
aq_g512,Kawempe,2026-08-01 17:00:00+00:00,55.77231087301587,Unhealthy
aq_g512,Kawempe,2026-08-01 18:00:00+00:00,34.73413807539683,Moderate
aq_g512,Kawempe,2026-08-01 19:00:00+00:00,66.75258533730158,Unhealthy
aq_g512,Kawempe,2026-08-01 20:00:00+00:00,29.99581392857143,Moderate
aq_g512,Kawempe,2026-08-01 21:00:00+00:00,32.61354513167388,Moderate
aq_g512,Kawempe,2026-08-01 22:00:00+00:00,17.229864186507942,Moderate
aq_g512,Kawempe,2026-08-01 23:00:00+00:00,18.246144047619048,Moderate
aq_g513,"Nsawo, Kira Municipality",2026-08-01 00:00:00+00:00,14.051061349206353,Moderate
aq_g513,"Nsawo, Kira Municipality",2026-08-01 01:00:00+00:00,15.91638073051947,Moderate
aq_g513,"Nsawo, Kira Municipality",2026-08-01 02:00:00+00:00,21.75903621031746,Moderate
aq_g513,"Nsawo, Kira Municipality",2026-08-01 03:00:00+00:00,27.49874369047619,Moderate
aq_g513,"Nsawo, Kira Municipality",2026-08-01 04:00:00+00:00,33.57310714285714,Moderate
aq_g513,"Nsawo, Kira Municipality",2026-08-01 05:00:00+00:00,38.2523206547619,Unhealthy for Sensitive Groups
aq_g513,"Nsawo, Kira Municipality",2026-08-01 06:00:00+00:00,23.822025357142856,Moderate
aq_g513,"Nsawo, Kira Municipality",2026-08-01 07:00:00+00:00,9.869690218253975,Moderate
aq_g513,"Nsawo, Kira Municipality",2026-08-01 08:00:00+00:00,19.394714345238096,Moderate
aq_g513,"Nsawo, Kira Municipality",2026-08-01 09:00:00+00:00,17.167541746031738,Moderate
aq_g513,"Nsawo, Kira Municipality",2026-08-01 10:00:00+00:00,11.950832817460316,Moderate
aq_g513,"Nsawo, Kira Municipality",2026-08-01 11:00:00+00:00,8.960902301587303,Good
aq_g513,"Nsawo, Kira Municipality",2026-08-01 12:00:00+00:00,7.985920952380972,Good
aq_g513,"Nsawo, Kira Municipality",2026-08-01 13:00:00+00:00,7.97875678571431,Good
aq_g513,"Nsawo, Kira Municipality",2026-08-01 14:00:00+00:00,7.941291011904763,Good
aq_g513,"Nsawo, Kira Municipality",2026-08-01 15:00:00+00:00,10.47820765873017,Moderate
aq_g513,"Nsawo, Kira Municipality",2026-08-01 16:00:00+00:00,10.496440158730156,Moderate
aq_g513,"Nsawo, Kira Municipality",2026-08-01 17:00:00+00:00,12.60855765873018,Moderate
aq_g513,"Nsawo, Kira Municipality",2026-08-01 18:00:00+00:00,16.810780059523807,Moderate
aq_g513,"Nsawo, Kira Municipality",2026-08-01 19:00:00+00:00,23.42883625000001,Moderate
aq_g513,"Nsawo, Kira Municipality",2026-08-01 20:00:00+00:00,18.4776355952381,Moderate
aq_g513,"Nsawo, Kira Municipality",2026-08-01 21:00:00+00:00,10.326938075396821,Moderate
aq_g513,"Nsawo, Kira Municipality",2026-08-01 22:00:00+00:00,11.188792460317451,Moderate
aq_g513,"Nsawo, Kira Municipality",2026-08-01 23:00:00+00:00,11.562514484126979,Moderate
aq_g514,"Kitukutwe, Kira Municipality",2026-08-01 00:00:00+00:00,29.464154722222222,Moderate
aq_g514,"Kitukutwe, Kira Municipality",2026-08-01 01:00:00+00:00,30.197458591269843,Moderate
aq_g514,"Kitukutwe, Kira Municipality",2026-08-01 02:00:00+00:00,33.019063214285715,Moderate
aq_g514,"Kitukutwe, Kira Municipality",2026-08-01 03:00:00+00:00,40.148680238095245,Unhealthy for Sensitive Groups
aq_g514,"Kitukutwe, Kira Municipality",2026-08-01 04:00:00+00:00,39.09167119047619,Unhealthy for Sensitive Groups
aq_g514,"Kitukutwe, Kira Municipality",2026-08-01 05:00:00+00:00,40.56790202380952,Unhealthy for Sensitive Groups
aq_g514,"Kitukutwe, Kira Municipality",2026-08-01 06:00:00+00:00,35.434460357142854,Moderate
aq_g514,"Kitukutwe, Kira Municipality",2026-08-01 07:00:00+00:00,29.454428432539686,Moderate
aq_g514,"Kitukutwe, Kira Municipality",2026-08-01 08:00:00+00:00,18.437539047619044,Moderate
aq_g514,"Kitukutwe, Kira Municipality",2026-08-01 09:00:00+00:00,16.57403424603174,Moderate
aq_g514,"Kitukutwe, Kira Municipality",2026-08-01 10:00:00+00:00,16.309018293650784,Moderate
aq_g514,"Kitukutwe, Kira Municipality",2026-08-01 11:00:00+00:00,19.808750158730167,Moderate
aq_g514,"Kitukutwe, Kira Municipality",2026-08-01 12:00:00+00:00,17.079522579365065,Moderate
aq_g514,"Kitukutwe, Kira Municipality",2026-08-01 13:00:00+00:00,18.14672367063492,Moderate
aq_g514,"Kitukutwe, Kira Municipality",2026-08-01 14:00:00+00:00,25.950516904761905,Moderate
aq_g514,"Kitukutwe, Kira Municipality",2026-08-01 15:00:00+00:00,22.761004285714282,Moderate
aq_g514,"Kitukutwe, Kira Municipality",2026-08-01 16:00:00+00:00,24.82987602633478,Moderate
aq_g514,"Kitukutwe, Kira Municipality",2026-08-01 17:00:00+00:00,34.783658333333335,Moderate
aq_g514,"Kitukutwe, Kira Municipality",2026-08-01 18:00:00+00:00,27.44856970238095,Moderate
aq_g514,"Kitukutwe, Kira Municipality",2026-08-01 19:00:00+00:00,34.82935297619048,Moderate
aq_g514,"Kitukutwe, Kira Municipality",2026-08-01 20:00:00+00:00,37.94545708333333,Unhealthy for Sensitive Groups
aq_g514,"Kitukutwe, Kira Municipality",2026-08-01 21:00:00+00:00,40.237630218253976,Unhealthy for Sensitive Groups
aq_g514,"Kitukutwe, Kira Municipality",2026-08-01 22:00:00+00:00,41.48632011904762,Unhealthy for Sensitive Groups
aq_g514,"Kitukutwe, Kira Municipality",2026-08-01 23:00:00+00:00,46.0472691468254,Unhealthy for Sensitive Groups
aq_g515,"City Council, Jinja",2026-08-01 00:00:00+00:00,50.39931359126984,Unhealthy for Sensitive Groups
aq_g515,"City Council, Jinja",2026-08-01 01:00:00+00:00,46.3363433531746,Unhealthy for Sensitive Groups
aq_g515,"City Council, Jinja",2026-08-01 02:00:00+00:00,44.44312202380952,Unhealthy for Sensitive Groups
aq_g515,"City Council, Jinja",2026-08-01 03:00:00+00:00,38.06587880952381,Unhealthy for Sensitive Groups
aq_g515,"City Council, Jinja",2026-08-01 04:00:00+00:00,45.30317676587302,Unhealthy for Sensitive Groups
aq_g515,"City Council, Jinja",2026-08-01 05:00:00+00:00,45.24492980158731,Unhealthy for Sensitive Groups
aq_g515,"City Council, Jinja",2026-08-01 06:00:00+00:00,44.96931388888889,Unhealthy for Sensitive Groups
aq_g515,"City Council, Jinja",2026-08-01 07:00:00+00:00,27.304429087301585,Moderate
aq_g515,"City Council, Jinja",2026-08-01 08:00:00+00:00,25.996100297619044,Moderate
aq_g515,"City Council, Jinja",2026-08-01 09:00:00+00:00,17.671281082251078,Moderate
aq_g515,"City Council, Jinja",2026-08-01 10:00:00+00:00,16.72148027777778,Moderate
aq_g515,"City Council, Jinja",2026-08-01 11:00:00+00:00,16.785547123015878,Moderate
aq_g515,"City Council, Jinja",2026-08-01 12:00:00+00:00,16.62042341269841,Moderate
aq_g515,"City Council, Jinja",2026-08-01 13:00:00+00:00,16.687160422077923,Moderate
aq_g515,"City Council, Jinja",2026-08-01 14:00:00+00:00,16.90897851731602,Moderate
aq_g515,"City Council, Jinja",2026-08-01 15:00:00+00:00,19.748720496031744,Moderate
aq_g515,"City Council, Jinja",2026-08-01 16:00:00+00:00,41.30288908730159,Unhealthy for Sensitive Groups
aq_g515,"City Council, Jinja",2026-08-01 17:00:00+00:00,48.20696257936507,Unhealthy for Sensitive Groups
aq_g515,"City Council, Jinja",2026-08-01 18:00:00+00:00,54.85863970238094,Unhealthy for Sensitive Groups
aq_g515,"City Council, Jinja",2026-08-01 19:00:00+00:00,60.94845234126983,Unhealthy
aq_g515,"City Council, Jinja",2026-08-01 20:00:00+00:00,64.76216091269842,Unhealthy
aq_g515,"City Council, Jinja",2026-08-01 21:00:00+00:00,52.95742577380951,Unhealthy for Sensitive Groups
aq_g515,"City Council, Jinja",2026-08-01 22:00:00+00:00,53.30643773809523,Unhealthy for Sensitive Groups
aq_g515,"City Council, Jinja",2026-08-01 23:00:00+00:00,54.90386412698412,Unhealthy for Sensitive Groups
aq_g516,"Bbuto, Kira Municipality",2026-08-01 00:00:00+00:00,39.08714273809524,Unhealthy for Sensitive Groups
aq_g516,"Bbuto, Kira Municipality",2026-08-01 01:00:00+00:00,59.68855702380952,Unhealthy
aq_g516,"Bbuto, Kira Municipality",2026-08-01 02:00:00+00:00,46.38363791666666,Unhealthy for Sensitive Groups
aq_g516,"Bbuto, Kira Municipality",2026-08-01 03:00:00+00:00,55.87383613095238,Unhealthy
aq_g516,"Bbuto, Kira Municipality",2026-08-01 04:00:00+00:00,56.707418809523816,Unhealthy
aq_g516,"Bbuto, Kira Municipality",2026-08-01 05:00:00+00:00,45.96592761904761,Unhealthy for Sensitive Groups
aq_g516,"Bbuto, Kira Municipality",2026-08-01 06:00:00+00:00,29.58434369047619,Moderate
aq_g516,"Bbuto, Kira Municipality",2026-08-01 07:00:00+00:00,16.12789875,Moderate
aq_g516,"Bbuto, Kira Municipality",2026-08-01 08:00:00+00:00,17.10624919913419,Moderate
aq_g516,"Bbuto, Kira Municipality",2026-08-01 09:00:00+00:00,15.287394166666672,Moderate
aq_g516,"Bbuto, Kira Municipality",2026-08-01 10:00:00+00:00,15.935326975108222,Moderate
aq_g516,"Bbuto, Kira Municipality",2026-08-01 11:00:00+00:00,15.770482916666662,Moderate
aq_g516,"Bbuto, Kira Municipality",2026-08-01 12:00:00+00:00,14.540334603174607,Moderate
aq_g516,"Bbuto, Kira Municipality",2026-08-01 13:00:00+00:00,15.77241313492063,Moderate
aq_g516,"Bbuto, Kira Municipality",2026-08-01 14:00:00+00:00,16.17735941558442,Moderate
aq_g516,"Bbuto, Kira Municipality",2026-08-01 15:00:00+00:00,12.056679206349209,Moderate
aq_g516,"Bbuto, Kira Municipality",2026-08-01 16:00:00+00:00,28.297901746031744,Moderate
aq_g516,"Bbuto, Kira Municipality",2026-08-01 17:00:00+00:00,42.32975666666667,Unhealthy for Sensitive Groups
aq_g516,"Bbuto, Kira Municipality",2026-08-01 18:00:00+00:00,37.91982771825397,Unhealthy for Sensitive Groups
aq_g516,"Bbuto, Kira Municipality",2026-08-01 19:00:00+00:00,49.78797660714286,Unhealthy for Sensitive Groups
aq_g516,"Bbuto, Kira Municipality",2026-08-01 20:00:00+00:00,38.733179206349206,Unhealthy for Sensitive Groups
aq_g516,"Bbuto, Kira Municipality",2026-08-01 21:00:00+00:00,35.87273123015873,Unhealthy for Sensitive Groups
aq_g516,"Bbuto, Kira Municipality",2026-08-01 22:00:00+00:00,34.41924869047619,Moderate
aq_g516,"Bbuto, Kira Municipality",2026-08-01 23:00:00+00:00,31.18804674603175,Moderate
aq_g517,"Walukuba East, Jinja City",2026-08-01 00:00:00+00:00,24.918262499999997,Moderate
aq_g517,"Walukuba East, Jinja City",2026-08-01 01:00:00+00:00,19.655566289682547,Moderate
aq_g517,"Walukuba East, Jinja City",2026-08-01 02:00:00+00:00,22.94527591269842,Moderate
aq_g517,"Walukuba East, Jinja City",2026-08-01 03:00:00+00:00,19.939426482683977,Moderate
aq_g517,"Walukuba East, Jinja City",2026-08-01 04:00:00+00:00,23.703132738095242,Moderate
aq_g517,"Walukuba East, Jinja City",2026-08-01 05:00:00+00:00,29.656543234126985,Moderate
aq_g517,"Walukuba East, Jinja City",2026-08-01 06:00:00+00:00,25.269705396825398,Moderate
aq_g517,"Walukuba East, Jinja City",2026-08-01 07:00:00+00:00,18.333497480158723,Moderate
aq_g517,"Walukuba East, Jinja City",2026-08-01 08:00:00+00:00,16.603554668109656,Moderate
aq_g517,"Walukuba East, Jinja City",2026-08-01 09:00:00+00:00,19.700862976190464,Moderate
aq_g517,"Walukuba East, Jinja City",2026-08-01 10:00:00+00:00,16.773693730158726,Moderate
aq_g517,"Walukuba East, Jinja City",2026-08-01 11:00:00+00:00,16.194420000000004,Moderate
aq_g517,"Walukuba East, Jinja City",2026-08-01 12:00:00+00:00,16.7404873015873,Moderate
aq_g517,"Walukuba East, Jinja City",2026-08-01 13:00:00+00:00,18.535790317460304,Moderate
aq_g517,"Walukuba East, Jinja City",2026-08-01 14:00:00+00:00,16.45658983225107,Moderate
aq_g517,"Walukuba East, Jinja City",2026-08-01 15:00:00+00:00,16.578929583333334,Moderate
aq_g517,"Walukuba East, Jinja City",2026-08-01 16:00:00+00:00,17.577069345238097,Moderate
aq_g517,"Walukuba East, Jinja City",2026-08-01 17:00:00+00:00,33.80418529761905,Moderate
aq_g517,"Walukuba East, Jinja City",2026-08-01 18:00:00+00:00,34.18472083333333,Moderate
aq_g517,"Walukuba East, Jinja City",2026-08-01 19:00:00+00:00,36.982605813492064,Unhealthy for Sensitive Groups
aq_g517,"Walukuba East, Jinja City",2026-08-01 20:00:00+00:00,38.28038910714286,Unhealthy for Sensitive Groups
aq_g517,"Walukuba East, Jinja City",2026-08-01 21:00:00+00:00,35.821625952380955,Unhealthy for Sensitive Groups
aq_g517,"Walukuba East, Jinja City",2026-08-01 22:00:00+00:00,25.43974041666667,Moderate
aq_g517,"Walukuba East, Jinja City",2026-08-01 23:00:00+00:00,26.297698511904766,Moderate
aq_g518,"Kivubuka Budondo, Jinja",2026-08-01 00:00:00+00:00,57.87057751984129,Unhealthy
aq_g518,"Kivubuka Budondo, Jinja",2026-08-01 01:00:00+00:00,64.7303143452381,Unhealthy
aq_g518,"Kivubuka Budondo, Jinja",2026-08-01 02:00:00+00:00,63.05249898809522,Unhealthy
aq_g518,"Kivubuka Budondo, Jinja",2026-08-01 03:00:00+00:00,60.71557285714286,Unhealthy
aq_g518,"Kivubuka Budondo, Jinja",2026-08-01 04:00:00+00:00,60.38168914682541,Unhealthy
aq_g518,"Kivubuka Budondo, Jinja",2026-08-01 05:00:00+00:00,60.204443809523795,Unhealthy
aq_g518,"Kivubuka Budondo, Jinja",2026-08-01 06:00:00+00:00,55.9987756547619,Unhealthy
aq_g518,"Kivubuka Budondo, Jinja",2026-08-01 07:00:00+00:00,43.70465075396826,Unhealthy for Sensitive Groups
aq_g518,"Kivubuka Budondo, Jinja",2026-08-01 08:00:00+00:00,42.496719920634916,Unhealthy for Sensitive Groups
aq_g518,"Kivubuka Budondo, Jinja",2026-08-01 09:00:00+00:00,36.237530297619045,Unhealthy for Sensitive Groups
aq_g518,"Kivubuka Budondo, Jinja",2026-08-01 10:00:00+00:00,31.98832236111111,Moderate
aq_g518,"Kivubuka Budondo, Jinja",2026-08-01 11:00:00+00:00,31.641894742063492,Moderate
aq_g518,"Kivubuka Budondo, Jinja",2026-08-01 12:00:00+00:00,32.55590373015873,Moderate
aq_g518,"Kivubuka Budondo, Jinja",2026-08-01 13:00:00+00:00,32.42469051587302,Moderate
aq_g518,"Kivubuka Budondo, Jinja",2026-08-01 14:00:00+00:00,31.005877956349206,Moderate
aq_g518,"Kivubuka Budondo, Jinja",2026-08-01 15:00:00+00:00,30.23085956349206,Moderate
aq_g518,"Kivubuka Budondo, Jinja",2026-08-01 16:00:00+00:00,36.29783128968254,Unhealthy for Sensitive Groups
aq_g518,"Kivubuka Budondo, Jinja",2026-08-01 17:00:00+00:00,44.9152376984127,Unhealthy for Sensitive Groups
aq_g518,"Kivubuka Budondo, Jinja",2026-08-01 18:00:00+00:00,47.646532023809534,Unhealthy for Sensitive Groups
aq_g518,"Kivubuka Budondo, Jinja",2026-08-01 19:00:00+00:00,45.861556031746034,Unhealthy for Sensitive Groups
aq_g518,"Kivubuka Budondo, Jinja",2026-08-01 20:00:00+00:00,48.63434529761905,Unhealthy for Sensitive Groups
aq_g518,"Kivubuka Budondo, Jinja",2026-08-01 21:00:00+00:00,48.95290382936507,Unhealthy for Sensitive Groups
aq_g518,"Kivubuka Budondo, Jinja",2026-08-01 22:00:00+00:00,57.5296674404762,Unhealthy
aq_g518,"Kivubuka Budondo, Jinja",2026-08-01 23:00:00+00:00,59.83667950396824,Unhealthy
aq_g519,"Kyabirwa Namizzi, Jinja",2026-08-01 00:00:00+00:00,21.068497083333327,Moderate
aq_g519,"Kyabirwa Namizzi, Jinja",2026-08-01 01:00:00+00:00,17.43906628968253,Moderate
aq_g519,"Kyabirwa Namizzi, Jinja",2026-08-01 02:00:00+00:00,20.225235178571417,Moderate
aq_g519,"Kyabirwa Namizzi, Jinja",2026-08-01 03:00:00+00:00,21.712961130952376,Moderate
aq_g519,"Kyabirwa Namizzi, Jinja",2026-08-01 04:00:00+00:00,21.168865238095236,Moderate
aq_g519,"Kyabirwa Namizzi, Jinja",2026-08-01 05:00:00+00:00,43.69415515873016,Unhealthy for Sensitive Groups
aq_g519,"Kyabirwa Namizzi, Jinja",2026-08-01 06:00:00+00:00,37.67717382936508,Unhealthy for Sensitive Groups
aq_g519,"Kyabirwa Namizzi, Jinja",2026-08-01 07:00:00+00:00,22.251155470779224,Moderate
aq_g519,"Kyabirwa Namizzi, Jinja",2026-08-01 08:00:00+00:00,18.044114801587295,Moderate
aq_g519,"Kyabirwa Namizzi, Jinja",2026-08-01 09:00:00+00:00,16.783261646825387,Moderate
aq_g519,"Kyabirwa Namizzi, Jinja",2026-08-01 10:00:00+00:00,16.899315461760462,Moderate
aq_g519,"Kyabirwa Namizzi, Jinja",2026-08-01 11:00:00+00:00,16.778617876984125,Moderate
aq_g519,"Kyabirwa Namizzi, Jinja",2026-08-01 12:00:00+00:00,16.406006022727276,Moderate
aq_g519,"Kyabirwa Namizzi, Jinja",2026-08-01 13:00:00+00:00,16.861001547619043,Moderate
aq_g519,"Kyabirwa Namizzi, Jinja",2026-08-01 14:00:00+00:00,16.99178286255411,Moderate
aq_g519,"Kyabirwa Namizzi, Jinja",2026-08-01 15:00:00+00:00,17.821874999999995,Moderate
aq_g519,"Kyabirwa Namizzi, Jinja",2026-08-01 16:00:00+00:00,19.92543357142857,Moderate
aq_g519,"Kyabirwa Namizzi, Jinja",2026-08-01 17:00:00+00:00,26.693509861111114,Moderate
aq_g519,"Kyabirwa Namizzi, Jinja",2026-08-01 18:00:00+00:00,46.65810595238096,Unhealthy for Sensitive Groups
aq_g519,"Kyabirwa Namizzi, Jinja",2026-08-01 19:00:00+00:00,19.268184285714284,Moderate
aq_g519,"Kyabirwa Namizzi, Jinja",2026-08-01 20:00:00+00:00,18.727111448412693,Moderate
aq_g519,"Kyabirwa Namizzi, Jinja",2026-08-01 21:00:00+00:00,19.266855317460315,Moderate
aq_g519,"Kyabirwa Namizzi, Jinja",2026-08-01 22:00:00+00:00,25.42943765873016,Moderate
aq_g519,"Kyabirwa Namizzi, Jinja",2026-08-01 23:00:00+00:00,37.50442597222222,Unhealthy for Sensitive Groups
aq_g520,wabigalo,2026-08-01 00:00:00+00:00,41.89083884920635,Unhealthy for Sensitive Groups
aq_g520,wabigalo,2026-08-01 01:00:00+00:00,41.83699390873016,Unhealthy for Sensitive Groups
aq_g520,wabigalo,2026-08-01 02:00:00+00:00,56.517778273809526,Unhealthy
aq_g520,wabigalo,2026-08-01 03:00:00+00:00,56.82126946428571,Unhealthy
aq_g520,wabigalo,2026-08-01 04:00:00+00:00,55.88240750000001,Unhealthy
aq_g520,wabigalo,2026-08-01 05:00:00+00:00,54.38625299603174,Unhealthy for Sensitive Groups
aq_g520,wabigalo,2026-08-01 06:00:00+00:00,47.07920535714286,Unhealthy for Sensitive Groups
aq_g520,wabigalo,2026-08-01 07:00:00+00:00,40.98227432539682,Unhealthy for Sensitive Groups
aq_g520,wabigalo,2026-08-01 08:00:00+00:00,30.75980301587302,Moderate
aq_g520,wabigalo,2026-08-01 09:00:00+00:00,29.58435833333333,Moderate
aq_g520,wabigalo,2026-08-01 10:00:00+00:00,15.631855059523808,Moderate
aq_g520,wabigalo,2026-08-01 11:00:00+00:00,15.852120436507928,Moderate
aq_g520,wabigalo,2026-08-01 12:00:00+00:00,17.248696626984117,Moderate
aq_g520,wabigalo,2026-08-01 13:00:00+00:00,16.462757162698406,Moderate
aq_g520,wabigalo,2026-08-01 14:00:00+00:00,17.28216656746032,Moderate
aq_g520,wabigalo,2026-08-01 15:00:00+00:00,18.35161589285715,Moderate
aq_g520,wabigalo,2026-08-01 16:00:00+00:00,27.843906845238088,Moderate
aq_g520,wabigalo,2026-08-01 17:00:00+00:00,34.38520145562771,Moderate
aq_g520,wabigalo,2026-08-01 18:00:00+00:00,42.54116182539683,Unhealthy for Sensitive Groups
aq_g520,wabigalo,2026-08-01 19:00:00+00:00,41.78008755952381,Unhealthy for Sensitive Groups
aq_g520,wabigalo,2026-08-01 20:00:00+00:00,45.398409464285706,Unhealthy for Sensitive Groups
aq_g520,wabigalo,2026-08-01 21:00:00+00:00,37.136377857142854,Unhealthy for Sensitive Groups
aq_g520,wabigalo,2026-08-01 22:00:00+00:00,27.761151996336995,Moderate
aq_g520,wabigalo,2026-08-01 23:00:00+00:00,16.8661975,Moderate
aq_g522,"Kirinya, Kira Municipality",2026-08-01 00:00:00+00:00,57.84226136904762,Unhealthy
aq_g522,"Kirinya, Kira Municipality",2026-08-01 01:00:00+00:00,14.398685,Moderate
aq_g522,"Kirinya, Kira Municipality",2026-08-01 02:00:00+00:00,49.0882785588023,Unhealthy for Sensitive Groups
aq_g522,"Kirinya, Kira Municipality",2026-08-01 03:00:00+00:00,52.10802982142857,Unhealthy for Sensitive Groups
aq_g522,"Kirinya, Kira Municipality",2026-08-01 04:00:00+00:00,56.965491964285725,Unhealthy
aq_g522,"Kirinya, Kira Municipality",2026-08-01 05:00:00+00:00,48.25991267857143,Unhealthy for Sensitive Groups
aq_g522,"Kirinya, Kira Municipality",2026-08-01 06:00:00+00:00,61.626466746031745,Unhealthy
aq_g522,"Kirinya, Kira Municipality",2026-08-01 07:00:00+00:00,43.94831257936508,Unhealthy for Sensitive Groups
aq_g522,"Kirinya, Kira Municipality",2026-08-01 08:00:00+00:00,26.228043988095237,Moderate
aq_g522,"Kirinya, Kira Municipality",2026-08-01 09:00:00+00:00,38.28525968253968,Unhealthy for Sensitive Groups
aq_g522,"Kirinya, Kira Municipality",2026-08-01 10:00:00+00:00,30.900530793650795,Moderate
aq_g522,"Kirinya, Kira Municipality",2026-08-01 11:00:00+00:00,30.289316924603174,Moderate
aq_g522,"Kirinya, Kira Municipality",2026-08-01 12:00:00+00:00,31.521723214285714,Moderate
aq_g522,"Kirinya, Kira Municipality",2026-08-01 13:00:00+00:00,33.18772349206349,Moderate
aq_g522,"Kirinya, Kira Municipality",2026-08-01 14:00:00+00:00,33.10740658730159,Moderate
aq_g522,"Kirinya, Kira Municipality",2026-08-01 15:00:00+00:00,20.792123928571428,Moderate
aq_g522,"Kirinya, Kira Municipality",2026-08-01 16:00:00+00:00,28.298342857142856,Moderate
aq_g522,"Kirinya, Kira Municipality",2026-08-01 17:00:00+00:00,24.368490019841268,Moderate
aq_g522,"Kirinya, Kira Municipality",2026-08-01 18:00:00+00:00,28.942496904761907,Moderate
aq_g522,"Kirinya, Kira Municipality",2026-08-01 19:00:00+00:00,48.32003924603175,Unhealthy for Sensitive Groups
aq_g522,"Kirinya, Kira Municipality",2026-08-01 20:00:00+00:00,48.29159527777777,Unhealthy for Sensitive Groups
aq_g522,"Kirinya, Kira Municipality",2026-08-01 21:00:00+00:00,36.102039087301584,Unhealthy for Sensitive Groups
aq_g522,"Kirinya, Kira Municipality",2026-08-01 22:00:00+00:00,54.4083788095238,Unhealthy for Sensitive Groups
aq_g522,"Kirinya, Kira Municipality",2026-08-01 23:00:00+00:00,51.69322625000001,Unhealthy for Sensitive Groups
aq_g523,"Buwate, Kira Municipality",2026-08-01 00:00:00+00:00,28.63639428571429,Moderate
aq_g523,"Buwate, Kira Municipality",2026-08-01 01:00:00+00:00,22.462085436507934,Moderate
aq_g523,"Buwate, Kira Municipality",2026-08-01 02:00:00+00:00,24.71979082792208,Moderate
aq_g523,"Buwate, Kira Municipality",2026-08-01 03:00:00+00:00,21.073079126984123,Moderate
aq_g523,"Buwate, Kira Municipality",2026-08-01 04:00:00+00:00,28.685804940476196,Moderate
aq_g523,"Buwate, Kira Municipality",2026-08-01 05:00:00+00:00,36.20183023809524,Unhealthy for Sensitive Groups
aq_g523,"Buwate, Kira Municipality",2026-08-01 06:00:00+00:00,32.20136898809524,Moderate
aq_g523,"Buwate, Kira Municipality",2026-08-01 07:00:00+00:00,34.791124107142856,Moderate
aq_g523,"Buwate, Kira Municipality",2026-08-01 08:00:00+00:00,21.25547313492064,Moderate
aq_g523,"Buwate, Kira Municipality",2026-08-01 09:00:00+00:00,15.679994489538249,Moderate
aq_g523,"Buwate, Kira Municipality",2026-08-01 10:00:00+00:00,13.561942738095237,Moderate
aq_g523,"Buwate, Kira Municipality",2026-08-01 11:00:00+00:00,11.885908095238094,Moderate
aq_g523,"Buwate, Kira Municipality",2026-08-01 12:00:00+00:00,13.485281527777769,Moderate
aq_g523,"Buwate, Kira Municipality",2026-08-01 13:00:00+00:00,15.694416369047627,Moderate
aq_g523,"Buwate, Kira Municipality",2026-08-01 14:00:00+00:00,15.422563511904762,Moderate
aq_g523,"Buwate, Kira Municipality",2026-08-01 15:00:00+00:00,18.70116303571429,Moderate
aq_g523,"Buwate, Kira Municipality",2026-08-01 16:00:00+00:00,31.954323273809525,Moderate
aq_g523,"Buwate, Kira Municipality",2026-08-01 17:00:00+00:00,35.737096825396826,Unhealthy for Sensitive Groups
aq_g523,"Buwate, Kira Municipality",2026-08-01 18:00:00+00:00,38.964200873015876,Unhealthy for Sensitive Groups
aq_g523,"Buwate, Kira Municipality",2026-08-01 19:00:00+00:00,37.35147785714286,Unhealthy for Sensitive Groups
aq_g523,"Buwate, Kira Municipality",2026-08-01 20:00:00+00:00,47.49057744047619,Unhealthy for Sensitive Groups
aq_g523,"Buwate, Kira Municipality",2026-08-01 21:00:00+00:00,37.159397427849925,Unhealthy for Sensitive Groups
aq_g523,"Buwate, Kira Municipality",2026-08-01 22:00:00+00:00,31.218816369047623,Moderate
aq_g523,"Buwate, Kira Municipality",2026-08-01 23:00:00+00:00,27.10305011904762,Moderate
aq_g524,"Municipal Council, Kira Municipality",2026-08-01 00:00:00+00:00,30.60940583333333,Moderate
aq_g524,"Municipal Council, Kira Municipality",2026-08-01 01:00:00+00:00,11.467644642857142,Moderate
aq_g524,"Municipal Council, Kira Municipality",2026-08-01 02:00:00+00:00,35.18740359126984,Moderate
aq_g524,"Municipal Council, Kira Municipality",2026-08-01 03:00:00+00:00,42.77943904761905,Unhealthy for Sensitive Groups
aq_g524,"Municipal Council, Kira Municipality",2026-08-01 04:00:00+00:00,16.84121015873016,Moderate
aq_g524,"Municipal Council, Kira Municipality",2026-08-01 05:00:00+00:00,35.21419375,Moderate
aq_g524,"Municipal Council, Kira Municipality",2026-08-01 06:00:00+00:00,18.369039841269842,Moderate
aq_g524,"Municipal Council, Kira Municipality",2026-08-01 07:00:00+00:00,16.288682619047616,Moderate
aq_g524,"Municipal Council, Kira Municipality",2026-08-01 08:00:00+00:00,16.008639365079368,Moderate
aq_g524,"Municipal Council, Kira Municipality",2026-08-01 09:00:00+00:00,14.665283869047624,Moderate
aq_g524,"Municipal Council, Kira Municipality",2026-08-01 10:00:00+00:00,11.547051587301592,Moderate
aq_g524,"Municipal Council, Kira Municipality",2026-08-01 11:00:00+00:00,11.71058726190477,Moderate
aq_g524,"Municipal Council, Kira Municipality",2026-08-01 12:00:00+00:00,17.969319265873022,Moderate
aq_g524,"Municipal Council, Kira Municipality",2026-08-01 13:00:00+00:00,15.902464880952383,Moderate
aq_g524,"Municipal Council, Kira Municipality",2026-08-01 14:00:00+00:00,18.56274214285714,Moderate
aq_g524,"Municipal Council, Kira Municipality",2026-08-01 15:00:00+00:00,23.142457837301585,Moderate
aq_g524,"Municipal Council, Kira Municipality",2026-08-01 16:00:00+00:00,54.477716686507925,Unhealthy for Sensitive Groups
aq_g524,"Municipal Council, Kira Municipality",2026-08-01 17:00:00+00:00,65.41048964285716,Unhealthy
aq_g524,"Municipal Council, Kira Municipality",2026-08-01 18:00:00+00:00,63.664983611111104,Unhealthy
aq_g524,"Municipal Council, Kira Municipality",2026-08-01 19:00:00+00:00,65.35830339285714,Unhealthy
aq_g524,"Municipal Council, Kira Municipality",2026-08-01 20:00:00+00:00,64.16444152777777,Unhealthy
aq_g524,"Municipal Council, Kira Municipality",2026-08-01 21:00:00+00:00,36.622292281746034,Unhealthy for Sensitive Groups
aq_g524,"Municipal Council, Kira Municipality",2026-08-01 22:00:00+00:00,31.331331448412698,Moderate
aq_g524,"Municipal Council, Kira Municipality",2026-08-01 23:00:00+00:00,31.13240375,Moderate
aq_g526,"Kasusu, Fort Portal",2026-08-01 00:00:00+00:00,26.949753035714284,Moderate
aq_g526,"Kasusu, Fort Portal",2026-08-01 01:00:00+00:00,20.613765654761906,Moderate
aq_g526,"Kasusu, Fort Portal",2026-08-01 02:00:00+00:00,23.694074101731605,Moderate
aq_g526,"Kasusu, Fort Portal",2026-08-01 03:00:00+00:00,23.93275119047619,Moderate
aq_g526,"Kasusu, Fort Portal",2026-08-01 04:00:00+00:00,33.7396330952381,Moderate
aq_g526,"Kasusu, Fort Portal",2026-08-01 05:00:00+00:00,38.22638968253968,Unhealthy for Sensitive Groups
aq_g526,"Kasusu, Fort Portal",2026-08-01 06:00:00+00:00,49.28883511904762,Unhealthy for Sensitive Groups
aq_g526,"Kasusu, Fort Portal",2026-08-01 07:00:00+00:00,24.79227047619048,Moderate
aq_g526,"Kasusu, Fort Portal",2026-08-01 08:00:00+00:00,17.909997261904756,Moderate
aq_g526,"Kasusu, Fort Portal",2026-08-01 09:00:00+00:00,28.137381071428567,Moderate
aq_g526,"Kasusu, Fort Portal",2026-08-01 10:00:00+00:00,26.05712892857143,Moderate
aq_g526,"Kasusu, Fort Portal",2026-08-01 11:00:00+00:00,23.87349815476191,Moderate
aq_g526,"Kasusu, Fort Portal",2026-08-01 12:00:00+00:00,18.36125331349206,Moderate
aq_g526,"Kasusu, Fort Portal",2026-08-01 13:00:00+00:00,18.885057003968257,Moderate
aq_g526,"Kasusu, Fort Portal",2026-08-01 14:00:00+00:00,27.683863035714282,Moderate
aq_g526,"Kasusu, Fort Portal",2026-08-01 15:00:00+00:00,20.001109761904758,Moderate
aq_g526,"Kasusu, Fort Portal",2026-08-01 16:00:00+00:00,37.70620865079365,Unhealthy for Sensitive Groups
aq_g526,"Kasusu, Fort Portal",2026-08-01 17:00:00+00:00,67.1331775595238,Unhealthy
aq_g526,"Kasusu, Fort Portal",2026-08-01 18:00:00+00:00,63.01038863095236,Unhealthy
aq_g526,"Kasusu, Fort Portal",2026-08-01 19:00:00+00:00,68.1329192261905,Unhealthy
aq_g526,"Kasusu, Fort Portal",2026-08-01 20:00:00+00:00,56.62585958333334,Unhealthy
aq_g526,"Kasusu, Fort Portal",2026-08-01 21:00:00+00:00,57.700007380952385,Unhealthy
aq_g526,"Kasusu, Fort Portal",2026-08-01 22:00:00+00:00,52.19485734126983,Unhealthy for Sensitive Groups
aq_g526,"Kasusu, Fort Portal",2026-08-01 23:00:00+00:00,52.176750317460304,Unhealthy for Sensitive Groups
aq_g530,"Mpanga, Fort Portal",2026-08-01 00:00:00+00:00,22.96751225649351,Moderate
aq_g530,"Mpanga, Fort Portal",2026-08-01 01:00:00+00:00,22.479089325396835,Moderate
aq_g530,"Mpanga, Fort Portal",2026-08-01 02:00:00+00:00,26.75163615079365,Moderate
aq_g530,"Mpanga, Fort Portal",2026-08-01 03:00:00+00:00,26.20155904761905,Moderate
aq_g530,"Mpanga, Fort Portal",2026-08-01 04:00:00+00:00,42.65502305555556,Unhealthy for Sensitive Groups
aq_g530,"Mpanga, Fort Portal",2026-08-01 05:00:00+00:00,34.64494432539683,Moderate
aq_g530,"Mpanga, Fort Portal",2026-08-01 06:00:00+00:00,17.823812261904763,Moderate
aq_g530,"Mpanga, Fort Portal",2026-08-01 07:00:00+00:00,17.011695892857148,Moderate
aq_g530,"Mpanga, Fort Portal",2026-08-01 08:00:00+00:00,18.268006150793656,Moderate
aq_g530,"Mpanga, Fort Portal",2026-08-01 09:00:00+00:00,17.255517499999996,Moderate
aq_g530,"Mpanga, Fort Portal",2026-08-01 10:00:00+00:00,17.13527142857143,Moderate
aq_g530,"Mpanga, Fort Portal",2026-08-01 11:00:00+00:00,14.430192083333324,Moderate
aq_g530,"Mpanga, Fort Portal",2026-08-01 12:00:00+00:00,11.361866369047604,Moderate
aq_g530,"Mpanga, Fort Portal",2026-08-01 13:00:00+00:00,12.685151269841267,Moderate
aq_g530,"Mpanga, Fort Portal",2026-08-01 14:00:00+00:00,12.94802660714285,Moderate
aq_g530,"Mpanga, Fort Portal",2026-08-01 15:00:00+00:00,16.84649654761905,Moderate
aq_g530,"Mpanga, Fort Portal",2026-08-01 16:00:00+00:00,18.14094251984128,Moderate
aq_g530,"Mpanga, Fort Portal",2026-08-01 17:00:00+00:00,26.7652119047619,Moderate
aq_g530,"Mpanga, Fort Portal",2026-08-01 18:00:00+00:00,25.766984464285713,Moderate
aq_g530,"Mpanga, Fort Portal",2026-08-01 19:00:00+00:00,28.794370297619047,Moderate
aq_g530,"Mpanga, Fort Portal",2026-08-01 20:00:00+00:00,22.507981785714286,Moderate
aq_g530,"Mpanga, Fort Portal",2026-08-01 21:00:00+00:00,19.264444682539683,Moderate
aq_g530,"Mpanga, Fort Portal",2026-08-01 22:00:00+00:00,17.523931845238096,Moderate
aq_g530,"Mpanga, Fort Portal",2026-08-01 23:00:00+00:00,17.494682261904764,Moderate
aq_g532,"Mpumudde, Jinja",2026-08-01 00:00:00+00:00,12.590629761904758,Moderate
aq_g532,"Mpumudde, Jinja",2026-08-01 01:00:00+00:00,12.454295634920623,Moderate
aq_g532,"Mpumudde, Jinja",2026-08-01 02:00:00+00:00,12.30044503968254,Moderate
aq_g532,"Mpumudde, Jinja",2026-08-01 03:00:00+00:00,12.694430972222207,Moderate
aq_g532,"Mpumudde, Jinja",2026-08-01 04:00:00+00:00,14.37705001984126,Moderate
aq_g532,"Mpumudde, Jinja",2026-08-01 05:00:00+00:00,13.90202732142857,Moderate
aq_g532,"Mpumudde, Jinja",2026-08-01 06:00:00+00:00,13.87927708333335,Moderate
aq_g532,"Mpumudde, Jinja",2026-08-01 07:00:00+00:00,14.417153670634914,Moderate
aq_g532,"Mpumudde, Jinja",2026-08-01 08:00:00+00:00,13.735822281746035,Moderate
aq_g532,"Mpumudde, Jinja",2026-08-01 09:00:00+00:00,12.442270793650803,Moderate
aq_g532,"Mpumudde, Jinja",2026-08-01 10:00:00+00:00,11.185342301587287,Moderate
aq_g532,"Mpumudde, Jinja",2026-08-01 11:00:00+00:00,12.014070753968245,Moderate
aq_g532,"Mpumudde, Jinja",2026-08-01 12:00:00+00:00,11.746373571428574,Moderate
aq_g532,"Mpumudde, Jinja",2026-08-01 13:00:00+00:00,11.877989999999997,Moderate
aq_g532,"Mpumudde, Jinja",2026-08-01 14:00:00+00:00,14.779309880952368,Moderate
aq_g532,"Mpumudde, Jinja",2026-08-01 15:00:00+00:00,14.492618988095238,Moderate
aq_g532,"Mpumudde, Jinja",2026-08-01 16:00:00+00:00,15.902219781746034,Moderate
aq_g532,"Mpumudde, Jinja",2026-08-01 17:00:00+00:00,19.16777599206349,Moderate
aq_g532,"Mpumudde, Jinja",2026-08-01 18:00:00+00:00,32.02100607142857,Moderate
aq_g532,"Mpumudde, Jinja",2026-08-01 19:00:00+00:00,19.21039797619047,Moderate
aq_g532,"Mpumudde, Jinja",2026-08-01 20:00:00+00:00,17.951931607142853,Moderate
aq_g532,"Mpumudde, Jinja",2026-08-01 21:00:00+00:00,16.813410000000005,Moderate
aq_g532,"Mpumudde, Jinja",2026-08-01 22:00:00+00:00,16.06230380952381,Moderate
aq_g532,"Mpumudde, Jinja",2026-08-01 23:00:00+00:00,15.661030793650792,Moderate
aq_g534,"Kinyamasika, Fort Portal",2026-08-01 00:00:00+00:00,14.71229783730158,Moderate
aq_g534,"Kinyamasika, Fort Portal",2026-08-01 01:00:00+00:00,12.14132089285713,Moderate
aq_g534,"Kinyamasika, Fort Portal",2026-08-01 02:00:00+00:00,12.912943392857148,Moderate
aq_g534,"Kinyamasika, Fort Portal",2026-08-01 03:00:00+00:00,13.96267166666668,Moderate
aq_g534,"Kinyamasika, Fort Portal",2026-08-01 04:00:00+00:00,15.097557936507936,Moderate
aq_g534,"Kinyamasika, Fort Portal",2026-08-01 05:00:00+00:00,14.885775000000006,Moderate
aq_g534,"Kinyamasika, Fort Portal",2026-08-01 06:00:00+00:00,14.17264886904762,Moderate
aq_g534,"Kinyamasika, Fort Portal",2026-08-01 07:00:00+00:00,14.856829702380946,Moderate
aq_g534,"Kinyamasika, Fort Portal",2026-08-01 08:00:00+00:00,14.90317952380952,Moderate
aq_g534,"Kinyamasika, Fort Portal",2026-08-01 09:00:00+00:00,14.948517559523797,Moderate
aq_g534,"Kinyamasika, Fort Portal",2026-08-01 10:00:00+00:00,14.71464654761903,Moderate
aq_g534,"Kinyamasika, Fort Portal",2026-08-01 11:00:00+00:00,14.375172499999984,Moderate
aq_g534,"Kinyamasika, Fort Portal",2026-08-01 12:00:00+00:00,16.394967162698414,Moderate
aq_g534,"Kinyamasika, Fort Portal",2026-08-01 13:00:00+00:00,15.60577930555555,Moderate
aq_g534,"Kinyamasika, Fort Portal",2026-08-01 14:00:00+00:00,17.27551706349206,Moderate
aq_g534,"Kinyamasika, Fort Portal",2026-08-01 15:00:00+00:00,18.545859801587298,Moderate
aq_g534,"Kinyamasika, Fort Portal",2026-08-01 16:00:00+00:00,20.39748547619049,Moderate
aq_g534,"Kinyamasika, Fort Portal",2026-08-01 17:00:00+00:00,21.32908285714285,Moderate
aq_g534,"Kinyamasika, Fort Portal",2026-08-01 18:00:00+00:00,25.45173785714286,Moderate
aq_g534,"Kinyamasika, Fort Portal",2026-08-01 19:00:00+00:00,24.947447500000003,Moderate
aq_g534,"Kinyamasika, Fort Portal",2026-08-01 20:00:00+00:00,23.615479999999998,Moderate
aq_g534,"Kinyamasika, Fort Portal",2026-08-01 21:00:00+00:00,21.157232619047626,Moderate
aq_g534,"Kinyamasika, Fort Portal",2026-08-01 22:00:00+00:00,17.237563333333327,Moderate
aq_g534,"Kinyamasika, Fort Portal",2026-08-01 23:00:00+00:00,16.2396769047619,Moderate
aq_g535,"Mountains of the Moon University, Fort Portal",2026-08-01 00:00:00+00:00,26.6471456547619,Moderate
aq_g535,"Mountains of the Moon University, Fort Portal",2026-08-01 01:00:00+00:00,42.58950859126985,Unhealthy for Sensitive Groups
aq_g535,"Mountains of the Moon University, Fort Portal",2026-08-01 02:00:00+00:00,65.55036595238094,Unhealthy
aq_g535,"Mountains of the Moon University, Fort Portal",2026-08-01 03:00:00+00:00,53.306161249999995,Unhealthy for Sensitive Groups
aq_g535,"Mountains of the Moon University, Fort Portal",2026-08-01 04:00:00+00:00,62.865344424603165,Unhealthy
aq_g535,"Mountains of the Moon University, Fort Portal",2026-08-01 05:00:00+00:00,56.9537061904762,Unhealthy
aq_g535,"Mountains of the Moon University, Fort Portal",2026-08-01 06:00:00+00:00,42.65892869047619,Unhealthy for Sensitive Groups
aq_g535,"Mountains of the Moon University, Fort Portal",2026-08-01 07:00:00+00:00,39.015945079365075,Unhealthy for Sensitive Groups
aq_g535,"Mountains of the Moon University, Fort Portal",2026-08-01 08:00:00+00:00,21.360528253968262,Moderate
aq_g535,"Mountains of the Moon University, Fort Portal",2026-08-01 09:00:00+00:00,24.825059047619042,Moderate
aq_g535,"Mountains of the Moon University, Fort Portal",2026-08-01 10:00:00+00:00,25.54909970238095,Moderate
aq_g535,"Mountains of the Moon University, Fort Portal",2026-08-01 11:00:00+00:00,25.403421547619047,Moderate
aq_g535,"Mountains of the Moon University, Fort Portal",2026-08-01 12:00:00+00:00,18.671323571428573,Moderate
aq_g535,"Mountains of the Moon University, Fort Portal",2026-08-01 13:00:00+00:00,17.845398511904765,Moderate
aq_g535,"Mountains of the Moon University, Fort Portal",2026-08-01 14:00:00+00:00,18.639864583333342,Moderate
aq_g535,"Mountains of the Moon University, Fort Portal",2026-08-01 15:00:00+00:00,25.70402202380952,Moderate
aq_g535,"Mountains of the Moon University, Fort Portal",2026-08-01 16:00:00+00:00,33.832288948412696,Moderate
aq_g535,"Mountains of the Moon University, Fort Portal",2026-08-01 17:00:00+00:00,46.66717037698412,Unhealthy for Sensitive Groups
aq_g535,"Mountains of the Moon University, Fort Portal",2026-08-01 18:00:00+00:00,47.80913867063492,Unhealthy for Sensitive Groups
aq_g535,"Mountains of the Moon University, Fort Portal",2026-08-01 19:00:00+00:00,48.83683801587303,Unhealthy for Sensitive Groups
aq_g535,"Mountains of the Moon University, Fort Portal",2026-08-01 20:00:00+00:00,46.93501654761906,Unhealthy for Sensitive Groups
aq_g535,"Mountains of the Moon University, Fort Portal",2026-08-01 21:00:00+00:00,30.398578948412702,Moderate
aq_g535,"Mountains of the Moon University, Fort Portal",2026-08-01 22:00:00+00:00,28.13925936507936,Moderate
aq_g535,"Mountains of the Moon University, Fort Portal",2026-08-01 23:00:00+00:00,26.82740678571428,Moderate
aq_g5_100,"Kabusu, Natete Road, Kampala, Uganda",2026-08-01 00:00:00+00:00,38.039025357142854,Unhealthy for Sensitive Groups
aq_g5_100,"Kabusu, Natete Road, Kampala, Uganda",2026-08-01 01:00:00+00:00,55.63633626984128,Unhealthy
aq_g5_100,"Kabusu, Natete Road, Kampala, Uganda",2026-08-01 02:00:00+00:00,36.65699261904762,Unhealthy for Sensitive Groups
aq_g5_100,"Kabusu, Natete Road, Kampala, Uganda",2026-08-01 03:00:00+00:00,53.26630109126985,Unhealthy for Sensitive Groups
aq_g5_100,"Kabusu, Natete Road, Kampala, Uganda",2026-08-01 04:00:00+00:00,59.64803019841271,Unhealthy
aq_g5_100,"Kabusu, Natete Road, Kampala, Uganda",2026-08-01 05:00:00+00:00,62.60962347222221,Unhealthy
aq_g5_100,"Kabusu, Natete Road, Kampala, Uganda",2026-08-01 06:00:00+00:00,48.879439285714284,Unhealthy for Sensitive Groups
aq_g5_100,"Kabusu, Natete Road, Kampala, Uganda",2026-08-01 07:00:00+00:00,18.009989662698416,Moderate
aq_g5_100,"Kabusu, Natete Road, Kampala, Uganda",2026-08-01 08:00:00+00:00,16.36094154761905,Moderate
aq_g5_100,"Kabusu, Natete Road, Kampala, Uganda",2026-08-01 09:00:00+00:00,16.843613928571433,Moderate
aq_g5_100,"Kabusu, Natete Road, Kampala, Uganda",2026-08-01 10:00:00+00:00,16.221125119047617,Moderate
aq_g5_100,"Kabusu, Natete Road, Kampala, Uganda",2026-08-01 11:00:00+00:00,13.046109781746033,Moderate
aq_g5_100,"Kabusu, Natete Road, Kampala, Uganda",2026-08-01 12:00:00+00:00,14.090732858946605,Moderate
aq_g5_100,"Kabusu, Natete Road, Kampala, Uganda",2026-08-01 13:00:00+00:00,13.22599226190476,Moderate
aq_g5_100,"Kabusu, Natete Road, Kampala, Uganda",2026-08-01 14:00:00+00:00,13.04927335497835,Moderate
aq_g5_100,"Kabusu, Natete Road, Kampala, Uganda",2026-08-01 15:00:00+00:00,15.862982261904765,Moderate
aq_g5_100,"Kabusu, Natete Road, Kampala, Uganda",2026-08-01 16:00:00+00:00,22.856707063492067,Moderate
aq_g5_100,"Kabusu, Natete Road, Kampala, Uganda",2026-08-01 17:00:00+00:00,25.946338988095242,Moderate
aq_g5_100,"Kabusu, Natete Road, Kampala, Uganda",2026-08-01 18:00:00+00:00,27.834733571428572,Moderate
aq_g5_100,"Kabusu, Natete Road, Kampala, Uganda",2026-08-01 19:00:00+00:00,30.322452597402595,Moderate
aq_g5_100,"Kabusu, Natete Road, Kampala, Uganda",2026-08-01 20:00:00+00:00,19.716912440476197,Moderate
aq_g5_100,"Kabusu, Natete Road, Kampala, Uganda",2026-08-01 21:00:00+00:00,27.400227261904757,Moderate
aq_g5_100,"Kabusu, Natete Road, Kampala, Uganda",2026-08-01 22:00:00+00:00,31.081846428571424,Moderate
aq_g5_100,"Kabusu, Natete Road, Kampala, Uganda",2026-08-01 23:00:00+00:00,28.903151043956047,Moderate
aq_g5_101,"Water and Environment House, Luzira",2026-08-01 00:00:00+00:00,29.605899781746032,Moderate
aq_g5_101,"Water and Environment House, Luzira",2026-08-01 01:00:00+00:00,28.53618028138528,Moderate
aq_g5_101,"Water and Environment House, Luzira",2026-08-01 02:00:00+00:00,24.77018434523809,Moderate
aq_g5_101,"Water and Environment House, Luzira",2026-08-01 03:00:00+00:00,21.96755351190476,Moderate
aq_g5_101,"Water and Environment House, Luzira",2026-08-01 04:00:00+00:00,27.957924507575754,Moderate
aq_g5_101,"Water and Environment House, Luzira",2026-08-01 05:00:00+00:00,29.80877470238095,Moderate
aq_g5_101,"Water and Environment House, Luzira",2026-08-01 06:00:00+00:00,15.772169047619048,Moderate
aq_g5_101,"Water and Environment House, Luzira",2026-08-01 07:00:00+00:00,18.412400793650782,Moderate
aq_g5_101,"Water and Environment House, Luzira",2026-08-01 08:00:00+00:00,15.130794563492064,Moderate
aq_g5_101,"Water and Environment House, Luzira",2026-08-01 09:00:00+00:00,15.709046904761909,Moderate
aq_g5_101,"Water and Environment House, Luzira",2026-08-01 10:00:00+00:00,15.926781845238096,Moderate
aq_g5_101,"Water and Environment House, Luzira",2026-08-01 11:00:00+00:00,15.966066190476184,Moderate
aq_g5_101,"Water and Environment House, Luzira",2026-08-01 12:00:00+00:00,14.903148452380954,Moderate
aq_g5_101,"Water and Environment House, Luzira",2026-08-01 13:00:00+00:00,14.994127003968256,Moderate
aq_g5_101,"Water and Environment House, Luzira",2026-08-01 14:00:00+00:00,15.093537380952391,Moderate
aq_g5_101,"Water and Environment House, Luzira",2026-08-01 15:00:00+00:00,15.840615476190465,Moderate
aq_g5_101,"Water and Environment House, Luzira",2026-08-01 16:00:00+00:00,24.27895101190476,Moderate
aq_g5_101,"Water and Environment House, Luzira",2026-08-01 17:00:00+00:00,19.648306468253963,Moderate
aq_g5_101,"Water and Environment House, Luzira",2026-08-01 18:00:00+00:00,17.603431964285726,Moderate
aq_g5_101,"Water and Environment House, Luzira",2026-08-01 19:00:00+00:00,17.109421758658012,Moderate
aq_g5_101,"Water and Environment House, Luzira",2026-08-01 20:00:00+00:00,27.213447976190476,Moderate
aq_g5_101,"Water and Environment House, Luzira",2026-08-01 21:00:00+00:00,25.069904345238093,Moderate
aq_g5_101,"Water and Environment House, Luzira",2026-08-01 22:00:00+00:00,20.463861130952374,Moderate
aq_g5_101,"Water and Environment House, Luzira",2026-08-01 23:00:00+00:00,21.905633749999993,Moderate
aq_g5_114,Layibi Gulu,2026-08-01 00:00:00+00:00,12.36808791666666,Moderate
aq_g5_114,Layibi Gulu,2026-08-01 01:00:00+00:00,13.942345119047623,Moderate
aq_g5_114,Layibi Gulu,2026-08-01 02:00:00+00:00,15.364024384920636,Moderate
aq_g5_114,Layibi Gulu,2026-08-01 03:00:00+00:00,12.224620357142854,Moderate
aq_g5_114,Layibi Gulu,2026-08-01 04:00:00+00:00,13.065992876984144,Moderate
aq_g5_114,Layibi Gulu,2026-08-01 05:00:00+00:00,14.681858591269844,Moderate
aq_g5_114,Layibi Gulu,2026-08-01 06:00:00+00:00,19.0806974404762,Moderate
aq_g5_114,Layibi Gulu,2026-08-01 07:00:00+00:00,14.390723948412688,Moderate
aq_g5_114,Layibi Gulu,2026-08-01 08:00:00+00:00,12.827645595238106,Moderate
aq_g5_114,Layibi Gulu,2026-08-01 09:00:00+00:00,12.237493492063486,Moderate
aq_g5_114,Layibi Gulu,2026-08-01 10:00:00+00:00,11.942551785714272,Moderate
aq_g5_114,Layibi Gulu,2026-08-01 11:00:00+00:00,11.61351523809524,Moderate
aq_g5_114,Layibi Gulu,2026-08-01 12:00:00+00:00,12.482107083333329,Moderate
aq_g5_114,Layibi Gulu,2026-08-01 13:00:00+00:00,15.639980833333329,Moderate
aq_g5_114,Layibi Gulu,2026-08-01 14:00:00+00:00,12.511487182539685,Moderate
aq_g5_114,Layibi Gulu,2026-08-01 15:00:00+00:00,14.778621904761891,Moderate
aq_g5_114,Layibi Gulu,2026-08-01 16:00:00+00:00,16.921876626984123,Moderate
aq_g5_114,Layibi Gulu,2026-08-01 17:00:00+00:00,19.781886845238105,Moderate
aq_g5_114,Layibi Gulu,2026-08-01 18:00:00+00:00,22.42484172619048,Moderate
aq_g5_114,Layibi Gulu,2026-08-01 19:00:00+00:00,29.60417261904762,Moderate
aq_g5_114,Layibi Gulu,2026-08-01 20:00:00+00:00,19.12381900793651,Moderate
aq_g5_114,Layibi Gulu,2026-08-01 21:00:00+00:00,17.83774017857144,Moderate
aq_g5_114,Layibi Gulu,2026-08-01 22:00:00+00:00,12.555590337301588,Moderate
aq_g5_114,Layibi Gulu,2026-08-01 23:00:00+00:00,13.32296375000001,Moderate
aq_g5_117,Mary Queen of Peace P/s Gulu,2026-08-01 00:00:00+00:00,22.963070932539686,Moderate
aq_g5_117,Mary Queen of Peace P/s Gulu,2026-08-01 01:00:00+00:00,23.274080337301587,Moderate
aq_g5_117,Mary Queen of Peace P/s Gulu,2026-08-01 02:00:00+00:00,28.232688412698412,Moderate
aq_g5_117,Mary Queen of Peace P/s Gulu,2026-08-01 03:00:00+00:00,31.897001924603174,Moderate
aq_g5_117,Mary Queen of Peace P/s Gulu,2026-08-01 04:00:00+00:00,27.616409682539683,Moderate
aq_g5_117,Mary Queen of Peace P/s Gulu,2026-08-01 05:00:00+00:00,47.99314773809523,Unhealthy for Sensitive Groups
aq_g5_117,Mary Queen of Peace P/s Gulu,2026-08-01 06:00:00+00:00,43.68430958333333,Unhealthy for Sensitive Groups
aq_g5_117,Mary Queen of Peace P/s Gulu,2026-08-01 07:00:00+00:00,30.88187599206349,Moderate
aq_g5_117,Mary Queen of Peace P/s Gulu,2026-08-01 08:00:00+00:00,21.019101230158736,Moderate
aq_g5_117,Mary Queen of Peace P/s Gulu,2026-08-01 09:00:00+00:00,12.576220000000003,Moderate
aq_g5_117,Mary Queen of Peace P/s Gulu,2026-08-01 10:00:00+00:00,9.1186201388889,Moderate
aq_g5_117,Mary Queen of Peace P/s Gulu,2026-08-01 11:00:00+00:00,12.052122380952383,Moderate
aq_g5_117,Mary Queen of Peace P/s Gulu,2026-08-01 12:00:00+00:00,10.640457862554115,Moderate
aq_g5_117,Mary Queen of Peace P/s Gulu,2026-08-01 13:00:00+00:00,11.013158988095238,Moderate
aq_g5_117,Mary Queen of Peace P/s Gulu,2026-08-01 14:00:00+00:00,11.310609285714285,Moderate
aq_g5_117,Mary Queen of Peace P/s Gulu,2026-08-01 15:00:00+00:00,13.213444226190475,Moderate
aq_g5_117,Mary Queen of Peace P/s Gulu,2026-08-01 16:00:00+00:00,13.235008630952379,Moderate
aq_g5_117,Mary Queen of Peace P/s Gulu,2026-08-01 17:00:00+00:00,14.238150654761888,Moderate
aq_g5_117,Mary Queen of Peace P/s Gulu,2026-08-01 18:00:00+00:00,14.224881666666661,Moderate
aq_g5_117,Mary Queen of Peace P/s Gulu,2026-08-01 19:00:00+00:00,27.0824319047619,Moderate
aq_g5_117,Mary Queen of Peace P/s Gulu,2026-08-01 20:00:00+00:00,26.34874613095238,Moderate
aq_g5_117,Mary Queen of Peace P/s Gulu,2026-08-01 21:00:00+00:00,30.622484999999998,Moderate
aq_g5_117,Mary Queen of Peace P/s Gulu,2026-08-01 22:00:00+00:00,22.97089619047619,Moderate
aq_g5_117,Mary Queen of Peace P/s Gulu,2026-08-01 23:00:00+00:00,10.919911904761921,Moderate
aq_g5_127,Nyakasura school Fortportal,2026-08-01 00:00:00+00:00,12.715391785714278,Moderate
aq_g5_127,Nyakasura school Fortportal,2026-08-01 01:00:00+00:00,12.630780833333318,Moderate
aq_g5_127,Nyakasura school Fortportal,2026-08-01 02:00:00+00:00,17.37394484126984,Moderate
aq_g5_127,Nyakasura school Fortportal,2026-08-01 03:00:00+00:00,12.359066904761903,Moderate
aq_g5_127,Nyakasura school Fortportal,2026-08-01 04:00:00+00:00,12.75397773809524,Moderate
aq_g5_127,Nyakasura school Fortportal,2026-08-01 05:00:00+00:00,14.415812321428582,Moderate
aq_g5_127,Nyakasura school Fortportal,2026-08-01 06:00:00+00:00,15.469034880952378,Moderate
aq_g5_127,Nyakasura school Fortportal,2026-08-01 07:00:00+00:00,18.83649531746031,Moderate
aq_g5_127,Nyakasura school Fortportal,2026-08-01 08:00:00+00:00,12.34724,Moderate
aq_g5_127,Nyakasura school Fortportal,2026-08-01 09:00:00+00:00,11.892521659451656,Moderate
aq_g5_127,Nyakasura school Fortportal,2026-08-01 10:00:00+00:00,11.168980297619044,Moderate
aq_g5_127,Nyakasura school Fortportal,2026-08-01 11:00:00+00:00,12.278308293650795,Moderate
aq_g5_127,Nyakasura school Fortportal,2026-08-01 12:00:00+00:00,10.984726190476191,Moderate
aq_g5_127,Nyakasura school Fortportal,2026-08-01 13:00:00+00:00,13.184083869047615,Moderate
aq_g5_127,Nyakasura school Fortportal,2026-08-01 14:00:00+00:00,12.959963127705628,Moderate
aq_g5_127,Nyakasura school Fortportal,2026-08-01 15:00:00+00:00,16.648157579365083,Moderate
aq_g5_127,Nyakasura school Fortportal,2026-08-01 16:00:00+00:00,16.837865496031757,Moderate
aq_g5_127,Nyakasura school Fortportal,2026-08-01 17:00:00+00:00,18.816837142857132,Moderate
aq_g5_127,Nyakasura school Fortportal,2026-08-01 18:00:00+00:00,22.30404190476191,Moderate
aq_g5_127,Nyakasura school Fortportal,2026-08-01 19:00:00+00:00,29.581027380952385,Moderate
aq_g5_127,Nyakasura school Fortportal,2026-08-01 20:00:00+00:00,19.66652196608947,Moderate
aq_g5_127,Nyakasura school Fortportal,2026-08-01 21:00:00+00:00,19.465421747835506,Moderate
aq_g5_127,Nyakasura school Fortportal,2026-08-01 22:00:00+00:00,18.035570537518044,Moderate
aq_g5_127,Nyakasura school Fortportal,2026-08-01 23:00:00+00:00,26.17348464285714,Moderate
aq_g5_37,"Civic Centre, Kampala Central",2026-08-01 00:00:00+00:00,63.33691581349207,Unhealthy
aq_g5_37,"Civic Centre, Kampala Central",2026-08-01 01:00:00+00:00,58.00488525793652,Unhealthy
aq_g5_37,"Civic Centre, Kampala Central",2026-08-01 02:00:00+00:00,56.72897154761906,Unhealthy
aq_g5_37,"Civic Centre, Kampala Central",2026-08-01 03:00:00+00:00,59.775178452380956,Unhealthy
aq_g5_37,"Civic Centre, Kampala Central",2026-08-01 04:00:00+00:00,67.6638549404762,Unhealthy
aq_g5_37,"Civic Centre, Kampala Central",2026-08-01 05:00:00+00:00,61.10002906746031,Unhealthy
aq_g5_37,"Civic Centre, Kampala Central",2026-08-01 06:00:00+00:00,44.66633773809524,Unhealthy for Sensitive Groups
aq_g5_37,"Civic Centre, Kampala Central",2026-08-01 07:00:00+00:00,32.89552738095238,Moderate
aq_g5_37,"Civic Centre, Kampala Central",2026-08-01 08:00:00+00:00,24.174104246031746,Moderate
aq_g5_37,"Civic Centre, Kampala Central",2026-08-01 09:00:00+00:00,15.771936666666658,Moderate
aq_g5_37,"Civic Centre, Kampala Central",2026-08-01 10:00:00+00:00,18.319111130952386,Moderate
aq_g5_37,"Civic Centre, Kampala Central",2026-08-01 11:00:00+00:00,18.579988988095245,Moderate
aq_g5_37,"Civic Centre, Kampala Central",2026-08-01 12:00:00+00:00,18.538832976190474,Moderate
aq_g5_37,"Civic Centre, Kampala Central",2026-08-01 13:00:00+00:00,19.07130041666666,Moderate
aq_g5_37,"Civic Centre, Kampala Central",2026-08-01 14:00:00+00:00,18.732142261904762,Moderate
aq_g5_37,"Civic Centre, Kampala Central",2026-08-01 15:00:00+00:00,64.82190857142857,Unhealthy
aq_g5_37,"Civic Centre, Kampala Central",2026-08-01 16:00:00+00:00,64.38034077380954,Unhealthy
aq_g5_37,"Civic Centre, Kampala Central",2026-08-01 17:00:00+00:00,77.13308833333335,Unhealthy
aq_g5_37,"Civic Centre, Kampala Central",2026-08-01 18:00:00+00:00,102.81497861111117,Unhealthy
aq_g5_37,"Civic Centre, Kampala Central",2026-08-01 19:00:00+00:00,77.03519035714288,Unhealthy
aq_g5_37,"Civic Centre, Kampala Central",2026-08-01 20:00:00+00:00,67.20416648809523,Unhealthy
aq_g5_37,"Civic Centre, Kampala Central",2026-08-01 21:00:00+00:00,67.18202154761903,Unhealthy
aq_g5_37,"Civic Centre, Kampala Central",2026-08-01 22:00:00+00:00,54.96311029761904,Unhealthy for Sensitive Groups
aq_g5_37,"Civic Centre, Kampala Central",2026-08-01 23:00:00+00:00,57.274702500000004,Unhealthy
aq_g5_4,"Kireka, Kira Municipality",2026-08-01 00:00:00+00:00,28.863376607142857,Moderate
aq_g5_4,"Kireka, Kira Municipality",2026-08-01 01:00:00+00:00,30.252670714285713,Moderate
aq_g5_4,"Kireka, Kira Municipality",2026-08-01 02:00:00+00:00,28.786697976190474,Moderate
aq_g5_4,"Kireka, Kira Municipality",2026-08-01 03:00:00+00:00,41.15919726190476,Unhealthy for Sensitive Groups
aq_g5_4,"Kireka, Kira Municipality",2026-08-01 04:00:00+00:00,62.74783876984125,Unhealthy
aq_g5_4,"Kireka, Kira Municipality",2026-08-01 05:00:00+00:00,32.78239253968254,Moderate
aq_g5_4,"Kireka, Kira Municipality",2026-08-01 06:00:00+00:00,28.208057142857143,Moderate
aq_g5_4,"Kireka, Kira Municipality",2026-08-01 07:00:00+00:00,24.45693547619048,Moderate
aq_g5_4,"Kireka, Kira Municipality",2026-08-01 08:00:00+00:00,16.50045507936507,Moderate
aq_g5_4,"Kireka, Kira Municipality",2026-08-01 09:00:00+00:00,16.664864662698413,Moderate
aq_g5_4,"Kireka, Kira Municipality",2026-08-01 10:00:00+00:00,24.247118789682546,Moderate
aq_g5_4,"Kireka, Kira Municipality",2026-08-01 11:00:00+00:00,28.669234623015875,Moderate
aq_g5_4,"Kireka, Kira Municipality",2026-08-01 12:00:00+00:00,14.585539801587295,Moderate
aq_g5_4,"Kireka, Kira Municipality",2026-08-01 13:00:00+00:00,12.97157093253968,Moderate
aq_g5_4,"Kireka, Kira Municipality",2026-08-01 14:00:00+00:00,16.467237480158722,Moderate
aq_g5_4,"Kireka, Kira Municipality",2026-08-01 15:00:00+00:00,38.50032178571429,Unhealthy for Sensitive Groups
aq_g5_4,"Kireka, Kira Municipality",2026-08-01 16:00:00+00:00,73.22371634920634,Unhealthy
aq_g5_4,"Kireka, Kira Municipality",2026-08-01 17:00:00+00:00,77.18097569444444,Unhealthy
aq_g5_4,"Kireka, Kira Municipality",2026-08-01 18:00:00+00:00,74.59156527777778,Unhealthy
aq_g5_4,"Kireka, Kira Municipality",2026-08-01 19:00:00+00:00,68.60782738095237,Unhealthy
aq_g5_4,"Kireka, Kira Municipality",2026-08-01 20:00:00+00:00,59.27318656746033,Unhealthy
aq_g5_4,"Kireka, Kira Municipality",2026-08-01 21:00:00+00:00,42.042591865079366,Unhealthy for Sensitive Groups
aq_g5_4,"Kireka, Kira Municipality",2026-08-01 22:00:00+00:00,20.823501249999996,Moderate
aq_g5_4,"Kireka, Kira Municipality",2026-08-01 23:00:00+00:00,18.87599708333333,Moderate
aq_g5_42,"Rugarama Hill, Kabale",2026-08-01 00:00:00+00:00,71.3969176984127,Unhealthy
aq_g5_42,"Rugarama Hill, Kabale",2026-08-01 01:00:00+00:00,58.33119662698414,Unhealthy
aq_g5_42,"Rugarama Hill, Kabale",2026-08-01 02:00:00+00:00,15.8814338888889,Moderate
aq_g5_42,"Rugarama Hill, Kabale",2026-08-01 03:00:00+00:00,25.06537015873016,Moderate
aq_g5_42,"Rugarama Hill, Kabale",2026-08-01 04:00:00+00:00,24.053045357142857,Moderate
aq_g5_42,"Rugarama Hill, Kabale",2026-08-01 05:00:00+00:00,32.80824654761905,Moderate
aq_g5_42,"Rugarama Hill, Kabale",2026-08-01 06:00:00+00:00,27.753822857142858,Moderate
aq_g5_42,"Rugarama Hill, Kabale",2026-08-01 07:00:00+00:00,30.367212916666666,Moderate
aq_g5_42,"Rugarama Hill, Kabale",2026-08-01 08:00:00+00:00,23.438907142857143,Moderate
aq_g5_42,"Rugarama Hill, Kabale",2026-08-01 09:00:00+00:00,18.069679742063496,Moderate
aq_g5_42,"Rugarama Hill, Kabale",2026-08-01 10:00:00+00:00,17.849795277777783,Moderate
aq_g5_42,"Rugarama Hill, Kabale",2026-08-01 11:00:00+00:00,38.31969107142857,Unhealthy for Sensitive Groups
aq_g5_42,"Rugarama Hill, Kabale",2026-08-01 12:00:00+00:00,35.794611369047615,Unhealthy for Sensitive Groups
aq_g5_42,"Rugarama Hill, Kabale",2026-08-01 13:00:00+00:00,21.767518095238096,Moderate
aq_g5_42,"Rugarama Hill, Kabale",2026-08-01 14:00:00+00:00,20.653074166666677,Moderate
aq_g5_42,"Rugarama Hill, Kabale",2026-08-01 15:00:00+00:00,20.816215972222224,Moderate
aq_g5_42,"Rugarama Hill, Kabale",2026-08-01 16:00:00+00:00,32.77365531746032,Moderate
aq_g5_42,"Rugarama Hill, Kabale",2026-08-01 17:00:00+00:00,64.13486720238095,Unhealthy
aq_g5_42,"Rugarama Hill, Kabale",2026-08-01 18:00:00+00:00,69.5381794047619,Unhealthy
aq_g5_42,"Rugarama Hill, Kabale",2026-08-01 19:00:00+00:00,69.82426488095237,Unhealthy
aq_g5_42,"Rugarama Hill, Kabale",2026-08-01 20:00:00+00:00,63.824001845238115,Unhealthy
aq_g5_42,"Rugarama Hill, Kabale",2026-08-01 21:00:00+00:00,70.89153686507936,Unhealthy
aq_g5_42,"Rugarama Hill, Kabale",2026-08-01 22:00:00+00:00,68.71705763888889,Unhealthy
aq_g5_42,"Rugarama Hill, Kabale",2026-08-01 23:00:00+00:00,69.31821880952381,Unhealthy
aq_g5_43,"Katwe 1, Makindye",2026-08-01 00:00:00+00:00,58.819456210317455,Unhealthy
aq_g5_43,"Katwe 1, Makindye",2026-08-01 01:00:00+00:00,36.63496734126984,Unhealthy for Sensitive Groups
aq_g5_43,"Katwe 1, Makindye",2026-08-01 02:00:00+00:00,56.66257305555557,Unhealthy
aq_g5_43,"Katwe 1, Makindye",2026-08-01 03:00:00+00:00,65.9366456547619,Unhealthy
aq_g5_43,"Katwe 1, Makindye",2026-08-01 04:00:00+00:00,61.55070279761904,Unhealthy
aq_g5_43,"Katwe 1, Makindye",2026-08-01 05:00:00+00:00,57.44647960317461,Unhealthy
aq_g5_43,"Katwe 1, Makindye",2026-08-01 06:00:00+00:00,43.6774544047619,Unhealthy for Sensitive Groups
aq_g5_43,"Katwe 1, Makindye",2026-08-01 07:00:00+00:00,44.4481575,Unhealthy for Sensitive Groups
aq_g5_43,"Katwe 1, Makindye",2026-08-01 08:00:00+00:00,23.83446869047619,Moderate
aq_g5_43,"Katwe 1, Makindye",2026-08-01 09:00:00+00:00,24.464168928571425,Moderate
aq_g5_43,"Katwe 1, Makindye",2026-08-01 10:00:00+00:00,32.64978341269841,Moderate
aq_g5_43,"Katwe 1, Makindye",2026-08-01 11:00:00+00:00,28.55447440476191,Moderate
aq_g5_43,"Katwe 1, Makindye",2026-08-01 12:00:00+00:00,53.9191850595238,Unhealthy for Sensitive Groups
aq_g5_43,"Katwe 1, Makindye",2026-08-01 13:00:00+00:00,18.660761190476194,Moderate
aq_g5_43,"Katwe 1, Makindye",2026-08-01 14:00:00+00:00,28.19230497835498,Moderate
aq_g5_43,"Katwe 1, Makindye",2026-08-01 15:00:00+00:00,26.472180952380953,Moderate
aq_g5_43,"Katwe 1, Makindye",2026-08-01 16:00:00+00:00,37.77675206349206,Unhealthy for Sensitive Groups
aq_g5_43,"Katwe 1, Makindye",2026-08-01 17:00:00+00:00,57.38247482142856,Unhealthy
aq_g5_43,"Katwe 1, Makindye",2026-08-01 18:00:00+00:00,66.34795581349206,Unhealthy
aq_g5_43,"Katwe 1, Makindye",2026-08-01 19:00:00+00:00,57.14108186507938,Unhealthy
aq_g5_43,"Katwe 1, Makindye",2026-08-01 20:00:00+00:00,62.33775047619048,Unhealthy
aq_g5_43,"Katwe 1, Makindye",2026-08-01 21:00:00+00:00,49.293777698412704,Unhealthy for Sensitive Groups
aq_g5_43,"Katwe 1, Makindye",2026-08-01 22:00:00+00:00,42.20053029761904,Unhealthy for Sensitive Groups
aq_g5_43,"Katwe 1, Makindye",2026-08-01 23:00:00+00:00,49.48856333333333,Unhealthy for Sensitive Groups
aq_g5_46,"Ggaba, Makindye",2026-08-01 00:00:00+00:00,12.662727499999988,Moderate
aq_g5_46,"Ggaba, Makindye",2026-08-01 01:00:00+00:00,14.654959999999999,Moderate
aq_g5_46,"Ggaba, Makindye",2026-08-01 02:00:00+00:00,15.600937023809525,Moderate
aq_g5_46,"Ggaba, Makindye",2026-08-01 03:00:00+00:00,12.75760833333333,Moderate
aq_g5_46,"Ggaba, Makindye",2026-08-01 04:00:00+00:00,12.86830029761904,Moderate
aq_g5_46,"Ggaba, Makindye",2026-08-01 05:00:00+00:00,21.866948531746026,Moderate
aq_g5_46,"Ggaba, Makindye",2026-08-01 06:00:00+00:00,42.84833988095238,Unhealthy for Sensitive Groups
aq_g5_46,"Ggaba, Makindye",2026-08-01 07:00:00+00:00,44.451959107142855,Unhealthy for Sensitive Groups
aq_g5_46,"Ggaba, Makindye",2026-08-01 08:00:00+00:00,45.725972420634925,Unhealthy for Sensitive Groups
aq_g5_46,"Ggaba, Makindye",2026-08-01 09:00:00+00:00,53.164470627705626,Unhealthy for Sensitive Groups
aq_g5_46,"Ggaba, Makindye",2026-08-01 10:00:00+00:00,46.25666458333334,Unhealthy for Sensitive Groups
aq_g5_46,"Ggaba, Makindye",2026-08-01 11:00:00+00:00,45.493450357142855,Unhealthy for Sensitive Groups
aq_g5_46,"Ggaba, Makindye",2026-08-01 12:00:00+00:00,38.52028371031746,Unhealthy for Sensitive Groups
aq_g5_46,"Ggaba, Makindye",2026-08-01 13:00:00+00:00,18.085118134920634,Moderate
aq_g5_46,"Ggaba, Makindye",2026-08-01 14:00:00+00:00,18.20465761904762,Moderate
aq_g5_46,"Ggaba, Makindye",2026-08-01 15:00:00+00:00,25.793068353174604,Moderate
aq_g5_46,"Ggaba, Makindye",2026-08-01 16:00:00+00:00,43.90650492424242,Unhealthy for Sensitive Groups
aq_g5_46,"Ggaba, Makindye",2026-08-01 17:00:00+00:00,55.278583234127,Unhealthy for Sensitive Groups
aq_g5_46,"Ggaba, Makindye",2026-08-01 18:00:00+00:00,49.793304007936506,Unhealthy for Sensitive Groups
aq_g5_46,"Ggaba, Makindye",2026-08-01 19:00:00+00:00,44.329631031746025,Unhealthy for Sensitive Groups
aq_g5_46,"Ggaba, Makindye",2026-08-01 20:00:00+00:00,46.13100416666666,Unhealthy for Sensitive Groups
aq_g5_46,"Ggaba, Makindye",2026-08-01 21:00:00+00:00,18.274099265873012,Moderate
aq_g5_46,"Ggaba, Makindye",2026-08-01 22:00:00+00:00,13.744150079365081,Moderate
aq_g5_46,"Ggaba, Makindye",2026-08-01 23:00:00+00:00,15.97357797619049,Moderate
aq_g5_48,"Kabalagala town, Makindye",2026-08-01 00:00:00+00:00,11.341969920634927,Moderate
aq_g5_48,"Kabalagala town, Makindye",2026-08-01 01:00:00+00:00,12.01991660714286,Moderate
aq_g5_48,"Kabalagala town, Makindye",2026-08-01 02:00:00+00:00,12.32945061507936,Moderate
aq_g5_48,"Kabalagala town, Makindye",2026-08-01 03:00:00+00:00,19.84186349206348,Moderate
aq_g5_48,"Kabalagala town, Makindye",2026-08-01 04:00:00+00:00,57.29443690476191,Unhealthy
aq_g5_48,"Kabalagala town, Makindye",2026-08-01 05:00:00+00:00,95.44400557539677,Unhealthy
aq_g5_48,"Kabalagala town, Makindye",2026-08-01 06:00:00+00:00,48.86017678571429,Unhealthy for Sensitive Groups
aq_g5_48,"Kabalagala town, Makindye",2026-08-01 07:00:00+00:00,25.276080634920636,Moderate
aq_g5_48,"Kabalagala town, Makindye",2026-08-01 08:00:00+00:00,24.37783583333333,Moderate
aq_g5_48,"Kabalagala town, Makindye",2026-08-01 09:00:00+00:00,21.798219067460312,Moderate
aq_g5_48,"Kabalagala town, Makindye",2026-08-01 10:00:00+00:00,21.3044169047619,Moderate
aq_g5_48,"Kabalagala town, Makindye",2026-08-01 11:00:00+00:00,43.51973442460318,Unhealthy for Sensitive Groups
aq_g5_48,"Kabalagala town, Makindye",2026-08-01 12:00:00+00:00,40.9429123015873,Unhealthy for Sensitive Groups
aq_g5_48,"Kabalagala town, Makindye",2026-08-01 13:00:00+00:00,22.475213154761896,Moderate
aq_g5_48,"Kabalagala town, Makindye",2026-08-01 14:00:00+00:00,14.286997586580085,Moderate
aq_g5_48,"Kabalagala town, Makindye",2026-08-01 15:00:00+00:00,11.366976011904779,Moderate
aq_g5_48,"Kabalagala town, Makindye",2026-08-01 16:00:00+00:00,14.71381253968254,Moderate
aq_g5_48,"Kabalagala town, Makindye",2026-08-01 17:00:00+00:00,20.156035952380947,Moderate
aq_g5_48,"Kabalagala town, Makindye",2026-08-01 18:00:00+00:00,24.385846011904768,Moderate
aq_g5_48,"Kabalagala town, Makindye",2026-08-01 19:00:00+00:00,47.89435563492064,Unhealthy for Sensitive Groups
aq_g5_48,"Kabalagala town, Makindye",2026-08-01 20:00:00+00:00,57.95784083333333,Unhealthy
aq_g5_48,"Kabalagala town, Makindye",2026-08-01 21:00:00+00:00,49.802170952380955,Unhealthy for Sensitive Groups
aq_g5_48,"Kabalagala town, Makindye",2026-08-01 22:00:00+00:00,9.844092002164494,Moderate
aq_g5_48,"Kabalagala town, Makindye",2026-08-01 23:00:00+00:00,9.435683829365065,Moderate
aq_g5_49,Makindye Kcca division offices,2026-08-01 00:00:00+00:00,23.42475910714286,Moderate
aq_g5_49,Makindye Kcca division offices,2026-08-01 01:00:00+00:00,16.781659460678203,Moderate
aq_g5_49,Makindye Kcca division offices,2026-08-01 02:00:00+00:00,20.70464005952381,Moderate
aq_g5_49,Makindye Kcca division offices,2026-08-01 03:00:00+00:00,30.025342857142853,Moderate
aq_g5_49,Makindye Kcca division offices,2026-08-01 04:00:00+00:00,32.866822023809526,Moderate
aq_g5_49,Makindye Kcca division offices,2026-08-01 05:00:00+00:00,45.044205000000005,Unhealthy for Sensitive Groups
aq_g5_49,Makindye Kcca division offices,2026-08-01 06:00:00+00:00,27.42516619047619,Moderate
aq_g5_49,Makindye Kcca division offices,2026-08-01 07:00:00+00:00,17.35752672619048,Moderate
aq_g5_49,Makindye Kcca division offices,2026-08-01 08:00:00+00:00,26.030061349206346,Moderate
aq_g5_49,Makindye Kcca division offices,2026-08-01 09:00:00+00:00,20.627699285714282,Moderate
aq_g5_49,Makindye Kcca division offices,2026-08-01 10:00:00+00:00,15.586056504329004,Moderate
aq_g5_49,Makindye Kcca division offices,2026-08-01 11:00:00+00:00,23.132745476190472,Moderate
aq_g5_49,Makindye Kcca division offices,2026-08-01 12:00:00+00:00,19.120660238095233,Moderate
aq_g5_49,Makindye Kcca division offices,2026-08-01 13:00:00+00:00,18.923519702380943,Moderate
aq_g5_49,Makindye Kcca division offices,2026-08-01 14:00:00+00:00,19.145464226190477,Moderate
aq_g5_49,Makindye Kcca division offices,2026-08-01 15:00:00+00:00,31.095428253968254,Moderate
aq_g5_49,Makindye Kcca division offices,2026-08-01 16:00:00+00:00,22.876023452380952,Moderate
aq_g5_49,Makindye Kcca division offices,2026-08-01 17:00:00+00:00,24.539028095238095,Moderate
aq_g5_49,Makindye Kcca division offices,2026-08-01 18:00:00+00:00,20.30200363095239,Moderate
aq_g5_49,Makindye Kcca division offices,2026-08-01 19:00:00+00:00,19.999679761904765,Moderate
aq_g5_49,Makindye Kcca division offices,2026-08-01 20:00:00+00:00,38.80177686507936,Unhealthy for Sensitive Groups
aq_g5_49,Makindye Kcca division offices,2026-08-01 21:00:00+00:00,30.09073656746032,Moderate
aq_g5_49,Makindye Kcca division offices,2026-08-01 22:00:00+00:00,22.642752301587308,Moderate
aq_g5_49,Makindye Kcca division offices,2026-08-01 23:00:00+00:00,34.95284734126984,Moderate
aq_g5_5,Pece Gulu,2026-08-01 00:00:00+00:00,16.71133632936508,Moderate
aq_g5_5,Pece Gulu,2026-08-01 01:00:00+00:00,27.53553892857143,Moderate
aq_g5_5,Pece Gulu,2026-08-01 02:00:00+00:00,19.830964801587303,Moderate
aq_g5_5,Pece Gulu,2026-08-01 03:00:00+00:00,21.53018765873016,Moderate
aq_g5_5,Pece Gulu,2026-08-01 04:00:00+00:00,22.896228923160173,Moderate
aq_g5_5,Pece Gulu,2026-08-01 05:00:00+00:00,25.610009583333333,Moderate
aq_g5_5,Pece Gulu,2026-08-01 06:00:00+00:00,18.093874761904765,Moderate
aq_g5_5,Pece Gulu,2026-08-01 07:00:00+00:00,24.2992133531746,Moderate
aq_g5_5,Pece Gulu,2026-08-01 08:00:00+00:00,14.473565019841253,Moderate
aq_g5_5,Pece Gulu,2026-08-01 09:00:00+00:00,12.063281051587293,Moderate
aq_g5_5,Pece Gulu,2026-08-01 10:00:00+00:00,14.036681825396823,Moderate
aq_g5_5,Pece Gulu,2026-08-01 11:00:00+00:00,14.404343335137085,Moderate
aq_g5_5,Pece Gulu,2026-08-01 12:00:00+00:00,14.364847261904753,Moderate
aq_g5_5,Pece Gulu,2026-08-01 13:00:00+00:00,14.918116369047603,Moderate
aq_g5_5,Pece Gulu,2026-08-01 14:00:00+00:00,15.557229424603168,Moderate
aq_g5_5,Pece Gulu,2026-08-01 15:00:00+00:00,16.1776296031746,Moderate
aq_g5_5,Pece Gulu,2026-08-01 16:00:00+00:00,23.05627886904762,Moderate
aq_g5_5,Pece Gulu,2026-08-01 17:00:00+00:00,24.60094952380952,Moderate
aq_g5_5,Pece Gulu,2026-08-01 18:00:00+00:00,20.859834880952384,Moderate
aq_g5_5,Pece Gulu,2026-08-01 19:00:00+00:00,27.835289880952377,Moderate
aq_g5_5,Pece Gulu,2026-08-01 20:00:00+00:00,31.145890873015873,Moderate
aq_g5_5,Pece Gulu,2026-08-01 21:00:00+00:00,29.510114007936508,Moderate
aq_g5_5,Pece Gulu,2026-08-01 22:00:00+00:00,28.933365000000002,Moderate
aq_g5_5,Pece Gulu,2026-08-01 23:00:00+00:00,28.163407281746036,Moderate
aq_g5_50,"Rushoroza Hill, Kabale",2026-08-01 00:00:00+00:00,73.44296303571429,Unhealthy
aq_g5_50,"Rushoroza Hill, Kabale",2026-08-01 01:00:00+00:00,68.09999099206351,Unhealthy
aq_g5_50,"Rushoroza Hill, Kabale",2026-08-01 02:00:00+00:00,67.06208607142858,Unhealthy
aq_g5_50,"Rushoroza Hill, Kabale",2026-08-01 03:00:00+00:00,81.0868961309524,Unhealthy
aq_g5_50,"Rushoroza Hill, Kabale",2026-08-01 04:00:00+00:00,71.12553047619049,Unhealthy
aq_g5_50,"Rushoroza Hill, Kabale",2026-08-01 05:00:00+00:00,70.53881702380954,Unhealthy
aq_g5_50,"Rushoroza Hill, Kabale",2026-08-01 06:00:00+00:00,70.81068547619046,Unhealthy
aq_g5_50,"Rushoroza Hill, Kabale",2026-08-01 07:00:00+00:00,66.34820972222222,Unhealthy
aq_g5_50,"Rushoroza Hill, Kabale",2026-08-01 08:00:00+00:00,52.005308214285705,Unhealthy for Sensitive Groups
aq_g5_50,"Rushoroza Hill, Kabale",2026-08-01 09:00:00+00:00,47.261763571428574,Unhealthy for Sensitive Groups
aq_g5_50,"Rushoroza Hill, Kabale",2026-08-01 10:00:00+00:00,49.45765565476191,Unhealthy for Sensitive Groups
aq_g5_50,"Rushoroza Hill, Kabale",2026-08-01 11:00:00+00:00,69.36478559523809,Unhealthy
aq_g5_50,"Rushoroza Hill, Kabale",2026-08-01 12:00:00+00:00,63.20611565476191,Unhealthy
aq_g5_50,"Rushoroza Hill, Kabale",2026-08-01 13:00:00+00:00,48.40286454365079,Unhealthy for Sensitive Groups
aq_g5_50,"Rushoroza Hill, Kabale",2026-08-01 14:00:00+00:00,46.82609777777778,Unhealthy for Sensitive Groups
aq_g5_50,"Rushoroza Hill, Kabale",2026-08-01 15:00:00+00:00,47.78500202380953,Unhealthy for Sensitive Groups
aq_g5_50,"Rushoroza Hill, Kabale",2026-08-01 16:00:00+00:00,52.10776380952381,Unhealthy for Sensitive Groups
aq_g5_50,"Rushoroza Hill, Kabale",2026-08-01 17:00:00+00:00,66.26599720238096,Unhealthy
aq_g5_50,"Rushoroza Hill, Kabale",2026-08-01 18:00:00+00:00,64.63973476190476,Unhealthy
aq_g5_50,"Rushoroza Hill, Kabale",2026-08-01 19:00:00+00:00,62.71932523809524,Unhealthy
aq_g5_50,"Rushoroza Hill, Kabale",2026-08-01 20:00:00+00:00,65.23881563492063,Unhealthy
aq_g5_50,"Rushoroza Hill, Kabale",2026-08-01 21:00:00+00:00,62.330612638888894,Unhealthy
aq_g5_50,"Rushoroza Hill, Kabale",2026-08-01 22:00:00+00:00,57.38891023809524,Unhealthy
aq_g5_50,"Rushoroza Hill, Kabale",2026-08-01 23:00:00+00:00,67.27762571428572,Unhealthy
aq_g5_51,"Muyenga tank hill, Makindye",2026-08-01 00:00:00+00:00,37.46141265873016,Unhealthy for Sensitive Groups
aq_g5_51,"Muyenga tank hill, Makindye",2026-08-01 01:00:00+00:00,37.75814359126984,Unhealthy for Sensitive Groups
aq_g5_51,"Muyenga tank hill, Makindye",2026-08-01 02:00:00+00:00,58.39262976190476,Unhealthy
aq_g5_51,"Muyenga tank hill, Makindye",2026-08-01 03:00:00+00:00,58.518956666666654,Unhealthy
aq_g5_51,"Muyenga tank hill, Makindye",2026-08-01 04:00:00+00:00,58.78817916666668,Unhealthy
aq_g5_51,"Muyenga tank hill, Makindye",2026-08-01 05:00:00+00:00,54.72262851190476,Unhealthy for Sensitive Groups
aq_g5_51,"Muyenga tank hill, Makindye",2026-08-01 06:00:00+00:00,89.23963222222226,Unhealthy
aq_g5_51,"Muyenga tank hill, Makindye",2026-08-01 07:00:00+00:00,57.223420813492055,Unhealthy
aq_g5_51,"Muyenga tank hill, Makindye",2026-08-01 08:00:00+00:00,44.01652357142858,Unhealthy for Sensitive Groups
aq_g5_51,"Muyenga tank hill, Makindye",2026-08-01 09:00:00+00:00,18.47943654761905,Moderate
aq_g5_51,"Muyenga tank hill, Makindye",2026-08-01 10:00:00+00:00,17.18570833333333,Moderate
aq_g5_51,"Muyenga tank hill, Makindye",2026-08-01 11:00:00+00:00,18.74622183441558,Moderate
aq_g5_51,"Muyenga tank hill, Makindye",2026-08-01 12:00:00+00:00,18.026391915584423,Moderate
aq_g5_51,"Muyenga tank hill, Makindye",2026-08-01 13:00:00+00:00,15.771620595238083,Moderate
aq_g5_51,"Muyenga tank hill, Makindye",2026-08-01 14:00:00+00:00,15.272240595238088,Moderate
aq_g5_51,"Muyenga tank hill, Makindye",2026-08-01 15:00:00+00:00,18.616011011904767,Moderate
aq_g5_51,"Muyenga tank hill, Makindye",2026-08-01 16:00:00+00:00,23.37838125,Moderate
aq_g5_51,"Muyenga tank hill, Makindye",2026-08-01 17:00:00+00:00,37.43421751984127,Unhealthy for Sensitive Groups
aq_g5_51,"Muyenga tank hill, Makindye",2026-08-01 18:00:00+00:00,54.57967636904763,Unhealthy for Sensitive Groups
aq_g5_51,"Muyenga tank hill, Makindye",2026-08-01 19:00:00+00:00,49.71139674603175,Unhealthy for Sensitive Groups
aq_g5_51,"Muyenga tank hill, Makindye",2026-08-01 20:00:00+00:00,44.28483043650794,Unhealthy for Sensitive Groups
aq_g5_51,"Muyenga tank hill, Makindye",2026-08-01 21:00:00+00:00,43.5224019047619,Unhealthy for Sensitive Groups
aq_g5_51,"Muyenga tank hill, Makindye",2026-08-01 22:00:00+00:00,40.606011289682534,Unhealthy for Sensitive Groups
aq_g5_51,"Muyenga tank hill, Makindye",2026-08-01 23:00:00+00:00,33.16917458333333,Moderate
aq_g5_53,Kansanga Seed Secondary School,2026-08-01 00:00:00+00:00,12.96976146825396,Moderate
aq_g5_53,Kansanga Seed Secondary School,2026-08-01 01:00:00+00:00,12.451407678571403,Moderate
aq_g5_53,Kansanga Seed Secondary School,2026-08-01 02:00:00+00:00,12.023983571428577,Moderate
aq_g5_53,Kansanga Seed Secondary School,2026-08-01 03:00:00+00:00,34.161072142857144,Moderate
aq_g5_53,Kansanga Seed Secondary School,2026-08-01 04:00:00+00:00,58.30411773809524,Unhealthy
aq_g5_53,Kansanga Seed Secondary School,2026-08-01 05:00:00+00:00,114.17918440476188,Unhealthy
aq_g5_53,Kansanga Seed Secondary School,2026-08-01 06:00:00+00:00,77.78350273809525,Unhealthy
aq_g5_53,Kansanga Seed Secondary School,2026-08-01 07:00:00+00:00,42.930743809523804,Unhealthy for Sensitive Groups
aq_g5_53,Kansanga Seed Secondary School,2026-08-01 08:00:00+00:00,32.19301452380952,Moderate
aq_g5_53,Kansanga Seed Secondary School,2026-08-01 09:00:00+00:00,26.110999047619046,Moderate
aq_g5_53,Kansanga Seed Secondary School,2026-08-01 10:00:00+00:00,20.02382130952381,Moderate
aq_g5_53,Kansanga Seed Secondary School,2026-08-01 11:00:00+00:00,17.959253571428572,Moderate
aq_g5_53,Kansanga Seed Secondary School,2026-08-01 12:00:00+00:00,19.965616785714282,Moderate
aq_g5_53,Kansanga Seed Secondary School,2026-08-01 13:00:00+00:00,18.183294166666663,Moderate
aq_g5_53,Kansanga Seed Secondary School,2026-08-01 14:00:00+00:00,15.180578928571443,Moderate
aq_g5_53,Kansanga Seed Secondary School,2026-08-01 15:00:00+00:00,18.615043392857146,Moderate
aq_g5_53,Kansanga Seed Secondary School,2026-08-01 16:00:00+00:00,41.214919861111106,Unhealthy for Sensitive Groups
aq_g5_53,Kansanga Seed Secondary School,2026-08-01 17:00:00+00:00,36.34525751984127,Unhealthy for Sensitive Groups
aq_g5_53,Kansanga Seed Secondary School,2026-08-01 18:00:00+00:00,18.336362261904764,Moderate
aq_g5_53,Kansanga Seed Secondary School,2026-08-01 19:00:00+00:00,19.773495734126982,Moderate
aq_g5_53,Kansanga Seed Secondary School,2026-08-01 20:00:00+00:00,21.295360001803758,Moderate
aq_g5_53,Kansanga Seed Secondary School,2026-08-01 21:00:00+00:00,37.083794880952375,Unhealthy for Sensitive Groups
aq_g5_53,Kansanga Seed Secondary School,2026-08-01 22:00:00+00:00,21.44194583333333,Moderate
aq_g5_53,Kansanga Seed Secondary School,2026-08-01 23:00:00+00:00,16.939853531746035,Moderate
aq_g5_54,KCCA Division Rubaga,2026-08-01 00:00:00+00:00,41.70055511904762,Unhealthy for Sensitive Groups
aq_g5_54,KCCA Division Rubaga,2026-08-01 01:00:00+00:00,38.718125,Unhealthy for Sensitive Groups
aq_g5_54,KCCA Division Rubaga,2026-08-01 02:00:00+00:00,40.931904583333335,Unhealthy for Sensitive Groups
aq_g5_54,KCCA Division Rubaga,2026-08-01 03:00:00+00:00,62.04933291666664,Unhealthy
aq_g5_54,KCCA Division Rubaga,2026-08-01 04:00:00+00:00,54.447504821428566,Unhealthy for Sensitive Groups
aq_g5_54,KCCA Division Rubaga,2026-08-01 05:00:00+00:00,62.936255833333306,Unhealthy
aq_g5_54,KCCA Division Rubaga,2026-08-01 06:00:00+00:00,40.602309880952376,Unhealthy for Sensitive Groups
aq_g5_54,KCCA Division Rubaga,2026-08-01 07:00:00+00:00,33.00635892857143,Moderate
aq_g5_54,KCCA Division Rubaga,2026-08-01 08:00:00+00:00,28.361456150793654,Moderate
aq_g5_54,KCCA Division Rubaga,2026-08-01 09:00:00+00:00,16.01241809523809,Moderate
aq_g5_54,KCCA Division Rubaga,2026-08-01 10:00:00+00:00,20.460104702380953,Moderate
aq_g5_54,KCCA Division Rubaga,2026-08-01 11:00:00+00:00,13.78337488095238,Moderate
aq_g5_54,KCCA Division Rubaga,2026-08-01 12:00:00+00:00,14.28857982142857,Moderate
aq_g5_54,KCCA Division Rubaga,2026-08-01 13:00:00+00:00,11.949274543650791,Moderate
aq_g5_54,KCCA Division Rubaga,2026-08-01 14:00:00+00:00,14.28111226190476,Moderate
aq_g5_54,KCCA Division Rubaga,2026-08-01 15:00:00+00:00,18.86444501984127,Moderate
aq_g5_54,KCCA Division Rubaga,2026-08-01 16:00:00+00:00,27.980858333333334,Moderate
aq_g5_54,KCCA Division Rubaga,2026-08-01 17:00:00+00:00,27.825443849206355,Moderate
aq_g5_54,KCCA Division Rubaga,2026-08-01 18:00:00+00:00,33.68463584415584,Moderate
aq_g5_54,KCCA Division Rubaga,2026-08-01 19:00:00+00:00,29.18133482142857,Moderate
aq_g5_54,KCCA Division Rubaga,2026-08-01 20:00:00+00:00,25.933231071428565,Moderate
aq_g5_54,KCCA Division Rubaga,2026-08-01 21:00:00+00:00,33.15364785714286,Moderate
aq_g5_54,KCCA Division Rubaga,2026-08-01 22:00:00+00:00,37.86307513888889,Unhealthy for Sensitive Groups
aq_g5_54,KCCA Division Rubaga,2026-08-01 23:00:00+00:00,32.778287222222225,Moderate
aq_g5_59,"Kikungiri Hill, Kabale Municipality Kabale",2026-08-01 00:00:00+00:00,36.1431478968254,Unhealthy for Sensitive Groups
aq_g5_59,"Kikungiri Hill, Kabale Municipality Kabale",2026-08-01 01:00:00+00:00,39.56196648809524,Unhealthy for Sensitive Groups
aq_g5_59,"Kikungiri Hill, Kabale Municipality Kabale",2026-08-01 02:00:00+00:00,35.51104581349206,Unhealthy for Sensitive Groups
aq_g5_59,"Kikungiri Hill, Kabale Municipality Kabale",2026-08-01 03:00:00+00:00,40.96326464285714,Unhealthy for Sensitive Groups
aq_g5_59,"Kikungiri Hill, Kabale Municipality Kabale",2026-08-01 04:00:00+00:00,41.471666626984124,Unhealthy for Sensitive Groups
aq_g5_59,"Kikungiri Hill, Kabale Municipality Kabale",2026-08-01 05:00:00+00:00,46.09803996031745,Unhealthy for Sensitive Groups
aq_g5_59,"Kikungiri Hill, Kabale Municipality Kabale",2026-08-01 06:00:00+00:00,29.24340625,Moderate
aq_g5_59,"Kikungiri Hill, Kabale Municipality Kabale",2026-08-01 07:00:00+00:00,18.172528571428572,Moderate
aq_g5_59,"Kikungiri Hill, Kabale Municipality Kabale",2026-08-01 08:00:00+00:00,14.998631845238105,Moderate
aq_g5_59,"Kikungiri Hill, Kabale Municipality Kabale",2026-08-01 09:00:00+00:00,12.042875952380953,Moderate
aq_g5_59,"Kikungiri Hill, Kabale Municipality Kabale",2026-08-01 10:00:00+00:00,12.168052440476195,Moderate
aq_g5_59,"Kikungiri Hill, Kabale Municipality Kabale",2026-08-01 11:00:00+00:00,13.229440972222221,Moderate
aq_g5_59,"Kikungiri Hill, Kabale Municipality Kabale",2026-08-01 12:00:00+00:00,12.943817876984134,Moderate
aq_g5_59,"Kikungiri Hill, Kabale Municipality Kabale",2026-08-01 13:00:00+00:00,12.878428293650792,Moderate
aq_g5_59,"Kikungiri Hill, Kabale Municipality Kabale",2026-08-01 14:00:00+00:00,16.40102029761904,Moderate
aq_g5_59,"Kikungiri Hill, Kabale Municipality Kabale",2026-08-01 15:00:00+00:00,16.52858373015873,Moderate
aq_g5_59,"Kikungiri Hill, Kabale Municipality Kabale",2026-08-01 16:00:00+00:00,32.29785097222222,Moderate
aq_g5_59,"Kikungiri Hill, Kabale Municipality Kabale",2026-08-01 17:00:00+00:00,44.292307162698414,Unhealthy for Sensitive Groups
aq_g5_59,"Kikungiri Hill, Kabale Municipality Kabale",2026-08-01 18:00:00+00:00,41.84659511904762,Unhealthy for Sensitive Groups
aq_g5_59,"Kikungiri Hill, Kabale Municipality Kabale",2026-08-01 19:00:00+00:00,45.165752499999996,Unhealthy for Sensitive Groups
aq_g5_59,"Kikungiri Hill, Kabale Municipality Kabale",2026-08-01 20:00:00+00:00,75.00339625000001,Unhealthy
aq_g5_59,"Kikungiri Hill, Kabale Municipality Kabale",2026-08-01 21:00:00+00:00,45.707429404761896,Unhealthy for Sensitive Groups
aq_g5_59,"Kikungiri Hill, Kabale Municipality Kabale",2026-08-01 22:00:00+00:00,71.21498722222222,Unhealthy
aq_g5_59,"Kikungiri Hill, Kabale Municipality Kabale",2026-08-01 23:00:00+00:00,28.81516206349206,Moderate
aq_g5_62,"Bunyonyi Region, Kabale",2026-08-01 00:00:00+00:00,15.908856587301592,Moderate
aq_g5_62,"Bunyonyi Region, Kabale",2026-08-01 01:00:00+00:00,17.6086576984127,Moderate
aq_g5_62,"Bunyonyi Region, Kabale",2026-08-01 02:00:00+00:00,20.84318611111111,Moderate
aq_g5_62,"Bunyonyi Region, Kabale",2026-08-01 03:00:00+00:00,17.907145972222224,Moderate
aq_g5_62,"Bunyonyi Region, Kabale",2026-08-01 04:00:00+00:00,75.25238347222222,Unhealthy
aq_g5_62,"Bunyonyi Region, Kabale",2026-08-01 05:00:00+00:00,24.701837857142856,Moderate
aq_g5_62,"Bunyonyi Region, Kabale",2026-08-01 06:00:00+00:00,20.432286230158727,Moderate
aq_g5_62,"Bunyonyi Region, Kabale",2026-08-01 07:00:00+00:00,17.194691607142847,Moderate
aq_g5_62,"Bunyonyi Region, Kabale",2026-08-01 08:00:00+00:00,17.54912946428571,Moderate
aq_g5_62,"Bunyonyi Region, Kabale",2026-08-01 09:00:00+00:00,16.167347599206348,Moderate
aq_g5_62,"Bunyonyi Region, Kabale",2026-08-01 10:00:00+00:00,13.570685456349214,Moderate
aq_g5_62,"Bunyonyi Region, Kabale",2026-08-01 11:00:00+00:00,11.26889111111111,Moderate
aq_g5_62,"Bunyonyi Region, Kabale",2026-08-01 12:00:00+00:00,13.216732579365083,Moderate
aq_g5_62,"Bunyonyi Region, Kabale",2026-08-01 13:00:00+00:00,11.578792797619037,Moderate
aq_g5_62,"Bunyonyi Region, Kabale",2026-08-01 14:00:00+00:00,14.028805972222223,Moderate
aq_g5_62,"Bunyonyi Region, Kabale",2026-08-01 15:00:00+00:00,16.44871277777779,Moderate
aq_g5_62,"Bunyonyi Region, Kabale",2026-08-01 16:00:00+00:00,17.4708753968254,Moderate
aq_g5_62,"Bunyonyi Region, Kabale",2026-08-01 17:00:00+00:00,28.05824996031746,Moderate
aq_g5_62,"Bunyonyi Region, Kabale",2026-08-01 18:00:00+00:00,27.67769773809524,Moderate
aq_g5_62,"Bunyonyi Region, Kabale",2026-08-01 19:00:00+00:00,30.242170575396827,Moderate
aq_g5_62,"Bunyonyi Region, Kabale",2026-08-01 20:00:00+00:00,22.19638892857143,Moderate
aq_g5_62,"Bunyonyi Region, Kabale",2026-08-01 21:00:00+00:00,22.684995416666666,Moderate
aq_g5_62,"Bunyonyi Region, Kabale",2026-08-01 22:00:00+00:00,16.213719464285717,Moderate
aq_g5_62,"Bunyonyi Region, Kabale",2026-08-01 23:00:00+00:00,16.505732857142856,Moderate
aq_g5_71,"Kyebando, Kampala",2026-08-01 00:00:00+00:00,39.16886382936508,Unhealthy for Sensitive Groups
aq_g5_71,"Kyebando, Kampala",2026-08-01 01:00:00+00:00,48.001054365079355,Unhealthy for Sensitive Groups
aq_g5_71,"Kyebando, Kampala",2026-08-01 02:00:00+00:00,52.47734238095237,Unhealthy for Sensitive Groups
aq_g5_71,"Kyebando, Kampala",2026-08-01 03:00:00+00:00,51.200275297619044,Unhealthy for Sensitive Groups
aq_g5_71,"Kyebando, Kampala",2026-08-01 04:00:00+00:00,55.70920375,Unhealthy
aq_g5_71,"Kyebando, Kampala",2026-08-01 05:00:00+00:00,54.99912738095237,Unhealthy for Sensitive Groups
aq_g5_71,"Kyebando, Kampala",2026-08-01 06:00:00+00:00,33.95108468253968,Moderate
aq_g5_71,"Kyebando, Kampala",2026-08-01 07:00:00+00:00,30.14143244047619,Moderate
aq_g5_71,"Kyebando, Kampala",2026-08-01 08:00:00+00:00,23.845017480158738,Moderate
aq_g5_71,"Kyebando, Kampala",2026-08-01 09:00:00+00:00,16.781874563492067,Moderate
aq_g5_71,"Kyebando, Kampala",2026-08-01 10:00:00+00:00,16.10789972222223,Moderate
aq_g5_71,"Kyebando, Kampala",2026-08-01 11:00:00+00:00,16.019377261904765,Moderate
aq_g5_71,"Kyebando, Kampala",2026-08-01 12:00:00+00:00,16.866403809523803,Moderate
aq_g5_71,"Kyebando, Kampala",2026-08-01 13:00:00+00:00,16.04107404761905,Moderate
aq_g5_71,"Kyebando, Kampala",2026-08-01 14:00:00+00:00,16.063235535714277,Moderate
aq_g5_71,"Kyebando, Kampala",2026-08-01 15:00:00+00:00,25.038292261904758,Moderate
aq_g5_71,"Kyebando, Kampala",2026-08-01 16:00:00+00:00,24.943413035714283,Moderate
aq_g5_71,"Kyebando, Kampala",2026-08-01 17:00:00+00:00,35.498971964285715,Unhealthy for Sensitive Groups
aq_g5_71,"Kyebando, Kampala",2026-08-01 18:00:00+00:00,55.696232976190466,Unhealthy
aq_g5_71,"Kyebando, Kampala",2026-08-01 19:00:00+00:00,44.087625595238094,Unhealthy for Sensitive Groups
aq_g5_71,"Kyebando, Kampala",2026-08-01 20:00:00+00:00,47.108643730158725,Unhealthy for Sensitive Groups
aq_g5_71,"Kyebando, Kampala",2026-08-01 21:00:00+00:00,39.2280708008658,Unhealthy for Sensitive Groups
aq_g5_71,"Kyebando, Kampala",2026-08-01 22:00:00+00:00,48.92381716269841,Unhealthy for Sensitive Groups
aq_g5_71,"Kyebando, Kampala",2026-08-01 23:00:00+00:00,39.661206666666665,Unhealthy for Sensitive Groups
aq_g5_75,Faculty of Engineering Technology and Applied Art,2026-08-01 00:00:00+00:00,48.619634999999995,Unhealthy for Sensitive Groups
aq_g5_75,Faculty of Engineering Technology and Applied Art,2026-08-01 01:00:00+00:00,44.390504246031746,Unhealthy for Sensitive Groups
aq_g5_75,Faculty of Engineering Technology and Applied Art,2026-08-01 02:00:00+00:00,41.25623875,Unhealthy for Sensitive Groups
aq_g5_75,Faculty of Engineering Technology and Applied Art,2026-08-01 03:00:00+00:00,46.7254832936508,Unhealthy for Sensitive Groups
aq_g5_75,Faculty of Engineering Technology and Applied Art,2026-08-01 04:00:00+00:00,80.90808831349206,Unhealthy
aq_g5_75,Faculty of Engineering Technology and Applied Art,2026-08-01 05:00:00+00:00,56.56448684523811,Unhealthy
aq_g5_75,Faculty of Engineering Technology and Applied Art,2026-08-01 06:00:00+00:00,29.223051249999997,Moderate
aq_g5_75,Faculty of Engineering Technology and Applied Art,2026-08-01 07:00:00+00:00,27.48251583333333,Moderate
aq_g5_75,Faculty of Engineering Technology and Applied Art,2026-08-01 08:00:00+00:00,17.073892202380954,Moderate
aq_g5_75,Faculty of Engineering Technology and Applied Art,2026-08-01 09:00:00+00:00,14.823508273809523,Moderate
aq_g5_75,Faculty of Engineering Technology and Applied Art,2026-08-01 10:00:00+00:00,11.924991924603166,Moderate
aq_g5_75,Faculty of Engineering Technology and Applied Art,2026-08-01 11:00:00+00:00,13.362935138888894,Moderate
aq_g5_75,Faculty of Engineering Technology and Applied Art,2026-08-01 12:00:00+00:00,15.00348494047618,Moderate
aq_g5_75,Faculty of Engineering Technology and Applied Art,2026-08-01 13:00:00+00:00,14.532498988095245,Moderate
aq_g5_75,Faculty of Engineering Technology and Applied Art,2026-08-01 14:00:00+00:00,14.828938749999999,Moderate
aq_g5_75,Faculty of Engineering Technology and Applied Art,2026-08-01 15:00:00+00:00,18.83030017857144,Moderate
aq_g5_75,Faculty of Engineering Technology and Applied Art,2026-08-01 16:00:00+00:00,26.94389714285714,Moderate
aq_g5_75,Faculty of Engineering Technology and Applied Art,2026-08-01 17:00:00+00:00,44.29083017857143,Unhealthy for Sensitive Groups
aq_g5_75,Faculty of Engineering Technology and Applied Art,2026-08-01 18:00:00+00:00,65.33625511904762,Unhealthy
aq_g5_75,Faculty of Engineering Technology and Applied Art,2026-08-01 19:00:00+00:00,68.76482714285714,Unhealthy
aq_g5_75,Faculty of Engineering Technology and Applied Art,2026-08-01 20:00:00+00:00,54.96192067460318,Unhealthy for Sensitive Groups
aq_g5_75,Faculty of Engineering Technology and Applied Art,2026-08-01 21:00:00+00:00,41.441719007936506,Unhealthy for Sensitive Groups
aq_g5_75,Faculty of Engineering Technology and Applied Art,2026-08-01 22:00:00+00:00,46.792430238095235,Unhealthy for Sensitive Groups
aq_g5_75,Faculty of Engineering Technology and Applied Art,2026-08-01 23:00:00+00:00,46.804562936507935,Unhealthy for Sensitive Groups
aq_g5_79,Lapeta Health Centre 3,2026-08-01 00:00:00+00:00,9.245834563492057,Moderate
aq_g5_79,Lapeta Health Centre 3,2026-08-01 01:00:00+00:00,11.404632837301584,Moderate
aq_g5_79,Lapeta Health Centre 3,2026-08-01 02:00:00+00:00,11.799504424603182,Moderate
aq_g5_79,Lapeta Health Centre 3,2026-08-01 03:00:00+00:00,12.736983988095247,Moderate
aq_g5_79,Lapeta Health Centre 3,2026-08-01 04:00:00+00:00,21.01734689935065,Moderate
aq_g5_79,Lapeta Health Centre 3,2026-08-01 05:00:00+00:00,9.530353333333341,Moderate
aq_g5_79,Lapeta Health Centre 3,2026-08-01 06:00:00+00:00,10.450249404761887,Moderate
aq_g5_79,Lapeta Health Centre 3,2026-08-01 07:00:00+00:00,11.088347142857128,Moderate
aq_g5_79,Lapeta Health Centre 3,2026-08-01 08:00:00+00:00,10.55137083333334,Moderate
aq_g5_79,Lapeta Health Centre 3,2026-08-01 09:00:00+00:00,10.257702380952399,Moderate
aq_g5_79,Lapeta Health Centre 3,2026-08-01 10:00:00+00:00,11.789404291125535,Moderate
aq_g5_79,Lapeta Health Centre 3,2026-08-01 11:00:00+00:00,10.989782301587315,Moderate
aq_g5_79,Lapeta Health Centre 3,2026-08-01 12:00:00+00:00,11.00206442460319,Moderate
aq_g5_79,Lapeta Health Centre 3,2026-08-01 13:00:00+00:00,11.729485773809511,Moderate
aq_g5_79,Lapeta Health Centre 3,2026-08-01 14:00:00+00:00,11.998853869047615,Moderate
aq_g5_79,Lapeta Health Centre 3,2026-08-01 15:00:00+00:00,13.298529761904756,Moderate
aq_g5_79,Lapeta Health Centre 3,2026-08-01 16:00:00+00:00,16.41734529761904,Moderate
aq_g5_79,Lapeta Health Centre 3,2026-08-01 17:00:00+00:00,18.051663710317477,Moderate
aq_g5_79,Lapeta Health Centre 3,2026-08-01 18:00:00+00:00,15.70253914682538,Moderate
aq_g5_79,Lapeta Health Centre 3,2026-08-01 19:00:00+00:00,18.311263531746043,Moderate
aq_g5_79,Lapeta Health Centre 3,2026-08-01 20:00:00+00:00,13.684520416666661,Moderate
aq_g5_79,Lapeta Health Centre 3,2026-08-01 21:00:00+00:00,13.96135297619048,Moderate
aq_g5_79,Lapeta Health Centre 3,2026-08-01 22:00:00+00:00,11.369122500000021,Moderate
aq_g5_79,Lapeta Health Centre 3,2026-08-01 23:00:00+00:00,10.572755873015872,Moderate
aq_g5_86,Makerere Main Gate Area.,2026-08-01 00:00:00+00:00,35.62811648809524,Unhealthy for Sensitive Groups
aq_g5_86,Makerere Main Gate Area.,2026-08-01 01:00:00+00:00,36.510747480158734,Unhealthy for Sensitive Groups
aq_g5_86,Makerere Main Gate Area.,2026-08-01 02:00:00+00:00,36.40215373015873,Unhealthy for Sensitive Groups
aq_g5_86,Makerere Main Gate Area.,2026-08-01 03:00:00+00:00,44.637189325396825,Unhealthy for Sensitive Groups
aq_g5_86,Makerere Main Gate Area.,2026-08-01 04:00:00+00:00,14.135182678571422,Moderate
aq_g5_86,Makerere Main Gate Area.,2026-08-01 05:00:00+00:00,39.97965819444445,Unhealthy for Sensitive Groups
aq_g5_86,Makerere Main Gate Area.,2026-08-01 06:00:00+00:00,44.2977447420635,Unhealthy for Sensitive Groups
aq_g5_86,Makerere Main Gate Area.,2026-08-01 07:00:00+00:00,31.2138253968254,Moderate
aq_g5_86,Makerere Main Gate Area.,2026-08-01 08:00:00+00:00,33.04331191558442,Moderate
aq_g5_86,Makerere Main Gate Area.,2026-08-01 09:00:00+00:00,29.655877738095235,Moderate
aq_g5_86,Makerere Main Gate Area.,2026-08-01 10:00:00+00:00,17.40932940476191,Moderate
aq_g5_86,Makerere Main Gate Area.,2026-08-01 11:00:00+00:00,18.767629345238102,Moderate
aq_g5_86,Makerere Main Gate Area.,2026-08-01 12:00:00+00:00,18.76530220238096,Moderate
aq_g5_86,Makerere Main Gate Area.,2026-08-01 13:00:00+00:00,17.30207369047619,Moderate
aq_g5_86,Makerere Main Gate Area.,2026-08-01 14:00:00+00:00,18.472321369047613,Moderate
aq_g5_86,Makerere Main Gate Area.,2026-08-01 15:00:00+00:00,20.51732053571429,Moderate
aq_g5_86,Makerere Main Gate Area.,2026-08-01 16:00:00+00:00,35.936585575396826,Unhealthy for Sensitive Groups
aq_g5_86,Makerere Main Gate Area.,2026-08-01 17:00:00+00:00,36.41270994047619,Unhealthy for Sensitive Groups
aq_g5_86,Makerere Main Gate Area.,2026-08-01 18:00:00+00:00,37.22019634920635,Unhealthy for Sensitive Groups
aq_g5_86,Makerere Main Gate Area.,2026-08-01 19:00:00+00:00,34.890719503968256,Moderate
aq_g5_86,Makerere Main Gate Area.,2026-08-01 20:00:00+00:00,24.982754404761906,Moderate
aq_g5_86,Makerere Main Gate Area.,2026-08-01 21:00:00+00:00,27.880630714285715,Moderate
aq_g5_86,Makerere Main Gate Area.,2026-08-01 22:00:00+00:00,29.321011150793648,Moderate
aq_g5_86,Makerere Main Gate Area.,2026-08-01 23:00:00+00:00,32.807351884920635,Moderate
aq_g5_93,Gulu university,2026-08-01 00:00:00+00:00,12.35546186507937,Moderate
aq_g5_93,Gulu university,2026-08-01 01:00:00+00:00,12.229587361111122,Moderate
aq_g5_93,Gulu university,2026-08-01 02:00:00+00:00,12.384609067460335,Moderate
aq_g5_93,Gulu university,2026-08-01 03:00:00+00:00,11.841842202380935,Moderate
aq_g5_93,Gulu university,2026-08-01 04:00:00+00:00,12.20990964285713,Moderate
aq_g5_93,Gulu university,2026-08-01 05:00:00+00:00,13.145885178571437,Moderate
aq_g5_93,Gulu university,2026-08-01 06:00:00+00:00,11.037157400793664,Moderate
aq_g5_93,Gulu university,2026-08-01 07:00:00+00:00,11.22801035714286,Moderate
aq_g5_93,Gulu university,2026-08-01 08:00:00+00:00,11.06527946428572,Moderate
aq_g5_93,Gulu university,2026-08-01 09:00:00+00:00,12.650994841269835,Moderate
aq_g5_93,Gulu university,2026-08-01 10:00:00+00:00,11.445041666666675,Moderate
aq_g5_93,Gulu university,2026-08-01 11:00:00+00:00,13.480875438311667,Moderate
aq_g5_93,Gulu university,2026-08-01 12:00:00+00:00,11.328248988095229,Moderate
aq_g5_93,Gulu university,2026-08-01 13:00:00+00:00,10.645683234126995,Moderate
aq_g5_93,Gulu university,2026-08-01 14:00:00+00:00,11.192255317460326,Moderate
aq_g5_93,Gulu university,2026-08-01 15:00:00+00:00,11.205405416666668,Moderate
aq_g5_93,Gulu university,2026-08-01 16:00:00+00:00,11.163270753968263,Moderate
aq_g5_93,Gulu university,2026-08-01 17:00:00+00:00,13.117379285714282,Moderate
aq_g5_93,Gulu university,2026-08-01 18:00:00+00:00,13.018075119047634,Moderate
aq_g5_93,Gulu university,2026-08-01 19:00:00+00:00,14.38283222222222,Moderate
aq_g5_93,Gulu university,2026-08-01 20:00:00+00:00,14.890103988095241,Moderate
aq_g5_93,Gulu university,2026-08-01 21:00:00+00:00,12.7950949891775,Moderate
aq_g5_93,Gulu university,2026-08-01 22:00:00+00:00,12.336926329365099,Moderate
aq_g5_93,Gulu university,2026-08-01 23:00:00+00:00,12.339728115079389,Moderate
aq_g5_97,"Mbuya II, Nakawa",2026-08-01 00:00:00+00:00,12.091316904761914,Moderate
aq_g5_97,"Mbuya II, Nakawa",2026-08-01 01:00:00+00:00,12.83410565476191,Moderate
aq_g5_97,"Mbuya II, Nakawa",2026-08-01 02:00:00+00:00,12.240958670634917,Moderate
aq_g5_97,"Mbuya II, Nakawa",2026-08-01 03:00:00+00:00,22.500684960317464,Moderate
aq_g5_97,"Mbuya II, Nakawa",2026-08-01 04:00:00+00:00,32.550117956349204,Moderate
aq_g5_97,"Mbuya II, Nakawa",2026-08-01 05:00:00+00:00,33.30590958333333,Moderate
aq_g5_97,"Mbuya II, Nakawa",2026-08-01 06:00:00+00:00,21.22006541666667,Moderate
aq_g5_97,"Mbuya II, Nakawa",2026-08-01 07:00:00+00:00,13.409108591269842,Moderate
aq_g5_97,"Mbuya II, Nakawa",2026-08-01 08:00:00+00:00,11.112996468253993,Moderate
aq_g5_97,"Mbuya II, Nakawa",2026-08-01 09:00:00+00:00,8.44047285714284,Good
aq_g5_97,"Mbuya II, Nakawa",2026-08-01 10:00:00+00:00,8.161172341269836,Good
aq_g5_97,"Mbuya II, Nakawa",2026-08-01 11:00:00+00:00,11.517532678571431,Moderate
aq_g5_97,"Mbuya II, Nakawa",2026-08-01 12:00:00+00:00,14.688562658730167,Moderate
aq_g5_97,"Mbuya II, Nakawa",2026-08-01 13:00:00+00:00,12.571485674603178,Moderate
aq_g5_97,"Mbuya II, Nakawa",2026-08-01 14:00:00+00:00,10.181963849206337,Moderate
aq_g5_97,"Mbuya II, Nakawa",2026-08-01 15:00:00+00:00,12.631741111111122,Moderate
aq_g5_97,"Mbuya II, Nakawa",2026-08-01 16:00:00+00:00,24.755076289682542,Moderate
aq_g5_97,"Mbuya II, Nakawa",2026-08-01 17:00:00+00:00,33.08165928571429,Moderate
aq_g5_97,"Mbuya II, Nakawa",2026-08-01 18:00:00+00:00,44.39459315476191,Unhealthy for Sensitive Groups
aq_g5_97,"Mbuya II, Nakawa",2026-08-01 19:00:00+00:00,42.512007499999996,Unhealthy for Sensitive Groups
aq_g5_97,"Mbuya II, Nakawa",2026-08-01 20:00:00+00:00,43.23205492063492,Unhealthy for Sensitive Groups
aq_g5_97,"Mbuya II, Nakawa",2026-08-01 21:00:00+00:00,43.61343281746032,Unhealthy for Sensitive Groups
aq_g5_97,"Mbuya II, Nakawa",2026-08-01 22:00:00+00:00,13.024971369047627,Moderate
aq_g5_97,"Mbuya II, Nakawa",2026-08-01 23:00:00+00:00,11.6151799404762,Moderate
